X-Position (mm)	Y-Position (mm)	Z-Position (mm)	Verschiebungskomponente (mm)
-22,5	100,	-520,	-1,9264e-003
-22,5	100,	0,	-1,7473e-003
-22,5	99,998	-5,	-1,68e-003
-22,5	99,997	-10,	-1,6145e-003
-22,5	99,995	-15,	-1,5513e-003
-22,5	99,994	-20,	-1,49e-003
-22,5	99,992	-25,	-1,4302e-003
-22,5	99,991	-30,	-1,3716e-003
-22,5	99,989	-35,	-1,314e-003
-22,5	99,988	-40,	-1,2572e-003
-22,5	99,986	-45,	-1,2012e-003
-22,5	99,985	-50,	-1,146e-003
-22,5	99,984	-55,	-1,0916e-003
-22,5	99,982	-60,	-1,038e-003
-22,5	99,981	-65,	-9,8522e-004
-22,5	99,98	-70,	-9,333e-004
22,5	100,	0,	-1,5353e-003
-2,2142e-002	99,135	-260,22	3,9727e-004
-21,933	99,957	-260,22	1,2313e-004
-4,4082	99,169	-260,22	3,6565e-004
-8,7933	99,267	-260,22	3,1545e-004
-13,176	99,432	-260,22	2,5466e-004
-17,557	99,662	-260,22	1,895e-004
-2,2142e-002	99,135	-520,	-1,7681e-003
-2,2142e-002	99,135	-515,	-1,6873e-003
-2,2142e-002	99,135	-510,01	-1,6125e-003
-2,2142e-002	99,135	-505,01	-1,5413e-003
-2,2142e-002	99,135	-500,02	-1,4724e-003
-2,2142e-002	99,135	-495,02	-1,4054e-003
-2,2142e-002	99,135	-490,03	-1,3399e-003
-2,2142e-002	99,135	-485,03	-1,2757e-003
-2,2142e-002	99,135	-480,03	-1,2125e-003
-2,2142e-002	99,135	-475,04	-1,1502e-003
-2,2142e-002	99,135	-470,04	-1,0887e-003
-2,2142e-002	99,135	-465,05	-1,028e-003
-2,2142e-002	99,135	-460,05	-9,681e-004
-2,2142e-002	99,135	-455,05	-9,0903e-004
-2,2142e-002	99,135	-450,06	-8,5073e-004
-2,2142e-002	99,135	-445,06	-7,9333e-004
-2,2142e-002	99,135	-440,07	-7,3691e-004
-2,2142e-002	99,135	-435,07	-6,8148e-004
-2,2142e-002	99,135	-430,08	-6,2713e-004
-2,2142e-002	99,135	-425,08	-5,7385e-004
-2,2142e-002	99,135	-420,08	-5,2166e-004
-2,2142e-002	99,135	-415,09	-4,7054e-004
-2,2142e-002	99,135	-410,09	-4,2055e-004
-2,2142e-002	99,135	-405,1	-3,7162e-004
-2,2142e-002	99,135	-400,1	-3,2392e-004
-2,2142e-002	99,135	-395,1	-2,7737e-004
-2,2142e-002	99,135	-390,11	-2,3217e-004
-2,2142e-002	99,135	-385,11	-1,881e-004
-2,2142e-002	99,135	-380,12	-1,4554e-004
-2,2142e-002	99,135	-375,12	-1,0437e-004
-2,2142e-002	99,135	-370,13	-6,4659e-005
-2,2142e-002	99,135	-365,13	-2,6464e-005
-2,2142e-002	99,135	-360,13	1,0224e-005
-2,2142e-002	99,135	-355,14	4,5425e-005
-2,2142e-002	99,135	-350,14	7,9095e-005
-2,2142e-002	99,135	-345,15	1,1133e-004
-2,2142e-002	99,135	-340,15	1,4195e-004
-2,2142e-002	99,135	-335,15	1,7097e-004
-2,2142e-002	99,135	-330,16	1,9843e-004
-2,2142e-002	99,135	-325,16	2,2422e-004
-2,2142e-002	99,135	-320,17	2,4825e-004
-2,2142e-002	99,135	-315,17	2,7028e-004
-2,2142e-002	99,135	-310,18	2,9077e-004
-2,2142e-002	99,135	-305,18	3,093e-004
-2,2142e-002	99,135	-300,18	3,261e-004
-2,2142e-002	99,135	-295,19	3,4113e-004
-2,2142e-002	99,135	-290,19	3,544e-004
-2,2142e-002	99,135	-285,2	3,6594e-004
-2,2142e-002	99,135	-280,2	3,7564e-004
-2,2142e-002	99,135	-275,2	3,8367e-004
-2,2142e-002	99,135	-270,21	3,9012e-004
-2,2142e-002	99,135	-265,21	3,9471e-004
-18,011	99,689	-520,	-1,889e-003
-13,517	99,447	-520,	-1,8537e-003
-9,0207	99,274	-520,	-1,8211e-003
-4,522	99,17	-520,	-1,7921e-003
-21,933	99,957	-265,21	1,2051e-004
-21,934	99,957	-270,21	1,163e-004
-21,935	99,957	-275,2	1,1032e-004
-21,936	99,957	-280,2	1,0256e-004
-21,938	99,957	-285,2	9,3149e-005
-21,941	99,957	-290,19	8,2083e-005
-21,944	99,958	-295,19	6,9298e-005
-21,947	99,958	-300,18	5,4912e-005
-21,951	99,958	-305,18	3,886e-005
-21,955	99,959	-310,18	2,1113e-005
-21,959	99,959	-315,17	1,6944e-006
-21,964	99,959	-320,17	-1,9286e-005
-21,97	99,96	-325,16	-4,1867e-005
-21,975	99,96	-330,16	-6,6086e-005
-21,982	99,961	-335,15	-9,1911e-005
-21,988	99,961	-340,15	-1,1931e-004
-21,995	99,962	-345,15	-1,4821e-004
-22,003	99,962	-350,14	-1,7862e-004
-22,011	99,963	-355,14	-2,1051e-004
-22,019	99,963	-360,13	-2,4389e-004
-22,028	99,964	-365,13	-2,7871e-004
-22,037	99,965	-370,13	-3,1495e-004
-22,047	99,965	-375,12	-3,5255e-004
-22,057	99,966	-380,12	-3,9149e-004
-22,067	99,967	-385,11	-4,3175e-004
-22,078	99,968	-390,11	-4,7335e-004
-22,089	99,969	-395,1	-5,1622e-004
-22,1	99,97	-400,1	-5,6033e-004
-22,112	99,97	-405,1	-6,0565e-004
-22,125	99,971	-410,09	-6,5212e-004
-22,138	99,972	-415,09	-6,9971e-004
-22,151	99,973	-420,08	-7,4842e-004
-22,165	99,974	-425,08	-7,9821e-004
-22,179	99,975	-430,08	-8,4901e-004
-22,193	99,977	-435,07	-9,0078e-004
-22,208	99,978	-440,07	-9,535e-004
-22,223	99,979	-445,06	-1,0072e-003
-22,239	99,98	-450,06	-1,0619e-003
-22,255	99,981	-455,05	-1,1175e-003
-22,271	99,982	-460,05	-1,1739e-003
-22,288	99,984	-465,05	-1,2311e-003
-22,305	99,985	-470,04	-1,2891e-003
-22,323	99,986	-475,04	-1,3479e-003
-22,341	99,988	-480,03	-1,4075e-003
-22,36	99,989	-485,03	-1,4679e-003
-22,378	99,991	-490,03	-1,5292e-003
-22,398	99,992	-495,02	-1,5913e-003
-22,417	99,994	-500,02	-1,6548e-003
-22,437	99,995	-505,01	-1,7197e-003
-22,458	99,997	-510,01	-1,7865e-003
-22,479	99,998	-515,	-1,8556e-003
21,933	99,957	-260,22	3,2961e-004
17,548	99,661	-260,22	3,547e-004
13,159	99,431	-260,22	3,7854e-004
8,7667	99,267	-260,22	3,9812e-004
4,3728	99,168	-260,22	4,0694e-004
22,5	100,	-520,	-1,7144e-003
22,223	99,979	-445,06	-7,979e-004
22,208	99,978	-440,07	-7,4436e-004
22,193	99,977	-435,07	-6,9176e-004
22,179	99,975	-430,08	-6,4013e-004
22,165	99,974	-425,08	-5,8948e-004
22,151	99,973	-420,08	-5,3981e-004
22,138	99,972	-415,09	-4,9125e-004
22,125	99,971	-410,09	-4,4377e-004
22,112	99,97	-405,1	-3,9742e-004
22,1	99,97	-400,1	-3,5222e-004
22,089	99,969	-395,1	-3,0822e-004
22,078	99,968	-390,11	-2,6545e-004
22,067	99,967	-385,11	-2,2395e-004
22,057	99,966	-380,12	-1,838e-004
22,047	99,965	-375,12	-1,4496e-004
22,037	99,965	-370,13	-1,0742e-004
22,028	99,964	-365,13	-7,1262e-005
22,019	99,963	-360,13	-3,65e-005
22,011	99,963	-355,14	-3,2157e-006
22,003	99,962	-350,14	2,8592e-005
21,995	99,962	-345,15	5,8922e-005
21,988	99,961	-340,15	8,7776e-005
21,982	99,961	-335,15	1,1511e-004
21,975	99,96	-330,16	1,4087e-004
21,97	99,96	-325,16	1,6501e-004
21,964	99,959	-320,17	1,8752e-004
21,959	99,959	-315,17	2,0845e-004
21,955	99,959	-310,18	2,2779e-004
21,951	99,958	-305,18	2,455e-004
21,947	99,958	-300,18	2,6151e-004
21,944	99,958	-295,19	2,7587e-004
21,941	99,957	-290,19	2,8857e-004
21,938	99,957	-285,2	2,9964e-004
21,936	99,957	-280,2	3,0899e-004
21,935	99,957	-275,2	3,167e-004
21,934	99,957	-270,21	3,2269e-004
21,933	99,957	-265,21	3,2695e-004
4,4865	99,17	-520,	-1,7496e-003
8,9942	99,273	-520,	-1,7362e-003
13,5	99,446	-520,	-1,7264e-003
18,002	99,689	-520,	-1,7193e-003
-22,227	99,979	-73,646	-8,9293e-004
-22,212	99,978	-78,556	-8,4329e-004
-22,197	99,977	-83,466	-7,9458e-004
-22,183	99,976	-88,375	-7,4681e-004
-22,169	99,975	-93,285	-6,9995e-004
-22,156	99,974	-98,195	-6,5409e-004
-22,142	99,973	-103,1	-6,0923e-004
-22,13	99,972	-108,01	-5,6542e-004
-22,117	99,971	-112,92	-5,2271e-004
-22,105	99,97	-117,83	-4,811e-004
-22,094	99,969	-122,74	-4,4063e-004
-22,083	99,968	-127,65	-4,0132e-004
-22,072	99,967	-132,56	-3,6326e-004
-22,061	99,967	-137,47	-3,2645e-004
-22,051	99,966	-142,38	-2,9095e-004
-22,042	99,965	-147,29	-2,5672e-004
-22,033	99,964	-152,2	-2,2377e-004
-22,024	99,964	-157,11	-1,9218e-004
-22,015	99,963	-162,02	-1,6198e-004
-22,007	99,963	-166,93	-1,3319e-004
-22,	99,962	-171,84	-1,0583e-004
-21,993	99,961	-176,75	-7,9898e-005
-21,986	99,961	-181,66	-5,5429e-005
-21,979	99,96	-186,57	-3,2461e-005
-21,973	99,96	-191,48	-1,1017e-005
-21,968	99,96	-196,39	8,8732e-006
-21,963	99,959	-201,3	2,7217e-005
-21,958	99,959	-206,21	4,4023e-005
-21,954	99,958	-211,12	5,9284e-005
-21,95	99,958	-216,03	7,2924e-005
-21,946	99,958	-220,94	8,4938e-005
-21,943	99,958	-225,85	9,5335e-005
-21,94	99,957	-230,76	1,0415e-004
-21,938	99,957	-235,67	1,114e-004
-21,936	99,957	-240,58	1,1702e-004
-21,935	99,957	-245,49	1,2102e-004
-21,934	99,957	-250,4	1,2336e-004
-21,933	99,957	-255,31	1,2402e-004
-2,2142e-002	99,135	0,	-1,589e-003
-18,011	99,689	0,	-1,7099e-003
-13,517	99,447	0,	-1,6746e-003
-9,0207	99,274	0,	-1,642e-003
-4,522	99,17	0,	-1,6131e-003
-2,2142e-002	99,135	-255,31	3,9819e-004
-2,2142e-002	99,135	-250,4	3,9728e-004
-2,2142e-002	99,135	-245,49	3,9456e-004
-2,2142e-002	99,135	-240,58	3,9016e-004
-2,2142e-002	99,135	-235,67	3,8425e-004
-2,2142e-002	99,135	-230,76	3,7652e-004
-2,2142e-002	99,135	-225,85	3,6721e-004
-2,2142e-002	99,135	-220,94	3,5616e-004
-2,2142e-002	99,135	-216,03	3,4344e-004
-2,2142e-002	99,135	-211,12	3,2907e-004
-2,2142e-002	99,135	-206,21	3,1275e-004
-2,2142e-002	99,135	-201,3	2,9495e-004
-2,2142e-002	99,135	-196,39	2,7526e-004
-2,2142e-002	99,135	-191,48	2,5387e-004
-2,2142e-002	99,135	-186,57	2,3093e-004
-2,2142e-002	99,135	-181,66	2,063e-004
-2,2142e-002	99,135	-176,75	1,8022e-004
-2,2142e-002	99,135	-171,84	1,5261e-004
-2,2142e-002	99,135	-166,93	1,2345e-004
-2,2142e-002	99,135	-162,02	9,2943e-005
-2,2142e-002	99,135	-157,11	6,0839e-005
-2,2142e-002	99,135	-152,2	2,7465e-005
-2,2142e-002	99,135	-147,29	-7,3579e-006
-2,2142e-002	99,135	-142,38	-4,3818e-005
-2,2142e-002	99,135	-137,47	-8,1612e-005
-2,2142e-002	99,135	-132,56	-1,2072e-004
-2,2142e-002	99,135	-127,65	-1,612e-004
-2,2142e-002	99,135	-122,74	-2,0284e-004
-2,2142e-002	99,135	-117,83	-2,4568e-004
-2,2142e-002	99,135	-112,92	-2,8969e-004
-2,2142e-002	99,135	-108,01	-3,3471e-004
-2,2142e-002	99,135	-103,1	-3,8097e-004
-2,2142e-002	99,135	-98,195	-4,2818e-004
-2,2142e-002	99,135	-93,285	-4,7644e-004
-2,2142e-002	99,135	-88,376	-5,2577e-004
-2,2142e-002	99,135	-83,466	-5,7614e-004
-2,2142e-002	99,135	-78,556	-6,2745e-004
-2,2142e-002	99,135	-73,646	-6,7985e-004
-2,2142e-002	99,135	-68,737	-7,3301e-004
-2,2142e-002	99,135	-63,827	-7,8712e-004
-2,2142e-002	99,135	-58,917	-8,4199e-004
-2,2142e-002	99,135	-54,007	-8,9762e-004
-2,2142e-002	99,135	-49,098	-9,5405e-004
-2,2142e-002	99,135	-44,188	-1,0113e-003
-2,2142e-002	99,135	-39,278	-1,0693e-003
-2,2142e-002	99,135	-34,368	-1,1281e-003
-2,2142e-002	99,135	-29,459	-1,188e-003
-2,2142e-002	99,135	-24,549	-1,2491e-003
-2,2142e-002	99,135	-19,639	-1,3117e-003
-2,2142e-002	99,135	-14,729	-1,3761e-003
-2,2142e-002	99,135	-9,8195	-1,4427e-003
-2,2142e-002	99,135	-4,9098	-1,513e-003
4,4865	99,17	0,	-1,5706e-003
8,9942	99,273	0,	-1,5571e-003
13,5	99,446	0,	-1,5472e-003
18,002	99,689	0,	-1,5402e-003
22,5	99,98	-451,32	-8,6673e-004
22,5	99,981	-456,23	-9,2126e-004
22,5	99,983	-461,13	-9,7661e-004
22,5	99,984	-466,04	-1,0327e-003
22,5	99,985	-470,94	-1,0896e-003
22,5	99,987	-475,85	-1,1473e-003
22,5	99,988	-480,75	-1,2057e-003
22,5	99,989	-485,66	-1,2649e-003
22,5	99,991	-490,57	-1,325e-003
22,5	99,992	-495,47	-1,386e-003
22,5	99,994	-500,38	-1,4481e-003
22,5	99,995	-505,28	-1,5118e-003
22,5	99,997	-510,19	-1,5773e-003
22,5	99,998	-515,09	-1,645e-003
21,933	99,957	-255,31	3,3055e-004
21,934	99,957	-250,4	3,2991e-004
21,935	99,957	-245,49	3,2757e-004
21,936	99,957	-240,58	3,2358e-004
21,938	99,957	-235,67	3,1796e-004
21,94	99,957	-230,76	3,1074e-004
21,943	99,958	-225,85	3,0194e-004
21,946	99,958	-220,94	2,9152e-004
21,95	99,958	-216,03	2,7952e-004
21,954	99,958	-211,12	2,659e-004
21,958	99,959	-206,21	2,5069e-004
21,963	99,959	-201,3	2,3394e-004
21,968	99,96	-196,39	2,1566e-004
21,973	99,96	-191,48	1,9585e-004
21,979	99,96	-186,57	1,7447e-004
21,986	99,961	-181,66	1,5158e-004
21,993	99,961	-176,75	1,2719e-004
22,	99,962	-171,84	1,0134e-004
22,007	99,963	-166,93	7,4044e-005
22,015	99,963	-162,02	4,5347e-005
22,024	99,964	-157,11	1,5242e-005
22,033	99,964	-152,2	-1,628e-005
22,042	99,965	-147,29	-4,9143e-005
22,051	99,966	-142,38	-8,3301e-005
22,061	99,967	-137,47	-1,1873e-004
22,072	99,967	-132,56	-1,554e-004
22,083	99,968	-127,65	-1,9337e-004
22,094	99,969	-122,74	-2,3257e-004
22,105	99,97	-117,83	-2,7293e-004
22,117	99,971	-112,92	-3,1445e-004
22,13	99,972	-108,01	-3,5704e-004
22,142	99,973	-103,1	-4,007e-004
22,156	99,974	-98,195	-4,4543e-004
22,169	99,975	-93,285	-4,9121e-004
22,183	99,976	-88,375	-5,3794e-004
22,197	99,977	-83,466	-5,8556e-004
22,212	99,978	-78,556	-6,3411e-004
22,227	99,979	-73,646	-6,8361e-004
22,243	99,98	-68,736	-7,3408e-004
22,258	99,982	-63,827	-7,8533e-004
22,275	99,983	-58,917	-8,3738e-004
22,291	99,984	-54,007	-8,9022e-004
22,308	99,985	-49,097	-9,4385e-004
22,326	99,987	-44,188	-9,9821e-004
22,344	99,988	-39,278	-1,0533e-003
22,362	99,989	-34,368	-1,1092e-003
22,38	99,991	-29,458	-1,1659e-003
22,399	99,992	-24,549	-1,2236e-003
22,419	99,994	-19,639	-1,2824e-003
22,438	99,995	-14,729	-1,3427e-003
22,459	99,997	-9,8195	-1,405e-003
22,479	99,998	-4,9097	-1,4692e-003
22,5	99,988	-480,03	-1,1971e-003
22,5	99,986	-475,04	-1,1377e-003
22,5	99,985	-470,04	-1,0791e-003
22,5	99,984	-465,05	-1,0213e-003
22,5	99,982	-460,05	-9,6435e-004
22,5	99,981	-455,05	-9,0817e-004
22,5	99,98	-450,06	-8,5284e-004
22,227	99,979	-446,42	-8,1256e-004
22,341	99,988	-39,999	-1,0452e-003
22,323	99,986	-44,999	-9,8916e-004
22,305	99,985	-49,999	-9,3394e-004
22,288	99,984	-54,999	-8,7947e-004
22,271	99,982	-59,999	-8,2583e-004
22,255	99,981	-64,999	-7,7304e-004
22,239	99,98	-69,999	-7,2104e-004
22,223	99,979	-74,999	-6,6989e-004
22,208	99,978	-79,999	-6,1975e-004
22,193	99,977	-85,017	-5,7042e-004
22,178	99,975	-90,015	-5,2224e-004
22,164	99,974	-94,999	-4,7513e-004
22,151	99,973	-99,999	-4,2887e-004
22,137	99,972	-105,	-3,8371e-004
22,125	99,971	-110,	-3,3967e-004
22,112	99,97	-115,	-2,9674e-004
22,1	99,969	-120,	-2,5499e-004
22,089	99,969	-125,	-2,1442e-004
22,077	99,968	-130,	-1,7508e-004
22,067	99,967	-135,	-1,3704e-004
22,056	99,966	-140,	-1,0033e-004
22,046	99,965	-145,	-6,4923e-005
22,037	99,965	-150,	-3,0846e-005
22,028	99,964	-155,	1,8556e-006
22,019	99,963	-160,	3,3131e-005
22,011	99,963	-165,	6,2931e-005
22,003	99,962	-170,	9,1261e-005
21,995	99,962	-175,	1,1813e-004
21,988	99,961	-180,	1,4348e-004
21,981	99,961	-185,	1,6731e-004
21,975	99,96	-190,	1,8957e-004
21,969	99,96	-195,	2,1021e-004
21,964	99,959	-200,	2,2923e-004
21,959	99,959	-205,	2,467e-004
21,954	99,959	-210,	2,6256e-004
21,95	99,958	-215,	2,7679e-004
21,947	99,958	-220,	2,8934e-004
21,943	99,958	-225,	3,0023e-004
21,941	99,957	-230,	3,0948e-004
21,938	99,957	-235,	3,1707e-004
21,938	99,957	-284,53	3,0099e-004
21,94	99,957	-289,43	2,9035e-004
21,943	99,958	-294,34	2,7815e-004
21,946	99,958	-299,25	2,6435e-004
21,95	99,958	-304,15	2,4894e-004
21,954	99,958	-309,06	2,319e-004
21,958	99,959	-313,96	2,1326e-004
21,963	99,959	-318,87	1,9312e-004
21,968	99,96	-323,77	1,7144e-004
21,974	99,96	-328,68	1,482e-004
21,98	99,96	-333,59	1,2338e-004
21,986	99,961	-338,49	9,7036e-005
21,993	99,961	-343,38	6,9294e-005
22,	99,962	-348,28	4,006e-005
22,008	99,963	-353,21	9,2329e-006
22,016	99,963	-358,11	-2,2877e-005
22,024	99,964	-363,02	-5,6418e-005
22,033	99,964	-367,93	-9,1327e-005
22,042	99,965	-372,83	-1,2759e-004
22,052	99,966	-377,74	-1,6514e-004
22,062	99,967	-382,64	-2,0392e-004
22,072	99,967	-387,55	-2,4401e-004
22,083	99,968	-392,45	-2,8537e-004
22,094	99,969	-397,36	-3,2792e-004
22,106	99,97	-402,27	-3,7166e-004
22,118	99,971	-407,17	-4,1651e-004
22,13	99,972	-412,08	-4,625e-004
22,143	99,973	-416,98	-5,0954e-004
22,156	99,974	-421,89	-5,5763e-004
22,169	99,975	-426,79	-6,0674e-004
22,183	99,976	-431,7	-6,5676e-004
22,197	99,977	-436,58	-7,0755e-004
22,212	99,978	-441,51	-7,5972e-004
-22,344	99,988	-480,76	-1,4162e-003
-22,326	99,987	-475,85	-1,3575e-003
-22,309	99,985	-470,94	-1,2997e-003
-22,291	99,984	-466,04	-1,2425e-003
-22,275	99,983	-461,13	-1,1862e-003
-22,259	99,982	-456,23	-1,1306e-003
-22,243	99,98	-451,32	-1,0759e-003
-22,227	99,979	-446,42	-1,0219e-003
-22,5	99,988	-39,278	-1,2653e-003
-22,5	99,987	-44,188	-1,2102e-003
-22,5	99,985	-49,097	-1,1559e-003
-22,5	99,984	-54,007	-1,1023e-003
-22,5	99,983	-58,917	-1,0495e-003
-22,5	99,981	-63,827	-9,9753e-004
-22,5	99,98	-68,736	-9,4633e-004
-21,938	99,957	-235,	1,105e-004
-21,941	99,957	-230,	1,029e-004
-21,943	99,958	-225,	9,3637e-005
-21,947	99,958	-220,	8,2755e-005
-21,95	99,958	-215,	7,0189e-005
-21,954	99,959	-210,	5,5941e-005
-21,959	99,959	-205,	4,0032e-005
-21,964	99,959	-200,	2,25e-005
-21,969	99,96	-195,	3,4212e-006
-21,975	99,96	-190,	-1,7316e-005
-21,981	99,961	-185,	-3,9649e-005
-21,988	99,961	-180,	-6,3537e-005
-21,995	99,962	-175,	-8,8966e-005
-22,003	99,962	-170,	-1,1592e-004
-22,011	99,963	-165,	-1,4434e-004
-22,019	99,963	-160,	-1,7423e-004
-22,028	99,964	-155,	-2,056e-004
-22,037	99,965	-150,	-2,3839e-004
-22,046	99,965	-145,	-2,7254e-004
-22,056	99,966	-140,	-3,0802e-004
-22,067	99,967	-135,	-3,4483e-004
-22,077	99,968	-130,	-3,8298e-004
-22,089	99,969	-125,	-4,2243e-004
-22,1	99,969	-120,	-4,631e-004
-22,112	99,97	-115,	-5,0499e-004
-22,125	99,971	-110,	-5,4802e-004
-22,137	99,972	-105,	-5,922e-004
-22,151	99,973	-99,999	-6,3748e-004
-22,164	99,974	-94,999	-6,8381e-004
-22,178	99,975	-90,015	-7,3106e-004
-22,193	99,977	-85,017	-7,794e-004
-22,208	99,978	-79,999	-8,2887e-004
-22,223	99,979	-74,999	-8,7917e-004
-22,212	99,978	-441,51	-9,6892e-004
-22,197	99,977	-436,58	-9,1661e-004
-22,183	99,976	-431,7	-8,6568e-004
-22,169	99,975	-426,79	-8,1552e-004
-22,156	99,974	-421,89	-7,6628e-004
-22,143	99,973	-416,98	-7,1806e-004
-22,13	99,972	-412,08	-6,7088e-004
-22,118	99,971	-407,17	-6,2481e-004
-22,106	99,97	-402,27	-5,7983e-004
-22,094	99,969	-397,36	-5,3597e-004
-22,083	99,968	-392,45	-4,9332e-004
-22,072	99,967	-387,55	-4,5186e-004
-22,062	99,967	-382,64	-4,1167e-004
-22,052	99,966	-377,74	-3,7276e-004
-22,042	99,965	-372,83	-3,3514e-004
-22,033	99,964	-367,93	-2,9882e-004
-22,024	99,964	-363,02	-2,6383e-004
-22,016	99,963	-358,11	-2,3023e-004
-22,008	99,963	-353,21	-1,9803e-004
-22,	99,962	-348,28	-1,6712e-004
-21,993	99,961	-343,38	-1,3782e-004
-21,986	99,961	-338,49	-1,1004e-004
-21,98	99,96	-333,59	-8,3626e-005
-21,974	99,96	-328,68	-5,875e-005
-21,968	99,96	-323,77	-3,5432e-005
-21,963	99,959	-318,87	-1,3682e-005
-21,958	99,959	-313,96	6,5406e-006
-21,954	99,958	-309,06	2,5229e-005
-21,95	99,958	-304,15	4,2311e-005
-21,946	99,958	-299,25	5,7755e-005
-21,943	99,958	-294,34	7,1592e-005
-21,94	99,957	-289,43	8,386e-005
-21,938	99,957	-284,53	9,4513e-005
20,171	99,83	-235,08	3,2724e-004
20,464	99,85	-39,655	-1,0477e-003
20,506	99,853	-230,24	3,1799e-004
20,755	99,871	-44,428	-9,9415e-004
19,812	99,806	-225,5	3,132e-004
20,164	99,83	-49,176	-9,4075e-004
19,675	99,796	-220,72	3,0365e-004
20,107	99,826	-53,984	-8,8784e-004
19,52	99,786	-215,8	2,9228e-004
19,902	99,812	-59,056	-8,3263e-004
19,508	99,785	-210,37	2,7704e-004
19,555	99,788	-64,149	-7,7772e-004
19,808	99,805	-205,6	2,6032e-004
19,621	99,793	-68,789	-7,2904e-004
19,653	99,795	-200,65	2,4391e-004
19,49	99,784	-73,699	-6,7794e-004
19,498	99,784	-195,69	2,2589e-004
19,646	99,794	-79,27	-6,217e-004
19,343	99,774	-190,74	2,0626e-004
19,438	99,78	-84,233	-5,7185e-004
19,189	99,764	-185,78	1,85e-004
19,267	99,769	-89,187	-5,2311e-004
18,815	99,74	-181,38	1,6594e-004
19,122	99,76	-94,134	-4,7543e-004
18,883	99,744	-175,87	1,3773e-004
18,899	99,745	-99,426	-4,2528e-004
18,583	99,725	-170,2	1,0849e-004
18,798	99,739	-104,43	-3,7921e-004
18,482	99,718	-165,24	8,0555e-005
18,711	99,733	-109,4	-3,3451e-004
18,388	99,713	-160,27	5,1027e-005
18,627	99,728	-114,35	-2,9114e-004
18,298	99,707	-155,31	2,0049e-005
18,55	99,723	-119,28	-2,4908e-004
18,21	99,701	-150,35	-1,2355e-005
18,47	99,718	-124,21	-2,0811e-004
18,123	99,696	-145,4	-4,6132e-005
18,454	99,717	-129,27	-1,6758e-004
18,389	99,713	-139,81	-8,7187e-005
18,27	99,705	-134,39	-1,2725e-004
15,999	99,572	-255,62	3,6436e-004
12,065	99,384	-254,7	3,8496e-004
6,8137	99,215	-254,49	4,0468e-004
6,0119	99,197	-4,8153	-1,4929e-003
10,146	99,311	-5,5096	-1,4746e-003
15,518	99,546	-5,728	-1,4648e-003
17,556	99,662	-31,249	-1,1435e-003
17,573	99,662	-26,511	-1,1998e-003
17,406	99,652	-21,546	-1,2599e-003
17,406	99,653	-16,73	-1,3197e-003
5,467	99,186	-249,04	4,0556e-004
4,984	99,178	-243,47	4,024e-004
4,8687	99,176	-238,48	3,9743e-004
4,3697	99,168	-233,21	3,9039e-004
4,3697	99,168	-228,3	3,8177e-004
4,3697	99,168	-223,39	3,7164e-004
4,3697	99,168	-218,48	3,597e-004
4,3697	99,168	-213,57	3,4631e-004
4,3697	99,168	-208,66	3,3107e-004
4,3697	99,168	-203,76	3,1408e-004
4,3697	99,168	-198,85	2,9538e-004
4,3697	99,168	-193,94	2,7486e-004
4,3697	99,168	-189,03	2,5287e-004
4,3697	99,168	-184,12	2,2924e-004
4,3697	99,168	-179,21	2,0407e-004
4,3697	99,168	-174,3	1,7727e-004
4,3697	99,168	-169,39	1,4902e-004
4,3697	99,168	-164,48	1,1935e-004
4,3697	99,168	-159,57	8,8106e-005
4,3697	99,168	-154,66	5,5619e-005
4,3697	99,168	-149,75	2,1353e-005
4,3697	99,168	-144,84	-1,4068e-005
4,3697	99,168	-139,93	-5,0995e-005
4,3697	99,168	-135,02	-8,9251e-005
4,3697	99,168	-130,11	-1,2892e-004
4,3697	99,168	-125,2	-1,6968e-004
4,3697	99,168	-120,29	-2,1187e-004
4,3697	99,168	-115,38	-2,5526e-004
4,3697	99,168	-110,47	-2,9948e-004
4,3697	99,168	-105,56	-3,4495e-004
4,3697	99,168	-100,65	-3,9163e-004
4,3697	99,168	-95,74	-4,3914e-004
4,3697	99,168	-90,831	-4,8775e-004
4,3697	99,168	-85,921	-5,3744e-004
4,3697	99,168	-81,011	-5,8804e-004
4,3697	99,168	-76,101	-6,398e-004
4,3697	99,168	-71,192	-6,9232e-004
4,3697	99,168	-66,282	-7,4586e-004
4,3697	99,168	-61,372	-8,0022e-004
4,3697	99,168	-56,462	-8,5523e-004
4,7354	99,174	-51,186	-9,1467e-004
4,3697	99,168	-46,643	-9,6773e-004
4,7346	99,174	-42,065	-1,0205e-003
4,6441	99,172	-37,245	-1,0777e-003
4,3697	99,168	-31,913	-1,1426e-003
4,3697	99,168	-27,004	-1,2028e-003
4,5581	99,171	-22,692	-1,2564e-003
4,746	99,174	-18,024	-1,3157e-003
5,467	99,186	-13,372	-1,3753e-003
4,086	99,164	-8,5822	-1,4443e-003
18,054	99,692	-252,09	3,5254e-004
16,478	99,599	-247,66	3,5988e-004
17,079	99,633	-242,34	3,5271e-004
16,976	99,627	-11,154	-1,3913e-003
16,869	99,621	-35,833	-1,0897e-003
17,396	99,652	-238,2	3,4673e-004
15,163	99,528	-231,93	3,5024e-004
15,121	99,526	-40,433	-1,0356e-003
15,317	99,536	-222,59	3,3151e-004
15,005	99,52	-226,98	3,4228e-004
15,361	99,538	-45,772	-9,7472e-004
15,751	99,559	-50,645	-9,2019e-004
14,496	99,494	-217,48	3,2348e-004
14,848	99,512	-55,284	-8,6781e-004
15,068	99,523	-212,58	3,0711e-004
15,343	99,537	-60,784	-8,0808e-004
15,024	99,521	-65,81	-7,5349e-004
14,222	99,481	-202,2	2,7747e-004
14,377	99,488	-207,16	2,9385e-004
14,475	99,493	-70,546	-7,0238e-004
14,705	99,504	-197,52	2,5748e-004
14,299	99,484	-75,501	-6,5026e-004
14,373	99,488	-192,93	2,4037e-004
14,116	99,475	-80,426	-5,9934e-004
14,095	99,474	-188,1	2,2043e-004
14,273	99,483	-86,021	-5,4332e-004
13,916	99,466	-183,15	1,979e-004
14,091	99,474	-90,851	-4,9532e-004
13,754	99,458	-178,2	1,7367e-004
14,031	99,471	-95,781	-4,4747e-004
13,592	99,451	-173,25	1,4786e-004
13,908	99,465	-100,73	-4,0045e-004
13,484	99,446	-168,28	1,2016e-004
13,763	99,459	-105,74	-3,5378e-004
13,427	99,443	-163,25	9,0469e-005
13,603	99,451	-110,76	-3,0799e-004
13,223	99,434	-158,32	6,0405e-005
13,474	99,445	-115,65	-2,6458e-004
13,121	99,429	-153,37	2,833e-005
13,355	99,44	-120,53	-2,2243e-004
13,09	99,428	-148,28	-6,3861e-006
13,201	99,433	-125,47	-1,8069e-004
12,662	99,409	-142,4	-4,7092e-005
13,495	99,446	-131,09	-1,362e-004
13,489	99,446	-136,66	-9,28e-005
10,971	99,341	-249,29	3,8887e-004
11,298	99,353	-11,019	-1,3977e-003
12,892	99,419	-28,166	-1,1798e-003
12,88	99,418	-32,83	-1,1239e-003
12,967	99,422	-23,644	-1,235e-003
13,079	99,427	-19,033	-1,2924e-003
13,636	99,453	-14,847	-1,3455e-003
8,8463	99,269	-245,36	3,9512e-004
9,3473	99,284	-241,09	3,8968e-004
9,7564	99,298	-234,99	3,8065e-004
8,6057	99,262	-230,2	3,7739e-004
8,4175	99,256	-226,35	3,7062e-004
8,3742	99,255	-221,75	3,6074e-004
9,2709	99,282	-216,66	3,4486e-004
8,4415	99,257	-211,6	3,3327e-004
9,4046	99,286	-206,32	3,1305e-004
9,088	99,276	-201,75	2,9785e-004
8,2981	99,253	-196,83	2,8112e-004
9,3875	99,286	-191,89	2,5687e-004
9,1253	99,277	-186,19	2,3142e-004
9,0158	99,274	-181,63	2,0948e-004
8,9382	99,272	-176,73	1,84e-004
8,8945	99,27	-171,72	1,5627e-004
8,7914	99,267	-166,71	1,273e-004
8,7176	99,265	-161,65	9,6446e-005
8,6356	99,263	-157,43	6,9456e-005
8,574	99,261	-151,5	2,9766e-005
8,4908	99,258	-146,75	-3,6682e-006
7,8126	99,24	-142,24	-3,5466e-005
8,7115	99,265	-138,12	-6,832e-005
8,7845	99,267	-132,97	-1,0866e-004
8,7644	99,266	-127,8	-1,5053e-004
8,8647	99,269	-122,43	-1,9563e-004
8,8955	99,27	-117,86	-2,3504e-004
8,9353	99,272	-112,9	-2,7889e-004
9,022	99,274	-107,9	-3,2438e-004
9,1855	99,279	-102,61	-3,7371e-004
9,184	99,279	-98,115	-4,1642e-004
9,2346	99,281	-93,187	-4,6428e-004
9,2906	99,283	-88,314	-5,1258e-004
9,4262	99,287	-83,116	-5,6531e-004
9,4007	99,286	-78,674	-6,111e-004
9,5113	99,29	-73,636	-6,6408e-004
9,6886	99,296	-67,736	-7,2732e-004
8,363	99,255	-63,658	-7,7143e-004
8,3687	99,255	-59,384	-8,1862e-004
9,6435	99,294	-53,654	-8,8272e-004
8,9465	99,272	-48,988	-9,3575e-004
8,7151	99,265	-44,601	-9,8634e-004
9,6845	99,295	-39,81	-1,0419e-003
8,8473	99,269	-34,77	-1,1018e-003
8,6288	99,262	-30,207	-1,1569e-003
8,6369	99,263	-25,322	-1,2167e-003
8,901	99,271	-20,836	-1,2726e-003
9,4151	99,287	-16,301	-1,3302e-003
12,765	99,413	-243,77	3,7691e-004
13,409	99,442	-238,47	3,6839e-004
12,873	99,418	-36,617	-1,0792e-003
11,667	99,368	-229,41	3,6348e-004
12,239	99,391	-43,319	-1,0011e-003
11,923	99,378	-220,78	3,4437e-004
11,892	99,377	-224,87	3,5361e-004
12,314	99,394	-47,397	-9,5449e-004
12,165	99,388	-51,473	-9,0822e-004
11,792	99,373	-213,71	3,2636e-004
12,006	99,381	-58,303	-8,3193e-004
11,683	99,368	-210,23	3,1643e-004
11,458	99,359	-62,856	-7,8152e-004
11,333	99,355	-198,84	2,7811e-004
11,62	99,366	-195,6	2,6397e-004
-20,129	99,827	-235,39	1,3837e-004
-20,618	99,861	-39,663	-1,2419e-003
-20,509	99,854	-230,56	1,2542e-004
-20,457	99,85	-44,369	-1,1872e-003
-19,893	99,811	-225,79	1,2606e-004
-20,296	99,839	-49,29	-1,1307e-003
-19,847	99,808	-220,97	1,165e-004
-20,135	99,828	-54,226	-1,0748e-003
-19,711	99,799	-216,04	1,0646e-004
-19,976	99,817	-59,161	-1,0197e-003
-19,549	99,788	-210,95	9,4629e-005
-19,818	99,806	-64,093	-9,6528e-004
-19,187	99,764	-205,86	8,4017e-005
-20,254	99,836	-69,368	-9,1474e-004
-19,283	99,77	-201,23	6,655e-005
-19,366	99,776	-73,919	-8,5777e-004
-19,498	99,784	-195,69	4,2438e-005
-19,646	99,794	-79,27	-8,0665e-004
-19,343	99,774	-190,74	2,4276e-005
-19,438	99,78	-84,233	-7,5488e-004
-18,998	99,752	-186,43	1,0143e-005
-19,267	99,769	-89,187	-7,0451e-004
-18,895	99,745	-181,51	-1,1636e-005
-19,122	99,76	-94,134	-6,5544e-004
-18,883	99,744	-175,87	-3,9993e-005
-18,777	99,737	-99,795	-5,983e-004
-18,721	99,734	-170,54	-6,6448e-005
-18,654	99,729	-104,75	-5,515e-004
-18,647	99,729	-165,55	-9,3943e-005
-18,537	99,722	-109,72	-5,0571e-004
-18,587	99,725	-160,62	-1,2269e-004
-18,425	99,715	-114,69	-4,6108e-004
-18,527	99,721	-155,69	-1,5288e-004
-18,315	99,708	-119,65	-4,1766e-004
-18,464	99,717	-150,75	-1,8455e-004
-18,208	99,701	-124,61	-3,7543e-004
-18,449	99,716	-145,67	-2,1921e-004
-18,368	99,711	-129,89	-3,353e-004
-18,242	99,703	-140,47	-2,5354e-004
-18,389	99,713	-135,15	-2,9506e-004
-5,9809	99,196	-255,39	3,5022e-004
-10,489	99,323	-255,19	2,9368e-004
-15,367	99,538	-255,81	2,2319e-004
-16,479	99,599	-4,8499	-1,631e-003
-12,37	99,396	-5,5099	-1,588e-003
-7,0046	99,219	-5,7306	-1,5433e-003
-16,768	99,615	-243,71	1,9783e-004
-17,256	99,644	-248,24	1,9333e-004
-17,69	99,67	-252,14	1,8817e-004
-3,9984	99,163	-251,52	3,6975e-004
-4,3788	99,168	-247,41	3,6441e-004
-5,5112	99,187	-241,94	3,4884e-004
-4,6322	99,172	-237,41	3,528e-004
-4,4139	99,169	-233,21	3,4893e-004
-4,4139	99,169	-228,3	3,4043e-004
-4,4139	99,169	-223,39	3,302e-004
-4,4139	99,169	-218,48	3,1835e-004
-4,4139	99,169	-213,57	3,0499e-004
-4,4139	99,169	-208,66	2,8973e-004
-4,4139	99,169	-203,76	2,7275e-004
-4,4139	99,169	-198,85	2,54e-004
-4,4139	99,169	-193,94	2,337e-004
-4,4139	99,169	-189,03	2,1152e-004
-4,4139	99,169	-184,12	1,8777e-004
-4,4139	99,169	-179,21	1,6255e-004
-4,4139	99,169	-174,3	1,3589e-004
-4,4139	99,169	-169,39	1,0761e-004
-4,4139	99,169	-164,48	7,7795e-005
-4,4139	99,169	-159,57	4,6656e-005
-4,4139	99,169	-154,66	1,4105e-005
-4,4139	99,169	-149,75	-1,9975e-005
-4,4139	99,169	-144,84	-5,5455e-005
-4,4139	99,169	-139,93	-9,2416e-005
-4,4139	99,169	-135,02	-1,3072e-004
-4,4139	99,169	-130,11	-1,7036e-004
-4,4139	99,169	-125,2	-2,1122e-004
-4,4139	99,169	-120,29	-2,5334e-004
-4,4139	99,169	-115,38	-2,9653e-004
-4,4139	99,169	-110,47	-3,4097e-004
-4,4139	99,169	-105,56	-3,8638e-004
-4,4139	99,169	-100,65	-4,3299e-004
-4,4139	99,169	-95,74	-4,8056e-004
-4,4139	99,169	-90,831	-5,2919e-004
-4,4139	99,169	-85,921	-5,7881e-004
-4,4139	99,169	-81,011	-6,2949e-004
-4,4139	99,169	-76,101	-6,8119e-004
-4,4139	99,169	-71,192	-7,338e-004
-4,4139	99,169	-66,282	-7,8727e-004
-4,4139	99,169	-61,372	-8,4155e-004
-4,7797	99,174	-56,828	-8,9532e-004
-4,4139	99,169	-51,552	-9,5246e-004
-4,7789	99,174	-46,291	-1,016e-003
-4,8405	99,175	-41,308	-1,0747e-003
-4,8508	99,176	-36,386	-1,1332e-003
-4,8525	99,176	-31,475	-1,1925e-003
-4,8528	99,176	-26,565	-1,2528e-003
-5,0426	99,179	-21,569	-1,317e-003
-5,0617	99,179	-16,754	-1,3791e-003
-5,5112	99,187	-11,176	-1,4567e-003
-18,406	99,714	-8,6879	-1,596e-003
-17,029	99,63	-13,597	-1,5201e-003
-17,68	99,669	-18,213	-1,4676e-003
-18,013	99,689	-23,026	-1,4114e-003
-18,123	99,696	-27,5	-1,3587e-003
-18,123	99,696	-32,5	-1,2997e-003
-17,408	99,653	-36,878	-1,2417e-003
-16,336	99,591	-239,39	2,0022e-004
-15,233	99,531	-234,13	2,0989e-004
-15,609	99,551	-42,542	-1,1586e-003
-16,003	99,572	-47,581	-1,1054e-003
-14,913	99,515	-229,69	2,0746e-004
-15,444	99,542	-223,99	1,8865e-004
-15,307	99,535	-52,945	-1,0382e-003
-15,16	99,528	-218,97	1,8135e-004
-15,824	99,563	-57,734	-9,908e-004
-14,721	99,505	-213,83	1,7417e-004
-15,52	99,546	-62,383	-9,3704e-004
-14,676	99,503	-67,182	-8,7645e-004
-14,469	99,493	-208,74	1,6261e-004
-14,335	99,486	-203,88	1,4825e-004
-14,487	99,494	-72,456	-8,1862e-004
-14,135	99,476	-199,44	1,3491e-004
-14,221	99,48	-77,694	-7,6125e-004
-14,328	99,486	-193,84	1,0972e-004
-14,024	99,471	-82,618	-7,0888e-004
-14,188	99,479	-188,92	9,0308e-005
-13,841	99,462	-87,617	-6,568e-004
-14,046	99,472	-184,2	7,0278e-005
-13,686	99,455	-92,595	-6,0624e-004
-13,971	99,468	-179,12	4,6048e-005
-13,522	99,447	-97,515	-5,5706e-004
-13,847	99,463	-174,09	2,1054e-005
-13,651	99,453	-101,72	-5,1905e-004
-13,726	99,457	-169,12	-5,0303e-006
-13,536	99,448	-106,67	-4,7211e-004
-13,619	99,452	-164,22	-3,259e-005
-13,001	99,424	-112,38	-4,1437e-004
-13,503	99,447	-159,37	-6,1075e-005
-14,34	99,486	-117,19	-3,8873e-004
-13,383	99,441	-154,44	-9,1427e-005
-13,2	99,433	-121,67	-3,3653e-004
-13,608	99,451	-149,02	-1,3117e-004
-13,073	99,427	-126,68	-2,9338e-004
-13,584	99,45	-143,72	-1,6849e-004
-12,664	99,409	-132,57	-2,41e-004
-13,507	99,447	-138,38	-2,0696e-004
-8,3426	99,254	-250,39	3,2131e-004
-13,537	99,448	-251,38	2,4973e-004
-11,223	99,35	-11,02	-1,5034e-003
-12,635	99,408	-246,87	2,6098e-004
-11,557	99,363	-241,94	2,7254e-004
-8,3454	99,254	-245,55	3,186e-004
-9,3626	99,285	-237,83	2,98e-004
-8,1921	99,25	-234,57	3,0866e-004
-9,3823	99,286	-230,41	2,8678e-004
-8,9573	99,272	-225,17	2,8225e-004
-9,0231	99,274	-220,68	2,7131e-004
-9,8028	99,299	-216,96	2,5178e-004
-9,6237	99,293	-211,3	2,3805e-004
-9,5097	99,29	-206,15	2,2301e-004
-9,4418	99,287	-201,22	2,0605e-004
-9,4646	99,288	-196,73	1,8819e-004
-9,3349	99,284	-191,54	1,6789e-004
-9,2261	99,281	-186,77	1,4729e-004
-9,2087	99,28	-181,72	1,2267e-004
-9,1758	99,279	-176,93	9,8139e-005
-9,1047	99,277	-171,99	7,1744e-005
-9,0368	99,275	-167,03	4,3638e-005
-9,0441	99,275	-162,41	1,5263e-005
-8,9429	99,272	-157,16	-1,7167e-005
-8,939	99,272	-152,01	-5,1725e-005
-8,8674	99,27	-147,03	-8,5777e-005
-8,9649	99,272	-141,9	-1,2442e-004
-8,9985	99,274	-137,49	-1,5829e-004
-7,8573	99,241	-132,73	-1,8298e-004
-8,4935	99,258	-128,21	-2,2657e-004
-8,5872	99,261	-123,42	-2,6754e-004
-9,3386	99,284	-117,48	-3,2695e-004
-8,1498	99,249	-112,67	-3,5657e-004
-8,8322	99,268	-108,29	-4,0359e-004
-8,9419	99,272	-103,23	-4,5163e-004
-9,0048	99,274	-98,706	-4,9519e-004
-9,0356	99,275	-93,987	-5,4119e-004
-9,1285	99,278	-89,034	-5,9105e-004
-9,3758	99,285	-83,251	-6,5212e-004
-9,0958	99,277	-78,102	-7,0238e-004
-9,2453	99,281	-72,938	-7,5828e-004
-9,3528	99,285	-67,786	-8,1457e-004
-8,5745	99,261	-63,259	-8,5634e-004
-8,6212	99,262	-58,789	-9,0631e-004
-9,6353	99,294	-53,663	-9,733e-004
-9,254	99,281	-48,406	-1,0294e-003
-9,9016	99,303	-43,09	-1,0967e-003
-9,4412	99,287	-37,755	-1,1549e-003
-9,3963	99,286	-33,084	-1,2101e-003
-9,5067	99,29	-28,639	-1,2647e-003
-9,4606	99,288	-23,87	-1,323e-003
-9,3805	99,285	-19,103	-1,3824e-003
-8,8497	99,269	-14,889	-1,4325e-003
-13,069	99,427	-16,391	-1,4491e-003
-13,515	99,447	-21,398	-1,3899e-003
-13,756	99,458	-26,046	-1,3349e-003
-13,871	99,464	-30,368	-1,2839e-003
-13,672	99,454	-34,56	-1,2322e-003
-13,243	99,435	-38,829	-1,178e-003
-12,863	99,418	-237,42	2,4892e-004
-11,658	99,367	-234,01	2,6142e-004
-12,578	99,405	-46,292	-1,0855e-003
-12,587	99,406	-49,907	-1,0445e-003
-12,105	99,385	-226,31	2,4177e-004
-11,543	99,363	-221,58	2,3955e-004
-12,16	99,388	-56,882	-9,6221e-004
-12,161	99,388	-60,729	-9,1978e-004
-12,161	99,388	-64,269	-8,8117e-004
-17,724	99,672	-231,91	1,6943e-004
20,14	99,828	-284,85	3,1058e-004
20,631	99,862	-480,35	-1,1995e-003
20,512	99,854	-289,64	2,9796e-004
20,459	99,85	-475,67	-1,1434e-003
19,895	99,811	-294,4	2,8951e-004
20,299	99,839	-470,75	-1,0851e-003
19,849	99,808	-299,22	2,7611e-004
20,138	99,828	-465,82	-1,0274e-003
19,713	99,799	-304,14	2,6131e-004
19,978	99,817	-460,89	-9,7038e-004
19,55	99,788	-309,22	2,4446e-004
19,82	99,806	-455,96	-9,1414e-004
19,19	99,764	-314,31	2,269e-004
20,257	99,836	-450,69	-8,5588e-004
19,285	99,77	-318,94	2,0716e-004
19,367	99,776	-446,14	-8,0423e-004
19,501	99,785	-324,47	1,8122e-004
19,646	99,794	-440,8	-7,4678e-004
19,347	99,774	-329,42	1,581e-004
19,513	99,785	-435,83	-6,9372e-004
19,192	99,764	-334,37	1,3337e-004
19,303	99,772	-430,89	-6,4161e-004
18,9	99,745	-338,64	1,1153e-004
18,988	99,751	-425,24	-5,8293e-004
18,861	99,743	-344,27	7,9277e-005
18,778	99,737	-420,29	-5,3264e-004
18,688	99,732	-349,21	5,0023e-005
18,655	99,729	-415,33	-4,8358e-004
18,58	99,725	-354,18	1,8811e-005
18,538	99,722	-410,37	-4,3549e-004
18,428	99,715	-359,13	-1,3595e-005
18,426	99,715	-405,41	-3,8853e-004
18,277	99,706	-364,08	-4,7422e-005
18,316	99,708	-400,45	-3,4273e-004
18,125	99,696	-369,03	-8,2817e-005
18,52	99,721	-395,22	-2,9674e-004
18,287	99,706	-374,36	-1,2376e-004
18,414	99,714	-390,27	-2,5338e-004
18,245	99,704	-379,64	-1,65e-004
18,484	99,719	-384,97	-2,0915e-004
15,354	99,538	-264,63	3,6467e-004
10,81	99,335	-264,83	3,875e-004
5,9466	99,196	-265,04	4,03e-004
6,9791	99,218	-514,23	-1,652e-003
12,348	99,396	-514,49	-1,6468e-003
16,48	99,599	-515,18	-1,652e-003
16,754	99,614	-507,26	-1,5411e-003
18,348	99,71	-511,55	-1,599e-003
17,023	99,63	-501,73	-1,467e-003
17,9	99,682	-497,21	-1,408e-003
18,001	99,689	-492,53	-1,3485e-003
17,755	99,673	-487,62	-1,287e-003
17,093	99,634	-276,64	3,4216e-004
5,4616	99,186	-508,61	-1,5732e-003
5,6371	99,19	-502,8	-1,4915e-003
4,3654	99,168	-497,52	-1,423e-003
4,3654	99,168	-492,52	-1,357e-003
4,3654	99,168	-487,53	-1,2923e-003
4,3654	99,168	-482,53	-1,2288e-003
4,3654	99,168	-477,54	-1,1662e-003
4,7308	99,174	-472,91	-1,1083e-003
4,7917	99,175	-467,95	-1,0478e-003
4,8018	99,175	-462,88	-9,867e-004
4,3654	99,168	-457,55	-9,2418e-004
4,3654	99,168	-452,56	-8,6571e-004
4,3654	99,168	-447,56	-8,0799e-004
4,3654	99,168	-442,56	-7,5128e-004
4,3654	99,168	-437,57	-6,9567e-004
4,3654	99,168	-432,57	-6,4078e-004
4,3654	99,168	-427,58	-5,8716e-004
4,3654	99,168	-422,58	-5,3466e-004
4,3654	99,168	-417,59	-4,832e-004
4,3654	99,168	-412,59	-4,3275e-004
4,3654	99,168	-407,59	-3,8346e-004
4,3654	99,168	-402,6	-3,3537e-004
4,3654	99,168	-397,6	-2,8831e-004
4,3654	99,168	-392,61	-2,426e-004
4,3654	99,168	-387,61	-1,9812e-004
4,3654	99,168	-382,61	-1,5499e-004
4,3654	99,168	-377,62	-1,132e-004
4,3654	99,168	-372,62	-7,2966e-005
4,3654	99,168	-367,63	-3,4124e-005
4,3654	99,168	-362,63	3,1445e-006
4,3654	99,168	-357,64	3,9011e-005
4,3654	99,168	-352,64	7,3304e-005
4,3654	99,168	-347,64	1,0607e-004
4,3654	99,168	-342,65	1,3747e-004
4,3654	99,168	-337,65	1,6714e-004
4,3654	99,168	-332,66	1,9521e-004
4,3654	99,168	-327,66	2,2189e-004
4,3654	99,168	-322,67	2,4648e-004
4,3654	99,168	-317,67	2,6971e-004
4,3654	99,168	-312,67	2,9079e-004
4,3654	99,168	-307,68	3,101e-004
4,3654	99,168	-302,68	3,277e-004
4,3654	99,168	-297,69	3,4358e-004
4,3654	99,168	-292,69	3,5771e-004
4,7296	99,174	-287,33	3,7078e-004
4,8706	99,176	-282,74	3,8038e-004
5,4616	99,186	-278,8	3,87e-004
5,4616	99,186	-273,8	3,9461e-004
4,036	99,163	-268,87	4,0103e-004
17,29	99,646	-272,29	3,4687e-004
17,712	99,671	-268,39	3,4861e-004
16,581	99,605	-280,79	3,3827e-004
18,179	99,699	-483,06	-1,231e-003
14,872	99,513	-285,45	3,3849e-004
15,825	99,563	-478,5	-1,1741e-003
15,96	99,57	-472,62	-1,1033e-003
15,076	99,523	-291,02	3,2459e-004
15,592	99,55	-296,14	3,083e-004
15,881	99,566	-467,55	-1,043e-003
14,762	99,507	-300,92	2,983e-004
15,148	99,527	-462,15	-9,7898e-004
15,291	99,534	-305,81	2,7939e-004
15,601	99,551	-457,33	-9,2386e-004
14,828	99,511	-452,25	-8,6482e-004
14,449	99,492	-310,82	2,6533e-004
14,293	99,484	-315,78	2,4642e-004
14,723	99,505	-448,03	-8,1718e-004
14,138	99,476	-320,73	2,2575e-004
14,467	99,493	-442,9	-7,5987e-004
13,983	99,469	-325,68	2,0331e-004
14,43	99,491	-437,86	-7,0488e-004
13,565	99,449	-330,99	1,7848e-004
14,307	99,485	-432,9	-6,5168e-004
13,998	99,47	-336,33	1,4781e-004
14,944	99,516	-341,01	1,1686e-004
14,161	99,478	-427,94	-5,9926e-004
13,989	99,469	-422,85	-5,4644e-004
13,337	99,439	-345,45	9,7378e-005
13,829	99,462	-417,76	-4,9478e-004
13,182	99,432	-350,48	6,6451e-005
13,709	99,456	-412,8	-4,4544e-004
13,813	99,461	-355,64	2,9942e-005
13,597	99,451	-407,84	-3,9734e-004
12,91	99,42	-360,34	1,1482e-006
13,486	99,446	-402,88	-3,5024e-004
13,108	99,429	-366,04	-4,0549e-005
13,374	99,441	-397,93	-3,0445e-004
13,288	99,437	-371,64	-8,3342e-005
13,261	99,435	-392,97	-2,5962e-004
13,279	99,436	-376,67	-1,2264e-004
13,113	99,429	-387,67	-2,1305e-004
13,507	99,447	-381,73	-1,6443e-004
13,129	99,43	-269,38	3,7255e-004
8,5014	99,259	-269,51	3,9255e-004
11,197	99,349	-508,98	-1,5692e-003
11,54	99,363	-503,09	-1,4877e-003
13,205	99,433	-498,39	-1,4242e-003
14,345	99,487	-494,37	-1,3717e-003
12,636	99,408	-489,47	-1,3092e-003
13,422	99,443	-483,96	-1,2402e-003
11,929	99,378	-273,93	3,7318e-004
13,451	99,444	-278,04	3,595e-004
8,9703	99,273	-499,42	-1,4406e-003
9,4462	99,288	-494,49	-1,3751e-003
7,9185	99,242	-489,91	-1,3171e-003
8,5898	99,261	-485,43	-1,2595e-003
9,8477	99,301	-478,94	-1,1777e-003
8,1588	99,249	-475,17	-1,1321e-003
8,6582	99,263	-471,13	-1,0825e-003
8,7354	99,266	-466,27	-1,0239e-003
9,572	99,292	-461,02	-9,6153e-004
8,7626	99,266	-455,59	-8,9783e-004
9,7654	99,298	-450,75	-8,4236e-004
9,6467	99,294	-445,45	-7,8223e-004
9,5724	99,292	-440,03	-7,2167e-004
9,4868	99,289	-435,1	-6,6779e-004
9,402	99,286	-430,2	-6,1501e-004
9,2994	99,283	-425,13	-5,6152e-004
9,2176	99,28	-420,17	-5,1025e-004
9,1497	99,278	-415,27	-4,6074e-004
9,0736	99,276	-410,32	-4,1165e-004
8,9979	99,274	-405,37	-3,6356e-004
8,9135	99,271	-400,42	-3,1671e-004
8,8266	99,268	-395,5	-2,7129e-004
8,7345	99,266	-390,43	-2,258e-004
8,9219	99,271	-384,84	-1,776e-004
8,7424	99,266	-379,56	-1,3293e-004
8,4092	99,256	-374,62	-9,2235e-005
8,5149	99,259	-369,11	-4,9421e-005
8,5814	99,261	-364,23	-1,3071e-005
7,9191	99,242	-360,01	1,8923e-005
9,3715	99,285	-355,22	4,8674e-005
8,8071	99,268	-349,43	8,8501e-005
8,2835	99,252	-345,33	1,1599e-004
9,6189	99,293	-340,36	1,4223e-004
9,162	99,279	-334,48	1,7724e-004
8,5833	99,261	-329,81	2,0406e-004
8,9331	99,272	-325,22	2,2625e-004
9,0387	99,275	-320,4	2,4871e-004
9,0786	99,276	-315,19	2,7143e-004
9,1661	99,279	-310,12	2,9154e-004
8,4077	99,256	-305,08	3,1243e-004
9,2808	99,282	-300,27	3,2545e-004
8,623	99,262	-295,3	3,4258e-004
9,5616	99,291	-290,41	3,521e-004
9,739	99,297	-284,81	3,6421e-004
8,6511	99,263	-280,98	3,7561e-004
9,5683	99,292	-277,76	3,7784e-004
12,114	99,386	-281,21	3,6071e-004
12,271	99,392	-474,88	-1,1283e-003
12,294	99,393	-469,44	-1,0627e-003
12,057	99,383	-293,94	3,3216e-004
12,013	99,382	-297,34	3,228e-004
12,292	99,393	-465,17	-1,0119e-003
11,739	99,371	-303,36	3,0526e-004
12,197	99,389	-458,07	-9,2853e-004
11,721	99,37	-306,95	2,9279e-004
12,2	99,389	-454,74	-8,9021e-004
-20,192	99,832	-285,15	1,197e-004
-20,445	99,849	-480,42	-1,3929e-003
-20,509	99,854	-289,95	1,0424e-004
-20,829	99,876	-475,63	-1,3395e-003
-19,814	99,806	-294,69	1,0271e-004
-20,164	99,83	-470,86	-1,2763e-003
-19,677	99,796	-299,47	9,1163e-005
-20,107	99,826	-466,06	-1,2196e-003
-19,523	99,786	-304,38	7,7852e-005
-19,902	99,812	-460,99	-1,159e-003
-19,509	99,785	-309,8	5,8959e-005
-19,555	99,788	-455,9	-1,0973e-003
-19,811	99,805	-314,57	3,6058e-005
-19,621	99,793	-451,27	-1,0461e-003
-19,656	99,795	-319,52	1,7626e-005
-19,49	99,784	-446,36	-9,9039e-004
-19,501	99,785	-324,47	-2,4064e-006
-19,646	99,794	-440,8	-9,3178e-004
-19,347	99,774	-329,42	-2,4072e-005
-19,513	99,785	-435,83	-8,7744e-004
-18,947	99,748	-333,91	-4,1342e-005
-19,303	99,772	-430,89	-8,2337e-004
-18,832	99,741	-338,8	-6,6346e-005
-18,875	99,744	-425,73	-7,6534e-004
-18,861	99,743	-344,27	-9,8289e-005
-18,949	99,748	-420,99	-7,1852e-004
-18,57	99,724	-349,94	-1,2882e-004
-18,775	99,737	-416,04	-6,6758e-004
-18,483	99,719	-354,9	-1,5946e-004
-18,602	99,726	-411,09	-6,1768e-004
-18,391	99,713	-359,86	-1,9156e-004
-18,429	99,715	-406,14	-5,6886e-004
-18,301	99,707	-364,82	-2,2514e-004
-18,257	99,704	-401,19	-5,2111e-004
-18,504	99,72	-370,07	-2,6628e-004
-18,353	99,71	-395,91	-4,7495e-004
-18,416	99,714	-375,02	-3,027e-004
-18,286	99,706	-390,93	-4,3071e-004
-18,505	99,72	-380,33	-3,4568e-004
-18,272	99,705	-385,72	-3,866e-004
-6,3623	99,204	-265,9	3,4183e-004
-11,656	99,367	-265,15	2,739e-004
-15,922	99,568	-264,74	2,1185e-004
-15,524	99,547	-514,23	-1,7855e-003
-10,168	99,312	-514,49	-1,7456e-003
-6,0549	99,198	-515,16	-1,7251e-003
-17,645	99,667	-488,67	-1,4662e-003
-17,61	99,665	-493,02	-1,5205e-003
-17,411	99,653	-498,08	-1,5832e-003
-17,403	99,652	-502,95	-1,6469e-003
-16,981	99,628	-508,63	-1,7197e-003
-16,78	99,616	-277,72	1,8455e-004
-4,1255	99,164	-511,32	-1,6547e-003
-5,5058	99,187	-506,41	-1,5938e-003
-4,8041	99,175	-501,7	-1,5236e-003
-4,4772	99,17	-496,94	-1,4572e-003
-4,4096	99,169	-492,52	-1,3983e-003
-4,4096	99,169	-487,53	-1,3338e-003
-4,775	99,174	-482,17	-1,2683e-003
-4,4731	99,17	-477,47	-1,2072e-003
-4,4096	99,169	-472,54	-1,1459e-003
-4,4096	99,169	-467,54	-1,085e-003
-4,4096	99,169	-462,55	-1,0249e-003
-4,4096	99,169	-457,55	-9,6561e-004
-4,4096	99,169	-452,56	-9,0709e-004
-4,4096	99,169	-447,56	-8,4941e-004
-4,4096	99,169	-442,56	-7,9266e-004
-4,4096	99,169	-437,57	-7,3695e-004
-4,4096	99,169	-432,57	-6,8221e-004
-4,4096	99,169	-427,58	-6,2866e-004
-4,4096	99,169	-422,58	-5,7601e-004
-4,4096	99,169	-417,59	-5,2452e-004
-4,4096	99,169	-412,59	-4,7412e-004
-4,4096	99,169	-407,59	-4,2486e-004
-4,4096	99,169	-402,6	-3,7676e-004
-4,4096	99,169	-397,6	-3,2977e-004
-4,4096	99,169	-392,61	-2,8398e-004
-4,4096	99,169	-387,61	-2,395e-004
-4,4096	99,169	-382,61	-1,9638e-004
-4,4096	99,169	-377,62	-1,5463e-004
-4,4096	99,169	-372,62	-1,1436e-004
-4,4096	99,169	-367,63	-7,5548e-005
-4,4096	99,169	-362,63	-3,827e-005
-4,4096	99,169	-357,64	-2,5175e-006
-4,4096	99,169	-352,64	3,1938e-005
-4,4096	99,169	-347,64	6,4718e-005
-4,4096	99,169	-342,65	9,5933e-005
-4,4096	99,169	-337,65	1,258e-004
-4,4096	99,169	-332,66	1,5383e-004
-4,4096	99,169	-327,66	1,8034e-004
-4,4096	99,169	-322,67	2,0517e-004
-4,4096	99,169	-317,67	2,2826e-004
-4,4096	99,169	-312,67	2,4936e-004
-4,4096	99,169	-307,68	2,688e-004
-4,4096	99,169	-302,68	2,8641e-004
-4,4096	99,169	-297,69	3,0225e-004
-4,4096	99,169	-292,69	3,1627e-004
-4,4096	99,169	-287,69	3,2868e-004
-4,4096	99,169	-282,7	3,3926e-004
-6,0949	99,199	-277,23	3,3153e-004
-5,5058	99,187	-271,61	3,4577e-004
-17,969	99,687	-268,44	1,7816e-004
-16,448	99,597	-273,	1,962e-004
-17,055	99,632	-483,96	-1,4022e-003
-15,364	99,538	-282,99	1,9638e-004
-15,164	99,528	-288,26	1,8814e-004
-15,538	99,547	-479,22	-1,329e-003
-14,849	99,512	-298,16	1,6669e-004
-15,006	99,52	-293,21	1,7821e-004
-15,36	99,538	-474,27	-1,2673e-003
-15,182	99,529	-469,32	-1,2063e-003
-14,692	99,504	-303,11	1,5355e-004
-15,675	99,555	-464,17	-1,1507e-003
-14,536	99,496	-308,07	1,3863e-004
-14,828	99,511	-459,42	-1,0865e-003
-15,214	99,53	-454,54	-1,0347e-003
-14,224	99,481	-317,97	1,0367e-004
-14,38	99,488	-313,02	1,2193e-004
-14,475	99,493	-449,51	-9,6972e-004
-14,393	99,489	-322,52	8,0792e-005
-14,299	99,484	-444,56	-9,1248e-004
-14,318	99,485	-327,4	5,8559e-005
-14,134	99,476	-439,56	-8,5577e-004
-14,209	99,48	-332,36	3,455e-005
-13,693	99,455	-434,24	-7,9349e-004
-14,092	99,474	-337,34	9,104e-006
-13,963	99,468	-342,29	-1,7601e-005
-14,262	99,482	-428,43	-7,3881e-004
-14,962	99,517	-424,09	-7,0219e-004
-13,813	99,461	-347,4	-4,6648e-005
-13,425	99,443	-419,81	-6,4064e-004
-13,677	99,455	-352,51	-7,7436e-005
-13,252	99,435	-414,86	-5,8924e-004
-13,585	99,45	-357,46	-1,0929e-004
-13,458	99,444	-410,22	-5,4645e-004
-13,491	99,446	-362,41	-1,4275e-004
-13,383	99,441	-405,21	-4,9768e-004
-13,393	99,441	-367,38	-1,776e-004
-12,734	99,412	-400,	-4,413e-004
-13,296	99,437	-372,35	-2,1398e-004
-13,255	99,435	-393,65	-3,9025e-004
-13,182	99,432	-377,62	-2,5392e-004
-13,263	99,436	-388,65	-3,4669e-004
-13,488	99,446	-383,45	-3,0551e-004
-10,919	99,339	-270,64	2,7951e-004
-11,315	99,354	-508,98	-1,6757e-003
-13,124	99,429	-491,55	-1,4593e-003
-13,258	99,435	-487,12	-1,4046e-003
-13,029	99,425	-495,96	-1,5152e-003
-13,121	99,429	-500,59	-1,5768e-003
-13,557	99,449	-504,9	-1,6386e-003
-11,356	99,355	-279,68	2,6047e-004
-12,224	99,39	-275,96	2,5424e-004
-9,3941	99,286	-503,23	-1,5799e-003
-8,9172	99,271	-498,77	-1,5159e-003
-8,6748	99,264	-494,18	-1,4534e-003
-8,989	99,273	-489,59	-1,3967e-003
-8,9568	99,272	-484,75	-1,3351e-003
-8,8361	99,269	-479,88	-1,273e-003
-8,7716	99,267	-475,14	-1,2139e-003
-9,4686	99,288	-469,81	-1,1555e-003
-8,6505	99,263	-464,79	-1,0876e-003
-9,2713	99,282	-459,94	-1,0361e-003
-8,4571	99,257	-455,12	-9,7192e-004
-9,1328	99,278	-450,02	-9,1961e-004
-9,1451	99,278	-444,67	-8,5912e-004
-9,0217	99,274	-439,96	-8,0538e-004
-8,5851	99,261	-435,39	-7,5082e-004
-8,9822	99,273	-430,77	-7,0508e-004
-9,7496	99,298	-424,88	-6,5116e-004
-8,9014	99,271	-419,23	-5,8402e-004
-8,8018	99,268	-413,99	-5,3014e-004
-8,8523	99,269	-408,96	-4,8131e-004
-8,6476	99,263	-404,16	-4,3287e-004
-8,0646	99,246	-400,29	-3,9011e-004
-8,4849	99,258	-395,65	-3,5191e-004
-8,4009	99,256	-390,75	-3,0689e-004
-8,79	99,267	-385,82	-2,6828e-004
-8,8639	99,269	-380,38	-2,2326e-004
-8,7892	99,267	-374,9	-1,7785e-004
-8,8562	99,269	-369,95	-1,3991e-004
-8,9498	99,272	-364,9	-1,0301e-004
-9,0232	99,274	-359,94	-6,7979e-005
-9,0843	99,276	-355,01	-3,4567e-005
-9,1113	99,277	-350,23	-3,1637e-006
-9,2298	99,281	-345,02	2,8456e-005
-9,2864	99,283	-340,13	5,7277e-005
-9,3811	99,286	-335,17	8,4554e-005
-9,4044	99,286	-330,01	1,1207e-004
-9,4943	99,289	-325,13	1,3555e-004
-9,5577	99,291	-320,15	1,5823e-004
-9,6384	99,294	-315,23	1,787e-004
-9,7379	99,297	-310,39	1,9689e-004
-9,6121	99,293	-305,4	2,1691e-004
-9,9253	99,303	-299,93	2,3092e-004
-8,5857	99,261	-294,52	2,6421e-004
-8,558	99,26	-289,61	2,7731e-004
-9,3499	99,285	-284,28	2,7908e-004
-12,641	99,408	-482,12	-1,3363e-003
-12,13	99,386	-287,24	2,3444e-004
-12,092	99,385	-291,62	2,2456e-004
-12,252	99,391	-477,32	-1,2734e-003
-12,117	99,386	-295,61	2,135e-004
-12,36	99,396	-473,3	-1,2256e-003
-12,118	99,386	-466,31	-1,1393e-003
-12,078	99,384	-462,86	-1,0981e-003
-11,824	99,374	-456,8	-1,0248e-003
-11,868	99,376	-453,3	-9,8497e-004
-20,256	99,836	-520,	-1,9075e-003
-22,489	99,999	-517,5	-1,8909e-003
-22,5	99,999	-2,5	-1,7135e-003
-20,256	99,836	0,	-1,7284e-003
-22,5	99,998	-7,5	-1,647e-003
-20,256	99,836	-2,5	-1,6945e-003
-19,491	99,784	-4,925	-1,6553e-003
-20,454	99,85	-6,8439	-1,638e-003
-22,5	99,996	-12,5	-1,5826e-003
-20,454	99,85	-9,3439	-1,6051e-003
-19,765	99,802	-11,798	-1,5674e-003
-22,5	99,994	-17,5	-1,5204e-003
-19,765	99,802	-14,298	-1,5355e-003
-20,091	99,825	-16,606	-1,5095e-003
-22,5	99,993	-22,5	-1,4599e-003
-20,091	99,825	-19,106	-1,4786e-003
-20,257	99,836	-21,513	-1,4508e-003
-22,5	99,991	-27,5	-1,4007e-003
-20,257	99,836	-24,013	-1,4206e-003
-20,312	99,84	-26,25	-1,3944e-003
-22,5	99,99	-32,5	-1,3427e-003
-20,312	99,84	-28,75	-1,3649e-003
-20,312	99,84	-31,25	-1,3356e-003
-22,5	99,989	-37,139	-1,2896e-003
-21,559	99,929	-37,331	-1,2779e-003
-20,311	99,84	-33,75	-1,3066e-003
-19,955	99,815	-35,939	-1,2778e-003
-22,5	99,988	-39,639	-1,2612e-003
-22,5	99,987	-42,094	-1,2336e-003
-21,559	99,929	-39,831	-1,2495e-003
-21,478	99,923	-42,184	-1,2222e-003
-22,5	99,987	-44,594	-1,2057e-003
-22,5	99,986	-47,049	-1,1785e-003
-21,478	99,923	-44,684	-1,1942e-003
-21,398	99,917	-47,145	-1,166e-003
-22,5	99,985	-49,549	-1,1509e-003
-22,5	99,985	-52,004	-1,1241e-003
-21,398	99,917	-49,645	-1,1383e-003
-21,317	99,911	-52,113	-1,1104e-003
-22,5	99,984	-54,504	-1,097e-003
-22,5	99,983	-56,958	-1,0705e-003
-21,317	99,911	-54,613	-1,0832e-003
-21,237	99,906	-57,08	-1,0556e-003
-22,5	99,983	-59,458	-1,0438e-003
-22,5	99,982	-61,913	-1,0177e-003
-21,237	99,906	-59,58	-1,0288e-003
-21,158	99,9	-62,047	-1,0017e-003
-22,5	99,981	-64,413	-9,9137e-004
-22,5	99,981	-66,868	-9,6572e-004
-21,158	99,9	-64,547	-9,7521e-004
-22,233	99,98	-71,823	-9,1162e-004
-22,5	99,98	-69,368	-9,3981e-004
-21,376	99,916	-69,684	-9,24e-004
-20,933	99,884	-71,96	-8,9553e-004
20,252	99,836	0,	-1,5376e-003
22,489	99,999	-2,4549	-1,5021e-003
-2,2152	99,144	-260,22	3,8397e-004
-2,2142e-002	99,135	-262,72	3,963e-004
2,1754	99,143	-260,22	4,0456e-004
-2,2142e-002	99,135	-257,76	3,9805e-004
-19,745	99,801	-260,22	1,5645e-004
-21,933	99,957	-262,72	1,2203e-004
-21,933	99,957	-257,76	1,2378e-004
-6,6009	99,21	-260,22	3,4232e-004
-2,2152	99,144	-262,72	3,8291e-004
-2,2152	99,144	-257,76	3,8474e-004
-5,1946	99,181	-257,8	3,5844e-004
-5,3853	99,185	-263,06	3,5447e-004
-10,985	99,341	-260,22	2,8594e-004
-7,3872	99,228	-257,8	3,3369e-004
-9,6411	99,294	-257,7	3,0493e-004
-7,5779	99,233	-263,06	3,2944e-004
-10,225	99,314	-262,68	2,9528e-004
-15,367	99,538	-260,22	2,2239e-004
-11,833	99,374	-257,7	2,7459e-004
-14,272	99,483	-258,01	2,3917e-004
-12,416	99,398	-262,68	2,6454e-004
-14,549	99,497	-262,48	2,3351e-004
-19,745	99,801	-262,72	1,5538e-004
-19,745	99,801	-257,76	1,5711e-004
-16,462	99,598	-258,01	2,0657e-004
-16,739	99,614	-262,48	2,0086e-004
-2,2142e-002	99,135	-517,5	-1,7268e-003
-2,2721	99,144	-520,	-1,7794e-003
2,2323	99,144	-520,	-1,7582e-003
-2,2142e-002	99,135	-512,51	-1,6494e-003
-2,2721	99,144	-517,5	-1,7384e-003
2,2323	99,144	-517,5	-1,7172e-003
3,4787	99,156	-514,62	-1,6675e-003
-3,0387	99,151	-515,08	-1,7047e-003
-2,0739	99,143	-513,16	-1,6699e-003
-2,2142e-002	99,135	-507,51	-1,5766e-003
3,4787	99,156	-512,12	-1,6299e-003
2,7198	99,148	-509,31	-1,5914e-003
-2,0739	99,143	-510,66	-1,6328e-003
-2,7641	99,148	-508,21	-1,6013e-003
-2,2142e-002	99,135	-502,51	-1,5066e-003
2,7198	99,148	-506,81	-1,5556e-003
2,8076	99,149	-503,9	-1,5146e-003
-2,7641	99,148	-505,71	-1,566e-003
-2,4132	99,145	-503,36	-1,531e-003
-2,2142e-002	99,135	-497,52	-1,4387e-003
2,8076	99,149	-501,41	-1,4802e-003
2,1717	99,143	-498,77	-1,4466e-003
-2,4132	99,145	-500,86	-1,4967e-003
-2,2498	99,144	-498,48	-1,4635e-003
-2,2142e-002	99,135	-492,52	-1,3725e-003
2,1717	99,143	-496,27	-1,413e-003
2,1717	99,143	-493,77	-1,38e-003
-2,2498	99,144	-495,98	-1,4301e-003
-2,216	99,144	-493,77	-1,4007e-003
-2,2142e-002	99,135	-487,53	-1,3077e-003
2,1717	99,143	-491,27	-1,3472e-003
2,1717	99,143	-488,78	-1,3149e-003
-2,216	99,144	-491,27	-1,368e-003
-2,216	99,144	-488,78	-1,3356e-003
-2,2142e-002	99,135	-482,53	-1,244e-003
2,1717	99,143	-486,28	-1,2828e-003
2,1717	99,143	-483,78	-1,2509e-003
-2,216	99,144	-486,28	-1,3035e-003
-2,3987	99,145	-483,6	-1,2705e-003
-2,2142e-002	99,135	-477,54	-1,1812e-003
2,1717	99,143	-481,28	-1,2193e-003
2,1717	99,143	-478,78	-1,188e-003
-2,3987	99,145	-481,1	-1,2389e-003
-2,2477	99,144	-478,75	-1,2085e-003
-2,2142e-002	99,135	-472,54	-1,1194e-003
2,1717	99,143	-476,29	-1,157e-003
2,3544	99,145	-473,97	-1,1276e-003
-2,2477	99,144	-476,25	-1,1773e-003
-2,216	99,144	-473,79	-1,1467e-003
-2,2142e-002	99,135	-467,54	-1,0582e-003
2,3544	99,145	-471,47	-1,0969e-003
2,3848	99,145	-469,	-1,0665e-003
-2,216	99,144	-471,29	-1,116e-003
-2,216	99,144	-468,79	-1,0854e-003
-2,2142e-002	99,135	-462,55	-9,9792e-004
2,3848	99,145	-466,5	-1,0362e-003
2,3899	99,145	-463,96	-1,0056e-003
-2,216	99,144	-466,29	-1,0551e-003
-2,216	99,144	-463,8	-1,025e-003
-2,2142e-002	99,135	-457,55	-9,3845e-004
2,3899	99,145	-461,46	-9,7559e-004
2,1717	99,143	-458,8	-9,4464e-004
-2,216	99,144	-461,3	-9,9506e-004
-2,216	99,144	-458,8	-9,6527e-004
-2,2142e-002	99,135	-452,56	-8,7975e-004
2,1717	99,143	-456,3	-9,1506e-004
2,1717	99,143	-453,81	-8,8579e-004
-2,216	99,144	-456,3	-9,3577e-004
-2,216	99,144	-453,81	-9,0649e-004
-2,2142e-002	99,135	-447,56	-8,2193e-004
2,1717	99,143	-451,31	-8,5662e-004
2,1717	99,143	-448,81	-8,2781e-004
-2,216	99,144	-451,31	-8,7733e-004
-2,216	99,144	-448,81	-8,4849e-004
-2,2142e-002	99,135	-442,56	-7,6501e-004
2,1717	99,143	-446,31	-7,9914e-004
2,1717	99,143	-443,81	-7,7068e-004
-2,216	99,144	-446,31	-8,198e-004
-2,216	99,144	-443,81	-7,9139e-004
-2,2142e-002	99,135	-437,57	-7,0905e-004
2,1717	99,143	-441,32	-7,4251e-004
2,1717	99,143	-438,82	-7,1451e-004
-2,216	99,144	-441,32	-7,6318e-004
-2,216	99,144	-438,82	-7,3519e-004
-2,2142e-002	99,135	-432,57	-6,5418e-004
2,1717	99,143	-436,32	-6,8679e-004
2,1717	99,143	-433,82	-6,5947e-004
-2,216	99,144	-436,32	-7,0759e-004
-2,216	99,144	-433,82	-6,8015e-004
-2,2142e-002	99,135	-427,58	-6,0038e-004
2,1717	99,143	-431,32	-6,3228e-004
2,1717	99,143	-428,83	-6,0544e-004
-2,216	99,144	-431,32	-6,5301e-004
-2,216	99,144	-428,83	-6,2603e-004
-2,2142e-002	99,135	-422,58	-5,4761e-004
2,1717	99,143	-426,33	-5,7879e-004
2,1717	99,143	-423,83	-5,5244e-004
-2,216	99,144	-426,33	-5,9949e-004
-2,216	99,144	-423,83	-5,7317e-004
-2,2142e-002	99,135	-417,59	-4,9594e-004
2,1717	99,143	-421,33	-5,2633e-004
2,1717	99,143	-418,83	-5,0057e-004
-2,216	99,144	-421,33	-5,4702e-004
-2,216	99,144	-418,83	-5,2133e-004
-2,2142e-002	99,135	-412,59	-4,4543e-004
2,1717	99,143	-416,34	-4,7498e-004
2,1717	99,143	-413,84	-4,4985e-004
-2,216	99,144	-416,34	-4,9569e-004
-2,216	99,144	-413,84	-4,705e-004
-2,2142e-002	99,135	-407,59	-3,9592e-004
2,1717	99,143	-411,34	-4,2487e-004
2,1717	99,143	-408,84	-4,0004e-004
-2,216	99,144	-411,34	-4,4551e-004
-2,216	99,144	-408,84	-4,2075e-004
-2,2142e-002	99,135	-402,6	-3,476e-004
2,1717	99,143	-406,35	-3,7567e-004
2,1717	99,143	-403,85	-3,5148e-004
-2,216	99,144	-406,35	-3,9634e-004
-2,216	99,144	-403,85	-3,7222e-004
-2,2142e-002	99,135	-397,6	-3,0053e-004
2,1717	99,143	-401,35	-3,2768e-004
2,1717	99,143	-398,85	-3,0417e-004
-2,216	99,144	-401,35	-3,4833e-004
-2,216	99,144	-398,85	-3,2485e-004
-2,2142e-002	99,135	-392,61	-2,5458e-004
2,1717	99,143	-396,35	-2,8096e-004
2,1717	99,143	-393,86	-2,5807e-004
-2,216	99,144	-396,35	-3,0152e-004
-2,216	99,144	-393,86	-2,7869e-004
-2,2142e-002	99,135	-387,61	-2,0994e-004
2,1717	99,143	-391,36	-2,353e-004
2,1717	99,143	-388,86	-2,1311e-004
-2,216	99,144	-391,36	-2,5604e-004
-2,216	99,144	-388,86	-2,3365e-004
-2,2142e-002	99,135	-382,61	-1,6659e-004
2,1717	99,143	-386,36	-1,9106e-004
2,1717	99,143	-383,86	-1,694e-004
-2,216	99,144	-386,36	-2,1179e-004
-2,216	99,144	-383,86	-1,9006e-004
-2,2142e-002	99,135	-377,62	-1,2474e-004
2,1717	99,143	-381,37	-1,4819e-004
2,1717	99,143	-378,87	-1,2724e-004
-2,216	99,144	-381,37	-1,6889e-004
-2,216	99,144	-378,87	-1,4783e-004
-2,2142e-002	99,135	-372,62	-8,4292e-005
2,1717	99,143	-376,37	-1,0655e-004
2,1717	99,143	-373,87	-8,6337e-005
-2,216	99,144	-376,37	-1,2735e-004
-2,216	99,144	-373,87	-1,0718e-004
-2,2142e-002	99,135	-367,63	-4,5379e-005
2,1717	99,143	-371,37	-6,6631e-005
2,1717	99,143	-368,88	-4,717e-005
-2,216	99,144	-371,37	-8,7242e-005
-2,216	99,144	-368,88	-6,7921e-005
-2,2142e-002	99,135	-362,63	-7,9128e-006
2,1717	99,143	-366,38	-2,8081e-005
2,1717	99,143	-363,88	-9,4562e-006
-2,216	99,144	-366,38	-4,8855e-005
-2,216	99,144	-363,88	-3,0025e-005
-2,2142e-002	99,135	-357,64	2,7958e-005
2,1717	99,143	-361,38	8,9889e-006
2,1717	99,143	-358,88	2,6841e-005
-2,216	99,144	-361,38	-1,1797e-005
-2,216	99,144	-358,88	6,1767e-006
-2,2142e-002	99,135	-352,64	6,2408e-005
2,1717	99,143	-356,39	4,4385e-005
2,1717	99,143	-353,89	6,1738e-005
-2,216	99,144	-356,39	2,3827e-005
-2,216	99,144	-353,89	4,085e-005
-2,2142e-002	99,135	-347,64	9,5434e-005
2,1717	99,143	-351,39	7,8443e-005
2,1717	99,143	-348,89	9,4967e-005
-2,216	99,144	-351,39	5,7715e-005
-2,216	99,144	-348,89	7,4293e-005
-2,2142e-002	99,135	-342,65	1,268e-004
2,1717	99,143	-346,4	1,1103e-004
2,1717	99,143	-343,9	1,2662e-004
-2,216	99,144	-346,4	9,0276e-005
-2,216	99,144	-343,9	1,0598e-004
-2,2142e-002	99,135	-337,65	1,5665e-004
2,1717	99,143	-341,4	1,4195e-004
2,1717	99,143	-338,9	1,5689e-004
-2,216	99,144	-341,4	1,2119e-004
-2,216	99,144	-338,9	1,3614e-004
-2,2142e-002	99,135	-332,66	1,8494e-004
2,1717	99,143	-336,4	1,7145e-004
2,1717	99,143	-333,91	1,8554e-004
-2,216	99,144	-336,4	1,5075e-004
-2,216	99,144	-333,91	1,6486e-004
-2,2142e-002	99,135	-327,66	2,115e-004
2,1717	99,143	-331,41	1,9933e-004
2,1717	99,143	-328,91	2,1249e-004
-2,216	99,144	-331,41	1,7859e-004
-2,216	99,144	-328,91	1,9185e-004
-2,2142e-002	99,135	-322,67	2,3646e-004
2,1717	99,143	-326,41	2,2537e-004
2,1717	99,143	-323,91	2,3791e-004
-2,216	99,144	-326,41	2,048e-004
-2,216	99,144	-323,91	2,1705e-004
-2,2142e-002	99,135	-317,67	2,5952e-004
2,1717	99,143	-321,42	2,498e-004
2,1717	99,143	-318,92	2,6132e-004
-2,216	99,144	-321,42	2,2923e-004
-2,216	99,144	-318,92	2,4064e-004
-2,2142e-002	99,135	-312,67	2,8081e-004
2,1717	99,143	-316,42	2,7241e-004
2,1717	99,143	-313,92	2,8301e-004
-2,216	99,144	-316,42	2,5186e-004
-2,216	99,144	-313,92	2,625e-004
-2,2142e-002	99,135	-307,68	3,0028e-004
2,1717	99,143	-311,42	2,932e-004
2,1717	99,143	-308,93	3,0301e-004
-2,216	99,144	-311,42	2,7253e-004
-2,216	99,144	-308,93	2,8237e-004
-2,2142e-002	99,135	-302,68	3,1794e-004
2,1717	99,143	-306,43	3,122e-004
2,1717	99,143	-303,93	3,2111e-004
-2,216	99,144	-306,43	2,9151e-004
-2,216	99,144	-303,93	3,0036e-004
-2,2142e-002	99,135	-297,69	3,3386e-004
2,1717	99,143	-301,43	3,2939e-004
2,1717	99,143	-298,93	3,3746e-004
-2,216	99,144	-301,43	3,0882e-004
-2,216	99,144	-298,93	3,1668e-004
-2,2142e-002	99,135	-292,69	3,4802e-004
2,1717	99,143	-296,44	3,4486e-004
2,1717	99,143	-293,94	3,5207e-004
-2,216	99,144	-296,44	3,2421e-004
-2,216	99,144	-293,94	3,3126e-004
-2,2142e-002	99,135	-287,69	3,6042e-004
2,1717	99,143	-291,44	3,5855e-004
2,3538	99,145	-288,76	3,6557e-004
-2,216	99,144	-291,44	3,38e-004
-2,216	99,144	-288,94	3,4406e-004
-2,2142e-002	99,135	-282,7	3,7102e-004
2,3538	99,145	-286,26	3,7134e-004
2,4243	99,145	-283,97	3,7634e-004
-2,216	99,144	-286,45	3,4992e-004
-2,216	99,144	-283,95	3,551e-004
-2,2142e-002	99,135	-277,7	3,799e-004
2,4243	99,145	-281,47	3,8113e-004
2,7198	99,148	-279,5	3,8512e-004
-2,216	99,144	-281,45	3,5998e-004
-3,0587	99,151	-278,72	3,5833e-004
-2,2142e-002	99,135	-272,71	3,8714e-004
2,7198	99,148	-277,	3,8934e-004
2,7198	99,148	-274,5	3,9293e-004
-3,0587	99,151	-276,22	3,6213e-004
-2,7641	99,148	-273,41	3,6857e-004
-2,2142e-002	99,135	-267,71	3,9264e-004
2,7198	99,148	-272,01	3,9639e-004
2,007	99,142	-269,54	3,9772e-004
-3,1924	99,153	-268,06	3,7118e-004
-2,7641	99,148	-270,91	3,7158e-004
2,1754	99,143	-262,72	4,0362e-004
2,9624	99,15	-265,13	4,032e-004
2,007	99,142	-267,04	4,0018e-004
-3,1924	99,153	-265,56	3,732e-004
-15,765	99,56	-520,	-1,8711e-003
-20,245	99,835	-517,5	-1,8718e-003
-16,768	99,615	-517,11	-1,8373e-003
-11,269	99,352	-520,	-1,837e-003
-14,521	99,495	-517,11	-1,819e-003
-11,843	99,375	-517,24	-1,7997e-003
-6,7715	99,214	-520,	-1,8061e-003
-9,5944	99,292	-517,24	-1,7826e-003
-7,5379	99,232	-517,58	-1,7728e-003
-5,2885	99,183	-517,58	-1,7576e-003
-21,933	99,957	-267,71	1,1863e-004
-18,928	99,747	-264,98	1,6645e-004
-19,952	99,815	-266,83	1,4955e-004
-21,934	99,957	-272,71	1,1352e-004
-19,952	99,815	-269,32	1,4738e-004
-19,192	99,764	-271,6	1,5656e-004
-21,936	99,957	-277,7	1,0665e-004
-19,358	99,775	-276,46	1,4767e-004
-19,192	99,764	-274,1	1,535e-004
-21,937	99,957	-282,36	9,8685e-005
-21,064	99,893	-282,68	1,1136e-004
-19,359	99,775	-278,96	1,4382e-004
-18,651	99,729	-281,6	1,4991e-004
-21,939	99,957	-287,32	8,8653e-005
-21,938	99,957	-284,86	9,3834e-005
-21,065	99,893	-285,18	1,0644e-004
-21,942	99,958	-292,27	7,6975e-005
-21,941	99,957	-289,81	8,2976e-005
-21,225	99,905	-290,07	9,3173e-005
-21,945	99,958	-297,22	6,3661e-005
-21,943	99,958	-294,76	7,045e-005
-20,879	99,88	-294,94	8,6036e-005
-20,811	99,875	-297,33	8,0435e-005
-21,948	99,958	-302,17	4,8741e-005
-21,946	99,958	-299,71	5,6339e-005
-20,812	99,875	-299,82	7,3072e-005
-20,735	99,87	-302,28	6,6591e-005
-21,952	99,958	-307,12	3,2177e-005
-21,95	99,958	-304,67	4,0593e-005
-20,737	99,87	-304,78	5,8396e-005
-20,73	99,869	-307,49	4,9151e-005
-21,956	99,959	-312,07	1,3931e-005
-21,954	99,958	-309,62	2,3179e-005
-20,732	99,869	-309,99	4,0075e-005
-21,961	99,959	-317,02	-5,8913e-006
-21,959	99,959	-314,57	4,1274e-006
-20,885	99,88	-314,87	1,8897e-005
-20,808	99,875	-317,35	9,8685e-006
-21,966	99,959	-321,97	-2,7256e-005
-21,963	99,959	-319,52	-1,6475e-005
-20,81	99,875	-319,84	-8,2131e-007
-20,733	99,869	-322,32	-1,0629e-005
-21,972	99,96	-326,92	-5,0206e-005
-21,969	99,96	-324,47	-3,8635e-005
-20,735	99,87	-324,82	-2,212e-005
-20,658	99,864	-327,29	-3,2746e-005
-21,977	99,96	-331,87	-7,4753e-005
-21,974	99,96	-329,42	-6,2403e-005
-20,661	99,864	-329,79	-4,5041e-005
-20,462	99,85	-332,03	-5,3489e-005
-21,984	99,961	-336,82	-1,0089e-004
-21,981	99,96	-334,37	-8,7752e-005
-20,465	99,85	-334,53	-6,6564e-005
-20,407	99,846	-336,98	-7,8919e-005
-21,991	99,961	-341,77	-1,2848e-004
-21,987	99,961	-339,32	-1,1465e-004
-20,411	99,847	-339,48	-9,2786e-005
-20,425	99,848	-342,21	-1,0856e-004
-21,998	99,962	-346,71	-1,5759e-004
-21,994	99,962	-344,26	-1,43e-004
-20,428	99,848	-344,71	-1,2321e-004
-22,005	99,962	-351,68	-1,8826e-004
-22,001	99,962	-349,21	-1,7284e-004
-20,287	99,838	-350,04	-1,5366e-004
-22,013	99,963	-356,63	-2,203e-004
-22,009	99,963	-354,17	-2,0424e-004
-20,247	99,835	-355,02	-1,8494e-004
-22,022	99,964	-361,58	-2,538e-004
-22,017	99,963	-359,12	-2,3703e-004
-20,205	99,832	-360,	-2,1767e-004
-22,03	99,964	-366,53	-2,887e-004
-22,026	99,964	-364,07	-2,7124e-004
-20,165	99,83	-364,98	-2,5186e-004
-22,04	99,965	-371,48	-3,25e-004
-22,035	99,965	-369,03	-3,0685e-004
-20,271	99,837	-370,1	-2,9055e-004
-22,049	99,966	-376,43	-3,6261e-004
-22,044	99,965	-373,98	-3,4381e-004
-20,232	99,834	-375,07	-3,2757e-004
-22,059	99,966	-381,38	-4,0153e-004
-22,054	99,966	-378,93	-3,8209e-004
-20,281	99,838	-380,22	-3,6852e-004
-22,069	99,967	-386,33	-4,4177e-004
-22,064	99,967	-383,88	-4,2167e-004
-20,17	99,83	-385,42	-4,0909e-004
-22,08	99,968	-391,28	-4,833e-004
-22,075	99,968	-388,83	-4,6256e-004
-20,182	99,831	-390,52	-4,5194e-004
-22,091	99,969	-396,23	-5,2606e-004
-22,086	99,968	-393,78	-5,0472e-004
-20,221	99,834	-395,51	-4,9549e-004
-22,103	99,97	-401,18	-5,7005e-004
-22,097	99,969	-398,73	-5,4811e-004
-20,179	99,831	-400,65	-5,4061e-004
-22,115	99,971	-406,13	-6,1521e-004
-22,109	99,97	-403,68	-5,9269e-004
-20,271	99,837	-405,62	-5,8715e-004
-22,127	99,972	-411,08	-6,6148e-004
-22,121	99,971	-408,63	-6,3842e-004
-20,364	99,843	-410,59	-6,3481e-004
-22,14	99,973	-416,04	-7,0887e-004
-22,134	99,972	-413,58	-6,8524e-004
-20,457	99,85	-415,57	-6,8357e-004
-22,153	99,974	-420,99	-7,5733e-004
-22,147	99,973	-418,53	-7,3318e-004
-20,55	99,856	-420,54	-7,334e-004
-22,167	99,975	-425,94	-8,0685e-004
-22,16	99,974	-423,48	-7,8219e-004
-20,52	99,854	-425,41	-7,8171e-004
-22,181	99,976	-430,89	-8,5733e-004
-22,174	99,975	-428,43	-8,3221e-004
-20,741	99,87	-430,48	-8,3613e-004
-22,195	99,977	-435,83	-9,0869e-004
-22,188	99,976	-433,38	-8,8318e-004
-20,853	99,878	-435,45	-8,8906e-004
-20,748	99,87	-432,98	-8,6205e-004
-22,21	99,978	-440,79	-9,612e-004
-22,203	99,977	-438,32	-9,35e-004
-20,927	99,883	-440,43	-9,426e-004
-20,861	99,878	-437,95	-9,1546e-004
-22,225	99,979	-445,74	-1,0146e-003
-22,218	99,978	-443,29	-9,8801e-004
-20,857	99,878	-445,71	-9,9873e-004
-20,935	99,884	-442,93	-9,6949e-004
-22,241	99,98	-450,69	-1,0689e-003
-22,233	99,98	-448,24	-1,0418e-003
-20,93	99,883	-450,66	-1,0539e-003
-20,865	99,879	-448,21	-1,0261e-003
-22,257	99,981	-455,64	-1,1241e-003
-22,249	99,981	-453,19	-1,0966e-003
-20,905	99,882	-455,48	-1,1074e-003
-20,938	99,884	-453,16	-1,0818e-003
-22,273	99,983	-460,59	-1,1801e-003
-22,265	99,982	-458,14	-1,1522e-003
-21,087	99,895	-460,52	-1,1664e-003
-20,913	99,882	-457,98	-1,1356e-003
-22,29	99,984	-465,54	-1,2368e-003
-22,281	99,983	-463,09	-1,2086e-003
-21,197	99,903	-465,55	-1,2253e-003
-21,095	99,895	-463,02	-1,195e-003
-22,307	99,985	-470,49	-1,2944e-003
-22,298	99,985	-468,04	-1,2658e-003
-21,235	99,905	-470,45	-1,2827e-003
-21,206	99,903	-468,05	-1,2543e-003
-22,324	99,987	-475,44	-1,3527e-003
-22,316	99,986	-472,99	-1,3237e-003
-21,576	99,93	-475,34	-1,3437e-003
-21,244	99,906	-472,95	-1,3121e-003
-22,342	99,988	-480,39	-1,4118e-003
-22,333	99,987	-477,94	-1,3825e-003
-21,393	99,917	-480,23	-1,4002e-003
-21,585	99,931	-477,83	-1,3735e-003
-22,369	99,99	-487,53	-1,4984e-003
-22,352	99,989	-482,89	-1,442e-003
-21,403	99,918	-482,72	-1,4304e-003
-20,003	99,819	-486,85	-1,4667e-003
-19,708	99,799	-484,5	-1,435e-003
-22,388	99,991	-492,52	-1,5601e-003
-20,012	99,819	-489,35	-1,4976e-003
-19,995	99,818	-491,52	-1,5245e-003
-22,407	99,993	-497,52	-1,6229e-003
-20,004	99,819	-494,02	-1,5559e-003
-19,905	99,812	-496,55	-1,587e-003
-22,427	99,994	-502,51	-1,687e-003
-19,915	99,813	-499,05	-1,619e-003
-19,911	99,812	-501,48	-1,6506e-003
-22,448	99,996	-507,51	-1,7528e-003
-19,921	99,813	-503,98	-1,6834e-003
-19,71	99,799	-506,82	-1,7193e-003
-22,468	99,998	-512,51	-1,8207e-003
-18,992	99,751	-512,12	-1,7853e-003
-19,72	99,799	-509,32	-1,7531e-003
-19,003	99,752	-514,62	-1,8204e-003
19,741	99,801	-260,22	3,4232e-004
21,933	99,957	-262,72	3,2848e-004
21,933	99,957	-257,76	3,3027e-004
15,354	99,538	-260,22	3,6694e-004
19,741	99,801	-262,72	3,412e-004
19,741	99,801	-257,76	3,4296e-004
16,774	99,616	-257,92	3,5972e-004
16,451	99,597	-262,42	3,5988e-004
10,963	99,34	-260,22	3,8918e-004
14,579	99,498	-257,92	3,7172e-004
12,612	99,407	-257,46	3,8202e-004
14,256	99,482	-262,42	3,7187e-004
11,985	99,38	-262,52	3,8338e-004
6,5699	99,209	-260,22	4,0424e-004
10,416	99,32	-257,46	3,9228e-004
7,7903	99,239	-257,35	4,0204e-004
9,7885	99,299	-262,52	3,9323e-004
7,3568	99,228	-262,63	4,0144e-004
2,1754	99,143	-257,76	4,0536e-004
5,5933	99,189	-257,35	4,0673e-004
5,1597	99,181	-262,63	4,0545e-004
20,252	99,836	-520,	-1,7167e-003
22,5	99,999	-517,55	-1,6796e-003
22,225	99,979	-445,74	-8,0522e-004
22,218	99,978	-443,29	-7,7874e-004
20,795	99,874	-445,6	-8,0099e-004
20,935	99,884	-442,93	-7,7232e-004
22,203	99,977	-438,32	-7,259e-004
22,21	99,978	-440,79	-7,5203e-004
20,927	99,883	-440,43	-7,4553e-004
20,861	99,878	-437,95	-7,1902e-004
22,188	99,976	-433,38	-6,7421e-004
22,195	99,977	-435,83	-6,9964e-004
20,853	99,878	-435,45	-6,9269e-004
20,748	99,87	-432,98	-6,6668e-004
22,174	99,975	-428,43	-6,2338e-004
22,181	99,976	-430,89	-6,4843e-004
20,741	99,87	-430,48	-6,4082e-004
22,16	99,974	-423,48	-5,735e-004
22,167	99,975	-425,94	-5,9809e-004
20,576	99,858	-425,16	-5,8615e-004
22,147	99,973	-418,53	-5,2462e-004
22,153	99,974	-420,99	-5,487e-004
20,465	99,85	-420,19	-5,3616e-004
22,134	99,972	-413,58	-4,7683e-004
22,14	99,973	-416,04	-5,0038e-004
20,397	99,846	-415,21	-4,8735e-004
22,121	99,971	-408,63	-4,3009e-004
22,127	99,972	-411,08	-4,5311e-004
20,332	99,841	-410,23	-4,3957e-004
22,109	99,97	-403,68	-3,8449e-004
22,115	99,971	-406,13	-4,0694e-004
20,269	99,837	-405,25	-3,9291e-004
22,097	99,969	-398,73	-3,4003e-004
22,103	99,97	-401,18	-3,6191e-004
20,209	99,833	-400,27	-3,4739e-004
22,086	99,968	-393,78	-2,9675e-004
22,091	99,969	-396,23	-3,1804e-004
20,305	99,839	-395,16	-3,024e-004
22,075	99,968	-388,83	-2,5468e-004
22,08	99,968	-391,28	-2,7537e-004
20,246	99,835	-390,19	-2,5935e-004
22,064	99,967	-383,88	-2,1389e-004
22,069	99,967	-386,33	-2,3393e-004
20,276	99,837	-385,04	-2,165e-004
22,054	99,966	-378,93	-1,7443e-004
22,059	99,966	-381,38	-1,9382e-004
20,151	99,829	-379,88	-1,7432e-004
22,044	99,965	-373,98	-1,3624e-004
22,049	99,966	-376,43	-1,5501e-004
20,167	99,83	-374,74	-1,3429e-004
22,035	99,965	-369,03	-9,9338e-005
22,04	99,965	-371,48	-1,1745e-004
20,082	99,824	-369,58	-9,5061e-005
22,026	99,964	-364,07	-6,3807e-005
22,03	99,964	-366,53	-8,1239e-005
20,153	99,829	-364,61	-5,9299e-005
22,017	99,963	-359,12	-2,9661e-005
22,022	99,964	-361,58	-4,6401e-005
20,224	99,834	-359,63	-2,4971e-005
22,009	99,963	-354,17	3,0396e-006
22,013	99,963	-356,63	-1,2979e-005
20,296	99,839	-354,66	7,8307e-006
22,001	99,962	-349,21	3,435e-005
22,005	99,962	-351,68	1,8977e-005
20,346	99,842	-349,68	3,9356e-005
21,994	99,962	-344,26	6,4129e-005
21,998	99,962	-346,71	4,9564e-005
20,428	99,848	-344,71	6,9155e-005
21,987	99,961	-339,32	9,2426e-005
21,991	99,961	-341,77	7,8612e-005
20,444	99,849	-339,39	9,9713e-005
20,425	99,848	-342,21	8,3787e-005
21,981	99,96	-334,37	1,1927e-004
21,984	99,961	-336,82	1,0616e-004
20,587	99,859	-334,76	1,2427e-004
20,441	99,849	-336,9	1,1352e-004
21,974	99,96	-329,42	1,4455e-004
21,977	99,96	-331,87	1,3222e-004
20,661	99,864	-329,79	1,4953e-004
20,584	99,859	-332,27	1,3736e-004
21,969	99,96	-324,47	1,6824e-004
21,972	99,96	-326,92	1,567e-004
20,735	99,87	-324,82	1,7314e-004
20,658	99,864	-327,29	1,618e-004
21,963	99,959	-319,52	1,9033e-004
21,966	99,959	-321,97	1,7959e-004
20,625	99,862	-319,55	1,9739e-004
20,733	99,869	-322,32	1,846e-004
21,959	99,959	-314,57	2,1087e-004
21,961	99,959	-317,02	2,0089e-004
20,575	99,858	-314,74	2,177e-004
20,622	99,862	-317,06	2,0798e-004
21,954	99,958	-309,62	2,2985e-004
21,956	99,959	-312,07	2,2063e-004
20,753	99,871	-309,7	2,3615e-004
20,573	99,858	-312,24	2,2753e-004
21,95	99,958	-304,67	2,4722e-004
21,952	99,958	-307,12	2,3883e-004
20,832	99,876	-304,66	2,5344e-004
20,751	99,871	-307,2	2,4516e-004
21,946	99,958	-299,71	2,6294e-004
21,948	99,958	-302,17	2,5536e-004
20,898	99,881	-299,7	2,6884e-004
20,83	99,876	-302,16	2,616e-004
21,943	99,958	-294,76	2,7702e-004
21,945	99,958	-297,22	2,7025e-004
20,919	99,883	-294,79	2,827e-004
20,896	99,881	-297,2	2,7617e-004
21,941	99,957	-289,81	2,8947e-004
21,942	99,958	-292,27	2,835e-004
21,226	99,905	-289,92	2,9328e-004
20,918	99,883	-292,3	2,8922e-004
21,938	99,957	-284,86	3,0032e-004
21,939	99,957	-287,32	2,9514e-004
21,039	99,891	-285,02	3,0513e-004
21,225	99,905	-287,42	2,9899e-004
21,936	99,957	-277,7	3,1305e-004
21,937	99,957	-282,36	3,0515e-004
21,038	99,891	-282,53	3,0999e-004
19,515	99,786	-278,42	3,2583e-004
19,259	99,769	-280,5	3,2385e-004
21,934	99,957	-272,71	3,1992e-004
19,514	99,786	-275,92	3,2963e-004
19,613	99,792	-273,75	3,3201e-004
21,933	99,957	-267,71	3,2505e-004
19,613	99,792	-271,25	3,35e-004
19,824	99,806	-269,3	3,358e-004
18,645	99,729	-264,92	3,4615e-004
19,823	99,806	-266,8	3,3801e-004
6,7405	99,213	-520,	-1,7424e-003
5,7329	99,191	-517,11	-1,6992e-003
11,247	99,351	-520,	-1,7309e-003
7,9867	99,244	-517,11	-1,6936e-003
10,671	99,33	-517,25	-1,6902e-003
15,751	99,559	-520,	-1,7226e-003
12,924	99,42	-517,25	-1,6864e-003
14,99	99,519	-517,59	-1,6886e-003
20,252	99,836	-517,55	-1,6818e-003
17,241	99,643	-517,59	-1,6857e-003
-22,225	99,979	-74,323	-8,8604e-004
-20,797	99,874	-73,783	-8,7532e-004
-22,21	99,978	-79,278	-8,3607e-004
-22,217	99,978	-76,778	-8,6116e-004
-20,929	99,883	-78,913	-8,2496e-004
-22,195	99,977	-84,242	-7,8698e-004
-22,202	99,977	-81,733	-8,1167e-004
-20,818	99,875	-83,849	-7,747e-004
-22,181	99,976	-89,195	-7,3893e-004
-22,188	99,976	-86,697	-7,6305e-004
-20,726	99,869	-88,781	-7,2564e-004
-22,167	99,975	-94,142	-6,9187e-004
-22,174	99,975	-91,65	-7,1546e-004
-20,646	99,863	-93,709	-6,7767e-004
-22,153	99,974	-99,097	-6,4577e-004
-22,16	99,974	-96,597	-6,689e-004
-20,639	99,863	-96,164	-6,5453e-004
-20,467	99,851	-98,995	-6,2616e-004
-22,14	99,973	-104,05	-6,007e-004
-22,147	99,973	-101,55	-6,233e-004
-20,46	99,85	-101,45	-6,0356e-004
-20,399	99,846	-103,93	-5,8032e-004
-22,127	99,972	-109,01	-5,567e-004
-22,134	99,972	-106,51	-5,7875e-004
-20,392	99,845	-106,38	-5,5826e-004
-20,334	99,841	-108,87	-5,3552e-004
-22,115	99,971	-113,96	-5,1383e-004
-22,121	99,971	-111,46	-5,3531e-004
-20,328	99,841	-111,32	-5,14e-004
-20,272	99,837	-113,81	-4,9187e-004
-22,103	99,97	-118,92	-4,7208e-004
-22,109	99,97	-116,42	-4,93e-004
-20,266	99,837	-116,26	-4,709e-004
-20,211	99,833	-118,74	-4,4936e-004
-22,091	99,969	-123,87	-4,315e-004
-22,097	99,969	-121,37	-4,5182e-004
-20,205	99,832	-121,2	-4,2893e-004
-20,151	99,829	-123,68	-4,0799e-004
-22,08	99,968	-128,83	-3,9212e-004
-22,086	99,968	-126,33	-4,1183e-004
-20,146	99,828	-126,13	-3,8818e-004
-20,226	99,834	-128,77	-3,683e-004
-22,069	99,967	-133,78	-3,5401e-004
-22,075	99,968	-131,28	-3,7308e-004
-20,22	99,833	-131,23	-3,491e-004
-20,231	99,834	-133,85	-3,2911e-004
-22,059	99,966	-138,74	-3,1719e-004
-22,064	99,967	-136,24	-3,356e-004
-20,152	99,829	-138,97	-2,8996e-004
-20,226	99,834	-136,31	-3,106e-004
-22,049	99,966	-143,69	-2,817e-004
-22,054	99,966	-141,19	-2,9945e-004
-20,251	99,836	-144,03	-2,5503e-004
-20,147	99,828	-141,43	-2,721e-004
-22,039	99,965	-148,65	-2,475e-004
-22,044	99,965	-146,15	-2,646e-004
-20,253	99,836	-149,02	-2,2058e-004
-20,246	99,835	-146,48	-2,3784e-004
-22,03	99,964	-153,6	-2,1463e-004
-22,035	99,965	-151,1	-2,3104e-004
-20,28	99,838	-153,95	-1,8825e-004
-20,249	99,835	-151,47	-2,0405e-004
-22,021	99,964	-158,56	-1,8315e-004
-22,026	99,964	-156,06	-1,9886e-004
-20,306	99,839	-158,86	-1,5734e-004
-20,276	99,837	-156,4	-1,724e-004
-22,013	99,963	-163,51	-1,531e-004
-22,017	99,963	-161,01	-1,6808e-004
-20,332	99,841	-163,79	-1,2787e-004
-20,302	99,839	-161,32	-1,4221e-004
-22,005	99,962	-168,47	-1,2448e-004
-22,009	99,963	-165,97	-1,3874e-004
-20,365	99,843	-168,74	-9,9745e-005
-20,328	99,841	-166,24	-1,1346e-004
-21,997	99,962	-173,42	-9,7331e-005
-22,001	99,962	-170,92	-1,1085e-004
-20,441	99,849	-173,86	-7,2803e-005
-20,361	99,843	-171,19	-8,604e-005
-21,99	99,961	-178,38	-7,1631e-005
-21,994	99,961	-175,88	-8,4415e-005
-20,438	99,849	-176,31	-5,9877e-005
-21,984	99,961	-183,33	-4,7455e-005
-21,987	99,961	-180,83	-5,9462e-005
-20,441	99,849	-181,59	-3,348e-005
-21,977	99,96	-188,29	-2,4794e-005
-21,98	99,96	-185,79	-3,6036e-005
-20,489	99,852	-186,5	-1,1113e-005
-21,971	99,96	-193,24	-3,7012e-006
-21,974	99,96	-190,74	-1,415e-005
-20,658	99,864	-191,11	6,6929e-006
-21,966	99,959	-198,2	1,5792e-005
-21,969	99,96	-195,69	6,1586e-006
-20,733	99,869	-196,04	2,5705e-005
-21,961	99,959	-203,15	3,3723e-005
-21,963	99,959	-200,65	2,4871e-005
-20,623	99,862	-201,26	4,6936e-005
-21,956	99,959	-208,1	5,0095e-005
-21,958	99,959	-205,6	4,2039e-005
-20,573	99,858	-206,04	6,4061e-005
-21,952	99,958	-213,06	6,4865e-005
-21,954	99,958	-210,56	5,7621e-005
-20,752	99,871	-211,04	7,699e-005
-21,948	99,958	-218,01	7,7967e-005
-21,95	99,958	-215,51	7,1564e-005
-20,831	99,876	-216,04	8,9722e-005
-21,945	99,958	-222,97	8,9416e-005
-21,946	99,958	-220,47	8,3853e-005
-20,897	99,881	-220,95	1,0075e-004
-21,942	99,958	-227,92	9,9243e-005
-21,943	99,958	-225,42	9,4491e-005
-20,918	99,883	-225,82	1,1073e-004
-21,939	99,957	-232,88	1,0747e-004
-21,94	99,957	-230,38	1,0353e-004
-21,225	99,905	-230,66	1,148e-004
-21,937	99,957	-238,12	1,1442e-004
-21,938	99,957	-235,33	1,1095e-004
-21,033	99,891	-235,53	1,249e-004
-21,935	99,957	-243,03	1,1922e-004
-21,033	99,891	-237,98	1,2795e-004
-19,353	99,775	-242,15	1,5766e-004
-19,137	99,761	-239,99	1,5885e-004
-21,934	99,957	-247,94	1,2239e-004
-19,352	99,775	-244,6	1,5964e-004
-19,596	99,791	-246,86	1,5739e-004
-21,933	99,957	-252,85	1,2389e-004
-19,595	99,791	-249,32	1,5853e-004
-19,812	99,806	-251,27	1,5592e-004
-18,651	99,729	-255,56	1,7398e-004
-19,812	99,806	-253,72	1,5629e-004
-2,2721	99,144	0,	-1,6003e-003
-2,2142e-002	99,135	-2,4549	-1,5501e-003
2,2323	99,144	0,	-1,579e-003
-15,765	99,56	0,	-1,692e-003
-17,245	99,643	-2,425	-1,6704e-003
-11,269	99,352	0,	-1,6579e-003
-14,999	99,519	-2,425	-1,6522e-003
-12,944	99,421	-2,755	-1,6311e-003
-6,7715	99,214	0,	-1,627e-003
-10,696	99,331	-2,755	-1,6137e-003
-8,0127	99,245	-2,8653	-1,5922e-003
-2,2721	99,144	-2,4549	-1,5617e-003
-5,7633	99,192	-2,8653	-1,5767e-003
-2,2142e-002	99,135	-252,85	3,9801e-004
3,396	99,155	-254,9	4,0695e-004
-3,0017	99,151	-255,35	3,788e-004
-2,0103	99,142	-253,42	3,8621e-004
-2,2142e-002	99,135	-247,94	3,9621e-004
3,396	99,155	-252,44	4,0684e-004
2,7225	99,148	-249,72	4,0507e-004
-2,0103	99,142	-250,96	3,8558e-004
-2,2006	99,144	-248,9	3,8352e-004
-2,2142e-002	99,135	-243,03	3,9261e-004
2,7225	99,148	-247,26	4,0407e-004
2,481	99,146	-244,48	4,017e-004
-2,2006	99,144	-246,45	3,8209e-004
-2,7668	99,148	-243,71	3,7581e-004
-2,2142e-002	99,135	-238,12	3,8749e-004
2,481	99,146	-242,02	3,9976e-004
2,4233	99,145	-239,53	3,9689e-004
-2,7668	99,148	-241,26	3,7339e-004
-2,3273	99,145	-239,	3,7434e-004
-2,2142e-002	99,135	-233,21	3,8061e-004
2,4233	99,145	-237,08	3,941e-004
2,1738	99,143	-234,44	3,8984e-004
-2,3273	99,145	-236,54	3,7144e-004
-2,2181	99,144	-234,44	3,6928e-004
-2,2142e-002	99,135	-228,3	3,721e-004
2,1738	99,143	-231,99	3,8622e-004
2,1738	99,143	-229,53	3,8181e-004
-2,2181	99,144	-231,99	3,6529e-004
-2,2181	99,144	-229,53	3,6109e-004
-2,2142e-002	99,135	-223,39	3,6191e-004
2,1738	99,143	-227,08	3,7711e-004
2,1738	99,143	-224,62	3,7199e-004
-2,2181	99,144	-227,08	3,564e-004
-2,2181	99,144	-224,62	3,5125e-004
-2,2142e-002	99,135	-218,48	3,5005e-004
2,1738	99,143	-222,17	3,6655e-004
2,1738	99,143	-219,71	3,6051e-004
-2,2181	99,144	-222,17	3,4585e-004
-2,2181	99,144	-219,71	3,3977e-004
-2,2142e-002	99,135	-213,57	3,3644e-004
2,1738	99,143	-217,26	3,542e-004
2,1738	99,143	-214,8	3,4733e-004
-2,2181	99,144	-217,26	3,3356e-004
-2,2181	99,144	-214,8	3,2669e-004
-2,2142e-002	99,135	-208,66	3,2113e-004
2,1738	99,143	-212,35	3,4012e-004
2,1738	99,143	-209,89	3,3246e-004
-2,2181	99,144	-212,35	3,1948e-004
-2,2181	99,144	-209,89	3,1183e-004
-2,2142e-002	99,135	-203,76	3,0413e-004
2,1738	99,143	-207,44	3,2445e-004
2,1738	99,143	-204,98	3,1607e-004
-2,2181	99,144	-207,44	3,038e-004
-2,2181	99,144	-204,98	2,9531e-004
-2,2142e-002	99,135	-198,85	2,8534e-004
2,1738	99,143	-202,53	3,0698e-004
2,1738	99,143	-200,07	2,9772e-004
-2,2181	99,144	-202,53	2,8642e-004
-2,2181	99,144	-200,07	2,7693e-004
-2,2142e-002	99,135	-193,94	2,6472e-004
2,1738	99,143	-197,62	2,8773e-004
2,1738	99,143	-195,16	2,7767e-004
-2,2181	99,144	-197,62	2,6719e-004
-2,2181	99,144	-195,16	2,5679e-004
-2,2142e-002	99,135	-189,03	2,4264e-004
2,1738	99,143	-192,71	2,6701e-004
2,1738	99,143	-190,25	2,5577e-004
-2,2181	99,144	-192,71	2,4616e-004
-2,2181	99,144	-190,25	2,3525e-004
-2,2142e-002	99,135	-184,12	2,1884e-004
2,1738	99,143	-187,8	2,4441e-004
2,1738	99,143	-185,34	2,3236e-004
-2,2181	99,144	-187,8	2,2356e-004
-2,2181	99,144	-185,34	2,1186e-004
-2,2142e-002	99,135	-179,21	1,9344e-004
2,1738	99,143	-182,89	2,2028e-004
2,1738	99,143	-180,43	2,0752e-004
-2,2181	99,144	-182,89	1,9955e-004
-2,2181	99,144	-180,43	1,8678e-004
-2,2142e-002	99,135	-174,3	1,6658e-004
2,1738	99,143	-177,98	1,9442e-004
2,1738	99,143	-175,52	1,8104e-004
-2,2181	99,144	-177,98	1,7381e-004
-2,2181	99,144	-175,52	1,6029e-004
-2,2142e-002	99,135	-169,39	1,3821e-004
2,1738	99,143	-173,07	1,6719e-004
2,1738	99,143	-170,61	1,53e-004
-2,2181	99,144	-173,07	1,4653e-004
-2,2181	99,144	-170,61	1,3238e-004
-2,2142e-002	99,135	-164,48	1,0838e-004
2,1738	99,143	-168,16	1,3853e-004
2,1738	99,143	-165,7	1,2371e-004
-2,2181	99,144	-168,16	1,1781e-004
-2,2181	99,144	-165,7	1,0301e-004
-2,2142e-002	99,135	-159,57	7,7114e-005
2,1738	99,143	-163,25	1,0827e-004
2,1738	99,143	-160,79	9,2778e-005
-2,2181	99,144	-163,25	8,7759e-005
-2,2181	99,144	-160,79	7,1897e-005
-2,2142e-002	99,135	-154,66	4,4359e-005
2,1738	99,143	-158,34	7,6745e-005
2,1738	99,143	-155,88	6,0408e-005
-2,2181	99,144	-158,34	5,6136e-005
-2,2181	99,144	-155,88	3,9802e-005
-2,2142e-002	99,135	-149,75	1,0239e-005
2,1738	99,143	-153,43	4,3706e-005
2,1738	99,143	-150,98	2,6687e-005
-2,2181	99,144	-153,43	2,2934e-005
-2,2181	99,144	-150,98	5,9963e-006
-2,2142e-002	99,135	-144,84	-2,5399e-005
2,1738	99,143	-148,52	9,1574e-006
2,1738	99,143	-146,07	-8,6419e-006
-2,2181	99,144	-148,52	-1,1509e-005
-2,2181	99,144	-146,07	-2,9226e-005
-2,2142e-002	99,135	-139,93	-6,2506e-005
2,1738	99,143	-143,61	-2,6687e-005
2,1738	99,143	-141,16	-4,5301e-005
-2,2181	99,144	-143,61	-4,7422e-005
-2,2181	99,144	-141,16	-6,588e-005
-2,2142e-002	99,135	-135,02	-1,0098e-004
2,1738	99,143	-138,7	-6,4083e-005
2,1738	99,143	-136,25	-8,341e-005
-2,2181	99,144	-138,7	-8,4872e-005
-2,2181	99,144	-136,25	-1,0398e-004
-2,2142e-002	99,135	-130,11	-1,4077e-004
2,1738	99,143	-133,79	-1,029e-004
2,1738	99,143	-131,34	-1,2281e-004
-2,2181	99,144	-133,79	-1,2366e-004
-2,2181	99,144	-131,34	-1,4349e-004
-2,2142e-002	99,135	-125,2	-1,8191e-004
2,1738	99,143	-128,88	-1,4291e-004
2,1738	99,143	-126,43	-1,6351e-004
-2,2181	99,144	-128,88	-1,6368e-004
-2,2181	99,144	-126,43	-1,8423e-004
-2,2142e-002	99,135	-120,29	-2,2409e-004
2,1738	99,143	-123,97	-1,8435e-004
2,1738	99,143	-121,52	-2,0536e-004
-2,2181	99,144	-123,97	-2,0501e-004
-2,2181	99,144	-121,52	-2,2614e-004
-2,2142e-002	99,135	-115,38	-2,6762e-004
2,1738	99,143	-119,06	-2,2687e-004
2,1738	99,143	-116,61	-2,484e-004
-2,2181	99,144	-119,06	-2,4749e-004
-2,2181	99,144	-116,61	-2,6928e-004
-2,2142e-002	99,135	-110,47	-3,1206e-004
2,1738	99,143	-114,15	-2,7037e-004
2,1738	99,143	-111,7	-2,9274e-004
-2,2181	99,144	-114,15	-2,9128e-004
-2,2181	99,144	-111,7	-3,1339e-004
-2,2142e-002	99,135	-105,56	-3,5769e-004
2,1738	99,143	-109,24	-3,1519e-004
2,1738	99,143	-106,79	-3,3807e-004
-2,2181	99,144	-109,24	-3,3601e-004
-2,2181	99,144	-106,79	-3,5879e-004
-2,2142e-002	99,135	-100,65	-4,0442e-004
2,1738	99,143	-104,33	-3,6117e-004
2,1738	99,143	-101,88	-3,8436e-004
-2,2181	99,144	-104,33	-3,8183e-004
-2,2181	99,144	-101,88	-4,0511e-004
-2,2142e-002	99,135	-95,74	-4,5215e-004
2,1738	99,143	-99,423	-4,0796e-004
2,1738	99,143	-96,968	-4,319e-004
-2,2181	99,144	-99,423	-4,2876e-004
-2,2181	99,144	-96,968	-4,5259e-004
-2,2142e-002	99,135	-90,831	-5,0093e-004
2,1738	99,143	-94,513	-4,5595e-004
2,1738	99,143	-92,058	-4,8044e-004
-2,2181	99,144	-94,513	-4,7668e-004
-2,2181	99,144	-92,058	-5,0109e-004
-2,2142e-002	99,135	-85,921	-5,5079e-004
2,1738	99,143	-89,603	-5,0497e-004
2,1738	99,143	-87,148	-5,2993e-004
-2,2181	99,144	-89,603	-5,2566e-004
-2,2181	99,144	-87,148	-5,5069e-004
-2,2142e-002	99,135	-81,011	-6,0169e-004
2,1738	99,143	-84,693	-5,5499e-004
2,1738	99,143	-82,239	-5,8049e-004
-2,2181	99,144	-84,693	-5,7572e-004
-2,2181	99,144	-82,239	-6,0119e-004
-2,2142e-002	99,135	-76,101	-6,5351e-004
2,1738	99,143	-79,784	-6,0611e-004
2,1738	99,143	-77,329	-6,3206e-004
-2,2181	99,144	-79,784	-6,2688e-004
-2,2181	99,144	-77,329	-6,5273e-004
-2,2142e-002	99,135	-71,192	-7,0632e-004
2,1738	99,143	-74,874	-6,581e-004
2,1738	99,143	-72,419	-6,8453e-004
-2,2181	99,144	-74,874	-6,7889e-004
-2,2181	99,144	-72,419	-7,0524e-004
-2,2142e-002	99,135	-66,282	-7,5997e-004
2,1738	99,143	-69,964	-7,1113e-004
2,1738	99,143	-67,509	-7,3793e-004
-2,2181	99,144	-69,964	-7,3183e-004
-2,2181	99,144	-67,509	-7,5863e-004
-2,2142e-002	99,135	-61,372	-8,1443e-004
2,1738	99,143	-65,054	-7,6497e-004
2,1738	99,143	-62,599	-7,9209e-004
-2,2181	99,144	-65,054	-7,8564e-004
-2,2181	99,144	-62,599	-8,1281e-004
-2,2142e-002	99,135	-56,462	-8,6969e-004
2,1738	99,143	-60,145	-8,1961e-004
2,1738	99,143	-57,69	-8,4714e-004
-2,2181	99,144	-60,145	-8,4038e-004
-2,401	99,145	-57,873	-8,6694e-004
-2,2142e-002	99,135	-51,552	-9,2572e-004
2,1738	99,143	-55,235	-8,7503e-004
2,3567	99,145	-52,597	-9,0444e-004
-2,401	99,145	-55,418	-8,947e-004
-2,2181	99,144	-52,78	-9,237e-004
-2,2142e-002	99,135	-46,643	-9,8256e-004
2,3567	99,145	-50,142	-9,3272e-004
2,1738	99,143	-47,87	-9,5956e-004
-2,2181	99,144	-50,325	-9,5188e-004
-2,4006	99,145	-47,694	-9,8338e-004
-2,2142e-002	99,135	-41,733	-1,0402e-003
2,1738	99,143	-45,415	-9,8816e-004
2,3563	99,145	-43,126	-1,0143e-003
-2,4006	99,145	-45,239	-1,012e-003
-2,4314	99,145	-42,748	-1,0414e-003
-2,2142e-002	99,135	-36,823	-1,0986e-003
2,3563	99,145	-40,671	-1,0433e-003
2,311	99,145	-38,261	-1,0721e-003
-2,4314	99,145	-40,293	-1,0704e-003
-2,4366	99,146	-37,832	-1,0997e-003
-2,2142e-002	99,135	-31,913	-1,1579e-003
2,311	99,145	-35,806	-1,1015e-003
2,1738	99,143	-33,141	-1,1341e-003
-2,4366	99,146	-35,377	-1,1292e-003
-2,4374	99,146	-32,921	-1,1588e-003
-2,2142e-002	99,135	-27,004	-1,2184e-003
2,1738	99,143	-30,686	-1,164e-003
2,1738	99,143	-28,231	-1,1942e-003
-2,4374	99,146	-30,467	-1,1888e-003
-2,4376	99,146	-28,012	-1,219e-003
-2,2142e-002	99,135	-22,094	-1,2802e-003
2,1738	99,143	-25,776	-1,2247e-003
2,268	99,144	-23,62	-1,2515e-003
-2,4376	99,146	-25,557	-1,2495e-003
-2,5325	99,146	-23,059	-1,2815e-003
-2,2142e-002	99,135	-17,184	-1,3436e-003
2,268	99,144	-21,165	-1,2826e-003
2,362	99,145	-18,832	-1,3124e-003
-2,5325	99,146	-20,604	-1,3128e-003
-2,542	99,146	-18,196	-1,344e-003
-2,2142e-002	99,135	-12,274	-1,4091e-003
2,362	99,145	-16,377	-1,3444e-003
2,7225	99,148	-14,051	-1,374e-003
-2,542	99,146	-15,742	-1,3762e-003
-2,7668	99,148	-12,953	-1,4147e-003
-2,2142e-002	99,135	-7,3646	-1,4773e-003
2,7225	99,148	-11,596	-1,4072e-003
2,032	99,142	-9,2008	-1,4427e-003
-3,5136	99,156	-7,7751	-1,4908e-003
-2,7668	99,148	-10,498	-1,4482e-003
2,2323	99,144	-2,4549	-1,5404e-003
2,995	99,151	-4,8625	-1,5015e-003
2,032	99,142	-6,746	-1,4775e-003
-3,5136	99,156	-5,3202	-1,526e-003
6,7405	99,213	0,	-1,5633e-003
5,2492	99,182	-2,4076	-1,5307e-003
11,247	99,351	0,	-1,5518e-003
7,5031	99,231	-2,4076	-1,5247e-003
9,5701	99,292	-2,7548	-1,515e-003
15,751	99,559	0,	-1,5435e-003
11,823	99,374	-2,7548	-1,511e-003
14,509	99,495	-2,864	-1,5054e-003
20,241	99,835	-2,4549	-1,5043e-003
16,76	99,615	-2,864	-1,5025e-003
22,5	99,981	-453,19	-8,874e-004
22,5	99,98	-450,69	-8,5978e-004
21,16	99,9	-453,64	-8,9023e-004
21,378	99,916	-451,01	-8,6131e-004
22,5	99,982	-458,14	-9,4275e-004
22,5	99,981	-455,64	-9,1471e-004
21,16	99,9	-456,09	-9,1769e-004
22,5	99,983	-463,09	-9,9891e-004
22,5	99,983	-460,59	-9,7048e-004
21,239	99,906	-461,01	-9,7349e-004
22,5	99,985	-468,04	-1,0559e-003
22,5	99,984	-465,54	-1,027e-003
21,319	99,911	-465,93	-1,03e-003
22,5	99,986	-472,99	-1,1136e-003
22,5	99,985	-470,49	-1,0844e-003
21,399	99,917	-470,85	-1,0874e-003
22,5	99,987	-477,94	-1,1721e-003
22,5	99,987	-475,44	-1,1425e-003
21,479	99,923	-475,76	-1,1453e-003
22,5	99,989	-483,21	-1,2352e-003
22,5	99,988	-480,39	-1,2014e-003
21,565	99,93	-480,55	-1,2026e-003
22,5	99,99	-488,11	-1,2949e-003
21,565	99,93	-483,	-1,2322e-003
20,128	99,827	-486,64	-1,2758e-003
20,339	99,842	-484,36	-1,248e-003
22,5	99,992	-493,02	-1,3553e-003
20,251	99,836	-491,55	-1,3365e-003
20,128	99,827	-489,09	-1,306e-003
22,5	99,993	-497,92	-1,4169e-003
20,201	99,832	-496,34	-1,3968e-003
20,251	99,836	-494,	-1,3672e-003
22,5	99,995	-502,83	-1,4798e-003
19,762	99,802	-501,05	-1,4574e-003
20,201	99,832	-498,8	-1,4281e-003
22,5	99,996	-507,74	-1,5443e-003
19,628	99,793	-506,27	-1,5262e-003
19,762	99,802	-503,51	-1,4895e-003
22,5	99,998	-512,64	-1,6109e-003
19,628	99,793	-508,72	-1,5593e-003
20,424	99,848	-510,87	-1,588e-003
19,491	99,784	-515,14	-1,6484e-003
20,424	99,848	-513,32	-1,622e-003
21,933	99,957	-252,85	3,3044e-004
18,967	99,75	-255,47	3,4769e-004
19,994	99,818	-253,7	3,4177e-004
21,934	99,957	-247,94	3,2894e-004
19,994	99,818	-251,24	3,4135e-004
19,206	99,765	-249,03	3,4516e-004
21,935	99,957	-243,03	3,2577e-004
19,207	99,765	-246,58	3,4396e-004
19,508	99,785	-243,92	3,4043e-004
21,937	99,957	-238,12	3,2097e-004
19,508	99,785	-241,46	3,3833e-004
19,666	99,796	-239,39	3,3534e-004
21,938	99,957	-235,33	3,1752e-004
21,055	99,892	-235,38	3,2262e-004
19,667	99,796	-236,93	3,3249e-004
21,94	99,957	-230,38	3,1012e-004
21,939	99,957	-232,88	3,1405e-004
21,056	99,892	-232,92	3,1914e-004
21,223	99,905	-230,5	3,1438e-004
21,943	99,958	-225,42	3,0109e-004
21,942	99,958	-227,92	3,0585e-004
21,225	99,905	-228,05	3,1012e-004
20,878	99,88	-225,67	3,0761e-004
21,946	99,958	-220,47	2,9044e-004
21,945	99,958	-222,97	2,96e-004
20,811	99,875	-220,83	2,9762e-004
21,95	99,958	-215,51	2,7816e-004
21,948	99,958	-218,01	2,8456e-004
20,735	99,87	-215,91	2,8594e-004
21,954	99,958	-210,56	2,6424e-004
21,952	99,958	-213,06	2,7146e-004
20,731	99,869	-210,75	2,7151e-004
21,958	99,959	-205,6	2,4871e-004
21,956	99,959	-208,1	2,5674e-004
20,733	99,869	-208,29	2,6399e-004
20,883	99,88	-205,91	2,5553e-004
21,963	99,959	-200,65	2,3159e-004
21,961	99,959	-203,15	2,4042e-004
20,808	99,875	-200,97	2,3897e-004
21,969	99,96	-195,69	2,1295e-004
21,966	99,959	-198,2	2,2255e-004
20,733	99,869	-196,04	2,2083e-004
21,974	99,96	-190,74	1,9273e-004
21,971	99,96	-193,24	2,0313e-004
20,658	99,864	-191,11	2,011e-004
21,98	99,96	-185,79	1,7091e-004
21,977	99,96	-188,29	1,8211e-004
20,584	99,859	-186,18	1,798e-004
21,987	99,961	-180,83	1,4755e-004
21,984	99,961	-183,33	1,5953e-004
20,401	99,846	-181,52	1,5883e-004
21,994	99,961	-175,88	1,2268e-004
21,99	99,961	-178,38	1,3542e-004
20,438	99,849	-176,31	1,3253e-004
22,001	99,962	-170,92	9,6324e-005
21,997	99,962	-173,42	1,0981e-004
20,441	99,849	-173,86	1,1964e-004
20,292	99,838	-171,02	1,0502e-004
22,009	99,963	-165,97	6,8514e-005
22,005	99,962	-168,47	8,2727e-005
20,296	99,839	-168,57	9,1353e-005
20,245	99,835	-166,09	7,7434e-005
22,017	99,963	-161,01	3,9269e-005
22,013	99,963	-163,51	5,421e-005
20,249	99,835	-163,63	6,3027e-005
20,202	99,832	-161,15	4,8328e-005
22,026	99,964	-156,06	8,582e-006
22,021	99,964	-158,56	2,4249e-005
20,206	99,833	-158,69	3,321e-005
20,161	99,829	-156,21	1,779e-005
22,035	99,965	-151,1	-2,353e-005
22,03	99,964	-153,6	-7,1573e-006
20,166	99,83	-153,76	1,9694e-006
20,122	99,827	-151,28	-1,4176e-005
22,044	99,965	-146,15	-5,6999e-005
22,039	99,965	-148,65	-3,9942e-005
20,126	99,827	-148,82	-3,0685e-005
20,083	99,824	-146,34	-4,7473e-005
22,054	99,966	-141,19	-9,1774e-005
22,049	99,966	-143,69	-7,4061e-005
20,088	99,824	-143,89	-6,4645e-005
20,221	99,834	-141,1	-8,5059e-005
22,064	99,967	-136,24	-1,2784e-004
22,059	99,966	-138,74	-1,0948e-004
20,226	99,834	-138,64	-1,029e-004
20,166	99,83	-135,93	-1,2274e-004
22,075	99,968	-131,28	-1,652e-004
22,069	99,967	-133,78	-1,4618e-004
20,263	99,836	-130,92	-1,6127e-004
20,172	99,83	-133,48	-1,4127e-004
22,086	99,968	-126,33	-2,0385e-004
22,08	99,968	-128,83	-1,8419e-004
20,277	99,837	-125,93	-2,0051e-004
20,269	99,837	-128,46	-1,8043e-004
22,097	99,969	-121,37	-2,4374e-004
22,091	99,969	-123,87	-2,2346e-004
20,322	99,841	-121,01	-2,406e-004
20,283	99,838	-123,48	-2,2029e-004
22,109	99,97	-116,42	-2,8479e-004
22,103	99,97	-118,92	-2,6393e-004
20,367	99,844	-116,09	-2,8181e-004
20,328	99,841	-118,56	-2,6097e-004
22,121	99,971	-111,46	-3,2701e-004
22,115	99,971	-113,96	-3,0557e-004
20,414	99,847	-111,16	-3,2425e-004
20,373	99,844	-113,64	-3,0274e-004
22,134	99,972	-106,51	-3,7032e-004
22,127	99,972	-109,01	-3,4833e-004
20,464	99,85	-106,22	-3,679e-004
20,42	99,847	-108,71	-3,4573e-004
22,147	99,973	-101,55	-4,1473e-004
22,14	99,973	-104,05	-3,9218e-004
20,521	99,854	-101,27	-4,1277e-004
20,471	99,851	-103,77	-3,8992e-004
22,16	99,974	-96,597	-4,6022e-004
22,153	99,974	-99,097	-4,3714e-004
20,639	99,863	-96,164	-4,602e-004
20,528	99,855	-98,81	-4,3532e-004
22,174	99,975	-91,65	-5,0668e-004
22,167	99,975	-94,142	-4,8315e-004
20,646	99,863	-93,709	-4,8328e-004
22,188	99,976	-86,697	-5,5413e-004
22,181	99,976	-89,195	-5,3008e-004
20,726	99,869	-88,781	-5,3051e-004
22,202	99,977	-81,733	-6,026e-004
22,195	99,977	-84,242	-5,7798e-004
20,818	99,875	-83,849	-5,7868e-004
22,217	99,978	-76,778	-6,5194e-004
22,21	99,978	-79,278	-6,2692e-004
20,929	99,883	-78,913	-6,2789e-004
22,233	99,98	-71,823	-7,0225e-004
22,225	99,979	-74,323	-6,7674e-004
20,859	99,878	-73,673	-6,8075e-004
22,249	99,981	-66,868	-7,5352e-004
22,241	99,98	-69,368	-7,2755e-004
20,932	99,884	-68,763	-7,3152e-004
22,265	99,982	-61,913	-8,0551e-004
22,257	99,981	-64,413	-7,7918e-004
20,907	99,882	-63,988	-7,815e-004
22,281	99,983	-56,958	-8,5837e-004
22,273	99,983	-59,458	-8,316e-004
21,088	99,895	-58,987	-8,3498e-004
22,298	99,985	-52,003	-9,1202e-004
22,29	99,984	-54,503	-8,8484e-004
21,199	99,903	-53,995	-8,8901e-004
22,316	99,986	-47,049	-9,6644e-004
22,307	99,985	-49,548	-9,3889e-004
21,236	99,905	-49,137	-9,4228e-004
22,333	99,987	-42,094	-1,0216e-003
22,324	99,987	-44,594	-9,9368e-004
21,541	99,928	-44,308	-9,9617e-004
22,353	99,989	-36,823	-1,0812e-003
22,342	99,988	-39,639	-1,0493e-003
21,404	99,918	-39,467	-1,0505e-003
22,371	99,99	-31,914	-1,1375e-003
21,413	99,918	-37,012	-1,0785e-003
19,96	99,816	-32,809	-1,1261e-003
19,616	99,792	-35,101	-1,0994e-003
22,39	99,992	-27,004	-1,1946e-003
19,969	99,816	-30,354	-1,1547e-003
19,977	99,817	-27,985	-1,1826e-003
22,409	99,993	-22,094	-1,2529e-003
19,987	99,817	-25,53	-1,2117e-003
19,903	99,812	-23,048	-1,2415e-003
22,429	99,995	-17,184	-1,3124e-003
19,913	99,812	-20,593	-1,2712e-003
19,913	99,812	-18,184	-1,3008e-003
22,448	99,996	-12,274	-1,3736e-003
19,923	99,813	-15,729	-1,3313e-003
19,708	99,799	-12,941	-1,3666e-003
22,469	99,998	-7,3646	-1,4368e-003
18,99	99,751	-7,7737	-1,4342e-003
19,718	99,799	-10,487	-1,3981e-003
19,	99,752	-5,3189	-1,4669e-003
21,565	99,93	-480,19	-1,1983e-003
21,479	99,923	-477,85	-1,1702e-003
21,479	99,923	-475,35	-1,1405e-003
21,399	99,917	-472,89	-1,1114e-003
21,399	99,917	-470,4	-1,0821e-003
21,319	99,911	-467,93	-1,0533e-003
21,319	99,911	-465,43	-1,0243e-003
21,239	99,906	-462,97	-9,9587e-004
21,239	99,906	-460,47	-9,6733e-004
21,16	99,9	-458,01	-9,3926e-004
21,16	99,9	-455,51	-9,1112e-004
22,233	99,98	-448,24	-8,3244e-004
21,378	99,916	-450,37	-8,5435e-004
20,933	99,884	-448,1	-8,2853e-004
20,797	99,874	-446,28	-8,0836e-004
21,402	99,918	-39,827	-1,0464e-003
21,548	99,928	-42,214	-1,0196e-003
21,539	99,928	-44,713	-9,9164e-004
21,244	99,906	-47,088	-9,6496e-004
21,235	99,905	-49,588	-9,3731e-004
21,206	99,903	-51,992	-9,1088e-004
21,197	99,903	-54,492	-8,8361e-004
21,095	99,895	-57,028	-8,5605e-004
21,087	99,895	-59,528	-8,2918e-004
20,913	99,882	-62,074	-8,0177e-004
20,905	99,882	-64,574	-7,7532e-004
20,938	99,884	-66,894	-7,5103e-004
20,93	99,883	-69,394	-7,2496e-004
20,865	99,879	-71,849	-6,9946e-004
20,857	99,878	-74,349	-6,7384e-004
20,935	99,884	-77,134	-6,4577e-004
20,927	99,883	-79,634	-6,2068e-004
20,823	99,876	-82,116	-5,9579e-004
20,816	99,875	-84,625	-5,7109e-004
20,73	99,869	-87,102	-5,4675e-004
20,723	99,869	-89,601	-5,2262e-004
20,65	99,864	-92,074	-4,988e-004
20,643	99,863	-94,566	-4,752e-004
20,525	99,855	-99,713	-4,2701e-004
20,468	99,851	-104,71	-3,814e-004
20,418	99,847	-109,7	-3,37e-004
20,37	99,844	-114,68	-2,9385e-004
20,325	99,841	-119,64	-2,5195e-004
20,28	99,838	-124,61	-2,1117e-004
20,266	99,837	-129,63	-1,7125e-004
20,169	99,83	-134,69	-1,3204e-004
20,223	99,834	-139,91	-9,3678e-005
20,085	99,824	-145,2	-5,5462e-005
20,124	99,827	-150,17	-2,1548e-005
20,163	99,83	-155,15	1,1026e-005
20,204	99,832	-160,14	4,2138e-005
20,247	99,835	-165,12	7,1801e-005
20,293	99,839	-170,1	9,9933e-005
20,439	99,849	-175,44	1,2798e-004
20,402	99,846	-180,69	1,5477e-004
20,436	99,848	-177,94	1,4086e-004
20,585	99,859	-185,39	1,762e-004
20,399	99,846	-183,19	1,6685e-004
20,659	99,864	-190,37	1,9795e-004
20,582	99,859	-187,89	1,8752e-004
20,734	99,869	-195,35	2,1807e-004
20,656	99,864	-192,87	2,0846e-004
20,808	99,875	-200,32	2,3661e-004
20,731	99,869	-197,85	2,2778e-004
20,884	99,88	-205,3	2,5353e-004
20,806	99,875	-202,82	2,4551e-004
20,731	99,869	-210,19	2,6982e-004
20,735	99,87	-215,4	2,8456e-004
20,729	99,869	-212,69	2,7713e-004
20,811	99,875	-220,36	2,9653e-004
20,734	99,869	-217,9	2,9102e-004
20,878	99,88	-225,25	3,0674e-004
20,809	99,875	-222,86	3,0214e-004
21,223	99,905	-230,12	3,1375e-004
21,055	99,892	-235,04	3,2217e-004
21,039	99,891	-284,69	3,058e-004
21,226	99,905	-289,54	2,9417e-004
20,919	99,883	-294,37	2,8384e-004
20,898	99,881	-299,23	2,7026e-004
20,832	99,876	-304,14	2,5516e-004
20,752	99,871	-309,14	2,3821e-004
20,574	99,858	-314,14	2,2012e-004
20,624	99,862	-318,9	2,0018e-004
20,735	99,869	-324,12	1,7636e-004
20,66	99,864	-329,05	1,5321e-004
20,586	99,859	-333,98	1,2843e-004
20,443	99,849	-338,56	1,0434e-004
20,427	99,848	-343,83	7,437e-005
20,431	99,848	-346,27	5,979e-005
20,344	99,842	-348,75	4,5138e-005
20,348	99,842	-351,21	2,9713e-005
20,294	99,839	-353,69	1,4102e-005
20,298	99,839	-356,15	-1,9373e-006
20,222	99,834	-358,62	-1,8116e-005
20,227	99,834	-361,07	-3,4883e-005
20,151	99,829	-363,55	-5,1819e-005
20,155	99,829	-366,	-6,9293e-005
20,08	99,824	-368,48	-8,6948e-005
20,084	99,824	-370,93	-1,0512e-004
20,165	99,83	-373,6	-1,2554e-004
20,17	99,83	-376,05	-1,4437e-004
20,149	99,829	-378,69	-1,649e-004
20,154	99,829	-381,14	-1,844e-004
20,273	99,837	-383,8	-2,0638e-004
20,244	99,835	-388,91	-2,4851e-004
20,279	99,838	-386,26	-2,2654e-004
20,302	99,839	-393,84	-2,9085e-004
20,249	99,835	-391,36	-2,6934e-004
20,206	99,832	-398,9	-3,3511e-004
20,307	99,84	-396,29	-3,1228e-004
20,266	99,837	-403,84	-3,7989e-004
20,211	99,833	-401,36	-3,5716e-004
20,328	99,841	-408,77	-4,2582e-004
20,272	99,837	-406,29	-4,0251e-004
20,393	99,845	-413,71	-4,7284e-004
20,334	99,841	-411,22	-4,4897e-004
20,461	99,85	-418,64	-5,2089e-004
20,399	99,846	-416,16	-4,9654e-004
20,572	99,858	-423,57	-5,701e-004
20,467	99,851	-421,09	-5,4511e-004
20,736	99,87	-428,84	-6,2397e-004
20,579	99,858	-426,02	-5,9482e-004
20,743	99,87	-431,29	-6,4917e-004
20,855	99,878	-436,21	-7,0062e-004
20,929	99,883	-441,15	-7,5324e-004
-21,395	99,917	-480,59	-1,4045e-003
-21,577	99,93	-475,74	-1,3485e-003
-21,236	99,905	-470,9	-1,288e-003
-21,199	99,903	-466,05	-1,231e-003
-21,088	99,895	-461,06	-1,1726e-003
-20,907	99,882	-456,07	-1,114e-003
-20,932	99,884	-451,3	-1,0609e-003
-20,859	99,878	-446,39	-1,0061e-003
-21,559	99,929	-39,47	-1,2536e-003
-21,478	99,923	-44,278	-1,1987e-003
-21,398	99,917	-49,194	-1,1433e-003
-21,317	99,911	-54,117	-1,0886e-003
-21,237	99,906	-59,039	-1,0346e-003
-21,158	99,9	-63,96	-9,8139e-004
-21,158	99,9	-66,415	-9,5559e-004
-21,376	99,916	-69,052	-9,3053e-004
-21,034	99,891	-235,2	1,2445e-004
-21,224	99,905	-232,78	1,1814e-004
-21,225	99,905	-230,28	1,1418e-004
-20,917	99,882	-227,89	1,1466e-004
-20,918	99,883	-225,39	1,0988e-004
-20,895	99,881	-222,98	1,0525e-004
-20,897	99,881	-220,48	9,9662e-005
-20,829	99,876	-218,02	9,4781e-005
-20,831	99,876	-215,52	8,8358e-005
-20,75	99,871	-212,98	8,2609e-005
-20,752	99,871	-210,48	7,5312e-005
-20,571	99,858	-207,93	7,0181e-005
-20,573	99,858	-205,43	6,2066e-005
-20,621	99,861	-203,11	5,3479e-005
-20,623	99,862	-200,61	4,4577e-005
-20,731	99,869	-197,85	3,2704e-005
-20,734	99,869	-195,35	2,2968e-005
-20,656	99,864	-192,87	1,4057e-005
-20,659	99,864	-190,37	3,5224e-006
-20,487	99,852	-188,21	-3,3847e-006
-20,49	99,852	-185,71	-1,4707e-005
-20,439	99,849	-183,25	-2,5451e-005
-20,442	99,849	-180,75	-3,7543e-005
-20,436	99,848	-177,94	-5,1526e-005
-20,439	99,849	-175,44	-6,4429e-005
-20,362	99,843	-170,27	-9,1148e-005
-20,329	99,841	-165,27	-1,1908e-004
-20,303	99,839	-160,31	-1,4839e-004
-20,278	99,837	-155,34	-1,7919e-004
-20,251	99,836	-150,37	-2,1143e-004
-20,248	99,835	-145,33	-2,4583e-004
-20,15	99,829	-140,24	-2,8073e-004
-20,228	99,834	-135,07	-3,1988e-004
-20,223	99,834	-129,94	-3,5908e-004
-20,149	99,829	-124,8	-3,9885e-004
-20,208	99,833	-119,83	-4,4031e-004
-20,269	99,837	-114,84	-4,8297e-004
-20,331	99,841	-109,86	-5,2679e-004
-20,396	99,846	-104,88	-5,7178e-004
-20,464	99,85	-99,897	-6,1782e-004
-20,643	99,863	-94,566	-6,6956e-004
-20,723	99,869	-89,601	-7,1773e-004
-20,65	99,864	-92,074	-6,9323e-004
-20,816	99,875	-84,625	-7,6708e-004
-20,73	99,869	-87,102	-7,4194e-004
-20,927	99,883	-79,634	-8,1771e-004
-20,823	99,876	-82,116	-7,9185e-004
-20,795	99,874	-74,459	-8,684e-004
-20,935	99,884	-77,134	-8,4289e-004
-20,929	99,883	-441,15	-9,5034e-004
-20,855	99,878	-436,21	-8,97e-004
-20,743	99,87	-431,29	-8,445e-004
-20,736	99,87	-428,84	-8,1924e-004
-20,523	99,855	-426,26	-7,904e-004
-20,516	99,854	-423,81	-7,6559e-004
-20,552	99,857	-421,44	-7,4237e-004
-20,546	99,856	-418,99	-7,1805e-004
-20,459	99,85	-416,51	-6,9278e-004
-20,453	99,85	-414,06	-6,69e-004
-20,366	99,844	-411,58	-6,4426e-004
-20,36	99,843	-409,13	-6,21e-004
-20,274	99,837	-406,66	-5,9678e-004
-20,268	99,837	-404,2	-5,7409e-004
-20,182	99,831	-401,73	-5,5042e-004
-20,176	99,83	-399,28	-5,2827e-004
-20,224	99,834	-396,63	-5,054e-004
-20,218	99,833	-394,18	-4,8389e-004
-20,185	99,831	-391,69	-4,6198e-004
-20,179	99,831	-389,24	-4,4106e-004
-20,172	99,83	-386,64	-4,1918e-004
-20,284	99,838	-381,49	-3,7863e-004
-20,167	99,83	-384,18	-3,9892e-004
-20,234	99,834	-376,38	-3,377e-004
-20,279	99,838	-379,03	-3,5906e-004
-20,273	99,837	-371,45	-3,0066e-004
-20,23	99,834	-373,93	-3,1878e-004
-20,167	99,83	-366,37	-2,6191e-004
-20,269	99,837	-369,	-2,8239e-004
-20,208	99,833	-361,44	-2,2764e-004
-20,163	99,83	-363,92	-2,4437e-004
-20,25	99,835	-356,5	-1,9477e-004
-20,204	99,832	-358,99	-2,1077e-004
-20,289	99,838	-351,57	-1,6336e-004
-20,246	99,835	-354,05	-1,7863e-004
-20,431	99,848	-346,27	-1,3259e-004
-20,285	99,838	-349,11	-1,4784e-004
-20,427	99,848	-343,83	-1,18e-004
-20,41	99,847	-338,65	-8,8146e-005
-20,464	99,85	-333,75	-6,2423e-005
-20,66	99,864	-329,05	-4,1366e-005
-20,735	99,869	-324,12	-1,8878e-005
-20,809	99,875	-319,19	2,0026e-006
-20,734	99,869	-311,88	3,2893e-005
-20,885	99,88	-314,27	2,1341e-005
-20,732	99,869	-309,43	4,2138e-005
-20,736	99,87	-304,27	6,0119e-005
-20,812	99,875	-299,36	7,4495e-005
-21,226	99,905	-292,15	8,8077e-005
-20,879	99,88	-294,52	8,719e-005
-21,066	99,893	-287,29	1,0192e-004
-21,225	99,905	-289,69	9,4069e-005
-21,065	99,893	-284,84	1,0713e-004
20,339	99,842	-232,66	3,228e-004
18,784	99,738	-236,64	3,3708e-004
17,668	99,668	-233,51	3,3906e-004
20,609	99,861	-42,041	-1,0208e-003
18,667	99,73	-37,744	-1,0685e-003
17,793	99,676	-40,044	-1,0415e-003
20,159	99,829	-227,87	3,1579e-004
17,835	99,678	-231,09	3,3442e-004
17,756	99,674	-228,61	3,3054e-004
20,46	99,85	-46,802	-9,6739e-004
17,939	99,685	-42,431	-1,0145e-003
18,059	99,692	-45,1	-9,8433e-004
19,744	99,801	-223,11	3,0861e-004
17,565	99,662	-224,04	3,2261e-004
17,409	99,653	-226,24	3,2796e-004
20,135	99,828	-51,58	-9,142e-004
17,763	99,674	-47,474	-9,5742e-004
17,958	99,686	-49,911	-9,3039e-004
19,598	99,791	-218,26	2,9816e-004
17,496	99,658	-221,65	3,1779e-004
17,086	99,634	-219,1	3,1396e-004
20,004	99,819	-56,52	-8,6014e-004
17,929	99,684	-52,315	-9,0374e-004
17,478	99,657	-54,634	-8,7769e-004
19,514	99,786	-213,09	2,849e-004
17,009	99,629	-216,64	3,0819e-004
17,295	99,646	-214,19	3,0003e-004
19,728	99,8	-61,603	-8,0509e-004
17,376	99,651	-57,17	-8,4982e-004
17,623	99,666	-59,92	-8,2026e-004
19,658	99,795	-207,99	2,6885e-004
17,288	99,646	-211,48	2,9229e-004
16,943	99,625	-208,77	2,8583e-004
19,588	99,79	-66,469	-7,533e-004
17,449	99,655	-62,467	-7,9261e-004
17,29	99,646	-64,98	-7,655e-004
19,73	99,8	-203,13	2,523e-004
17,016	99,63	-203,9	2,6939e-004
17,094	99,634	-206,38	2,7742e-004
19,555	99,788	-71,244	-7,0338e-004
17,323	99,648	-67,299	-7,4094e-004
17,048	99,631	-69,667	-7,1555e-004
19,575	99,79	-198,17	2,3509e-004
16,938	99,625	-201,42	2,6103e-004
17,179	99,639	-199,08	2,511e-004
19,568	99,789	-76,485	-6,4966e-004
16,983	99,628	-72,123	-6,8977e-004
16,895	99,623	-74,6	-6,6392e-004
19,42	99,779	-193,21	2,1628e-004
17,102	99,635	-196,61	2,4193e-004
16,936	99,625	-194,31	2,3351e-004
19,542	99,787	-81,752	-5,9666e-004
16,973	99,627	-77,385	-6,3549e-004
16,882	99,622	-79,848	-6,1027e-004
19,266	99,769	-188,26	1,9585e-004
16,859	99,62	-191,84	2,2356e-004
16,719	99,612	-189,42	2,1382e-004
19,353	99,775	-86,71	-5,4735e-004
16,778	99,616	-82,33	-5,8512e-004
16,856	99,62	-85,127	-5,574e-004
19,002	99,752	-183,58	1,7564e-004
16,642	99,608	-186,94	2,0306e-004
16,553	99,603	-184,47	1,9194e-004
19,195	99,764	-91,66	-4,9912e-004
16,771	99,615	-87,604	-5,3282e-004
16,68	99,61	-90,019	-5,09e-004
18,849	99,742	-178,63	1,5206e-004
16,366	99,593	-182,27	1,8223e-004
16,285	99,588	-179,79	1,7032e-004
19,01	99,752	-96,78	-4,5022e-004
16,607	99,606	-92,492	-4,8497e-004
16,577	99,604	-94,957	-4,6128e-004
18,733	99,734	-173,04	1,2337e-004
16,319	99,59	-177,04	1,5602e-004
16,238	99,585	-174,56	1,4329e-004
18,849	99,742	-101,93	-4,0211e-004
16,466	99,598	-97,603	-4,3597e-004
16,404	99,595	-100,08	-4,1265e-004
18,533	99,722	-167,72	9,47e-005
16,088	99,577	-171,73	1,2851e-004
16,034	99,574	-169,24	1,1479e-004
18,754	99,736	-106,92	-3,5672e-004
16,354	99,592	-102,58	-3,8938e-004
16,281	99,588	-105,09	-3,6622e-004
18,435	99,716	-162,76	6,5968e-005
15,984	99,571	-166,76	1,0071e-004
15,955	99,57	-164,25	8,5946e-005
18,669	99,73	-111,88	-3,1269e-004
16,237	99,585	-107,57	-3,4366e-004
16,158	99,581	-110,08	-3,21e-004
18,343	99,71	-157,79	3,5721e-005
15,908	99,567	-161,76	7,1064e-005
15,806	99,562	-159,3	5,6186e-005
18,588	99,725	-116,82	-2,6998e-004
16,116	99,579	-112,56	-2,9908e-004
16,051	99,575	-115,	-2,7759e-004
18,254	99,704	-152,83	4,0338e-006
15,761	99,559	-156,82	4,055e-005
15,71	99,557	-154,34	2,4659e-005
18,51	99,72	-121,75	-2,2846e-004
16,013	99,573	-117,47	-2,563e-004
15,953	99,57	-119,91	-2,3545e-004
18,166	99,699	-147,87	-2,9072e-005
15,666	99,554	-151,86	8,3429e-006
15,65	99,553	-149,32	-8,9077e-006
18,462	99,717	-126,74	-1,8769e-004
15,913	99,568	-122,37	-2,1472e-004
15,836	99,563	-124,84	-1,9408e-004
18,256	99,704	-142,6	-6,6454e-005
15,607	99,551	-146,84	-2,5928e-005
15,393	99,54	-143,9	-4,5976e-005
18,362	99,711	-131,83	-1,4725e-004
15,828	99,563	-127,37	-1,7356e-004
15,975	99,571	-130,18	-1,5161e-004
18,33	99,709	-137,1	-1,0703e-004
15,526	99,547	-141,11	-6,6725e-005
15,939	99,569	-138,24	-8,9549e-005
15,883	99,566	-132,74	-1,3125e-004
15,88	99,566	-135,53	-1,0978e-004
14,032	99,471	-255,16	3,75e-004
17,027	99,63	-253,86	3,5862e-004
9,4397	99,287	-254,6	3,9647e-004
15,06	99,522	-253,4	3,695e-004
11,518	99,362	-252,	3,8726e-004
6,1404	99,2	-251,77	4,0558e-004
8,8925	99,27	-251,89	3,9813e-004
8,0792	99,247	-5,1625	-1,4832e-003
5,049	99,179	-6,6987	-1,4683e-003
12,833	99,416	-5,6188	-1,4693e-003
7,1164	99,222	-7,0459	-1,4585e-003
10,722	99,332	-8,2644	-1,4356e-003
16,247	99,586	-8,4409	-1,4276e-003
13,408	99,442	-8,3736	-1,4311e-003
17,564	99,662	-28,88	-1,1715e-003
17,213	99,641	-33,541	-1,1165e-003
15,225	99,531	-29,707	-1,1613e-003
15,219	99,531	-32,04	-1,1336e-003
17,489	99,657	-24,029	-1,2297e-003
15,233	99,531	-27,339	-1,1897e-003
15,27	99,533	-25,078	-1,217e-003
17,406	99,653	-19,138	-1,2896e-003
15,187	99,529	-22,595	-1,2474e-003
15,243	99,532	-20,29	-1,2759e-003
17,191	99,64	-13,942	-1,3552e-003
15,243	99,532	-17,882	-1,306e-003
15,521	99,547	-15,789	-1,3324e-003
5,2255	99,182	-246,25	4,0428e-004
8,2192	99,251	-249,17	3,9942e-004
7,1567	99,223	-247,2	4,0149e-004
4,9264	99,177	-240,98	4,0018e-004
6,9153	99,217	-244,41	4,0008e-004
7,1659	99,223	-242,28	3,9776e-004
4,6192	99,172	-235,85	3,9419e-004
7,1082	99,222	-239,79	3,9531e-004
7,3128	99,227	-236,74	3,912e-004
4,3697	99,168	-230,76	3,8624e-004
7,0633	99,22	-234,1	3,8811e-004
6,4878	99,207	-231,71	3,8549e-004
4,3697	99,168	-225,85	3,7697e-004
6,4878	99,207	-229,25	3,8125e-004
6,3938	99,205	-227,32	3,7774e-004
4,3697	99,168	-220,94	3,659e-004
6,3938	99,205	-224,87	3,7279e-004
6,3721	99,205	-222,57	3,6778e-004
4,3697	99,168	-216,03	3,5326e-004
6,3721	99,205	-220,12	3,6186e-004
6,8205	99,215	-217,57	3,5447e-004
4,3697	99,168	-211,12	3,3893e-004
6,8205	99,215	-215,12	3,4787e-004
6,4057	99,205	-212,59	3,4131e-004
4,3697	99,168	-206,21	3,2282e-004
6,4057	99,205	-210,13	3,3377e-004
6,8874	99,216	-207,49	3,2421e-004
4,3697	99,168	-201,3	3,0495e-004
6,8874	99,216	-205,04	3,1589e-004
6,729	99,213	-202,75	3,079e-004
4,3697	99,168	-196,39	2,8536e-004
6,729	99,213	-200,3	2,9871e-004
6,334	99,204	-197,84	2,8962e-004
4,3697	99,168	-191,48	2,6411e-004
6,334	99,204	-195,38	2,7948e-004
6,8788	99,216	-192,91	2,6802e-004
4,3697	99,168	-186,57	2,413e-004
6,8788	99,216	-190,46	2,57e-004
6,7477	99,213	-187,61	2,4413e-004
4,3697	99,168	-181,66	2,167e-004
6,7477	99,213	-185,15	2,3235e-004
6,693	99,212	-182,87	2,2108e-004
4,3697	99,168	-176,75	1,9086e-004
6,693	99,212	-180,42	2,0855e-004
6,6541	99,211	-177,97	1,9579e-004
4,3697	99,168	-171,84	1,6338e-004
6,6541	99,211	-175,51	1,8238e-004
6,6323	99,21	-173,01	1,6851e-004
4,3697	99,168	-166,93	1,3436e-004
6,6323	99,21	-170,55	1,5445e-004
6,5807	99,209	-168,05	1,3973e-004
4,3697	99,168	-162,02	1,0395e-004
6,5807	99,209	-165,59	1,2498e-004
6,5438	99,208	-163,06	1,094e-004
4,3697	99,168	-157,11	7,2054e-005
6,5438	99,208	-160,61	9,3841e-005
6,5028	99,208	-158,5	8,0249e-005
4,3697	99,168	-152,2	3,8678e-005
6,5028	99,208	-156,04	6,4064e-005
6,472	99,207	-153,08	4,4055e-005
4,3697	99,168	-147,29	3,9309e-006
6,472	99,207	-150,62	2,6949e-005
6,4304	99,206	-148,25	1,0306e-005
4,3697	99,168	-142,38	-3,2328e-005
6,4304	99,206	-145,8	-7,3869e-006
6,0912	99,199	-143,54	-2,3793e-005
4,3697	99,168	-137,47	-6,9933e-005
6,0912	99,199	-141,08	-4,2123e-005
6,5408	99,208	-139,02	-5,8238e-005
4,3697	99,168	-132,56	-1,0895e-004
6,5408	99,208	-136,57	-7,7203e-005
6,5773	99,209	-133,99	-9,7561e-005
4,3697	99,168	-127,65	-1,4928e-004
6,5773	99,209	-131,54	-1,1729e-004
6,5672	99,209	-128,95	-1,3837e-004
4,3697	99,168	-122,74	-1,9066e-004
6,5672	99,209	-126,5	-1,587e-004
6,6174	99,21	-123,82	-1,8129e-004
4,3697	99,168	-117,83	-2,3338e-004
6,6174	99,21	-121,36	-2,0231e-004
6,6328	99,21	-119,08	-2,2205e-004
4,3697	99,168	-112,92	-2,7719e-004
6,6328	99,21	-116,62	-2,436e-004
6,6527	99,211	-114,14	-2,6563e-004
4,3697	99,168	-108,01	-3,2208e-004
6,6527	99,211	-111,69	-2,877e-004
6,696	99,212	-109,18	-3,1053e-004
4,3697	99,168	-103,1	-3,6814e-004
6,696	99,212	-106,73	-3,3318e-004
6,7778	99,214	-104,08	-3,5783e-004
4,3697	99,168	-98,195	-4,152e-004
6,7778	99,214	-101,63	-3,8115e-004
6,777	99,214	-99,383	-4,0252e-004
4,3697	99,168	-93,285	-4,633e-004
6,777	99,214	-96,928	-4,2621e-004
6,8024	99,214	-94,464	-4,503e-004
4,3697	99,168	-88,376	-5,1243e-004
6,8024	99,214	-92,009	-4,7447e-004
6,8304	99,215	-89,572	-4,9878e-004
4,3697	99,168	-83,466	-5,6261e-004
6,8304	99,215	-87,117	-5,2343e-004
6,8982	99,217	-84,518	-5,4993e-004
4,3697	99,168	-78,556	-6,1379e-004
6,8982	99,217	-82,064	-5,7515e-004
6,8854	99,216	-79,842	-5,982e-004
4,3697	99,168	-73,646	-6,6594e-004
6,8854	99,216	-77,388	-6,2392e-004
6,9408	99,218	-74,869	-6,5053e-004
4,3697	99,168	-68,737	-7,1899e-004
6,9408	99,218	-72,414	-6,7666e-004
7,0294	99,22	-69,464	-7,0838e-004
4,3697	99,168	-63,827	-7,7294e-004
7,0294	99,22	-67,009	-7,3505e-004
6,3665	99,205	-64,97	-7,5774e-004
4,3697	99,168	-58,917	-8,276e-004
6,3665	99,205	-62,515	-7,8486e-004
6,3694	99,205	-60,378	-8,0855e-004
4,5525	99,171	-53,824	-8,8482e-004
6,3694	99,205	-57,923	-8,36e-004
7,0069	99,219	-55,058	-8,6774e-004
4,5525	99,171	-48,915	-9,4108e-004
7,1897	99,224	-52,42	-8,9744e-004
6,8411	99,215	-50,087	-9,2436e-004
4,5521	99,171	-44,354	-9,9402e-004
6,6583	99,211	-47,815	-9,5069e-004
6,5426	99,208	-45,622	-9,7618e-004
4,6894	99,173	-39,655	-1,049e-003
6,725	99,213	-43,333	-1,0026e-003
7,2098	99,224	-40,937	-1,0301e-003
4,5069	99,17	-34,579	-1,11e-003
7,1646	99,223	-38,527	-1,0586e-003
6,7459	99,213	-36,007	-1,089e-003
4,3697	99,168	-29,459	-1,1725e-003
6,6087	99,21	-33,342	-1,1212e-003
6,4994	99,207	-31,06	-1,1489e-003
4,4639	99,169	-24,848	-1,2294e-003
6,4994	99,207	-28,605	-1,1789e-003
6,5035	99,208	-26,163	-1,209e-003
4,652	99,172	-20,358	-1,2858e-003
6,5976	99,21	-24,007	-1,2357e-003
6,7297	99,213	-21,764	-1,2638e-003
5,1065	99,18	-15,698	-1,3453e-003
6,8237	99,215	-19,43	-1,2933e-003
7,0808	99,221	-17,163	-1,3221e-003
4,7765	99,174	-10,977	-1,4093e-003
8,3828	99,255	-12,196	-1,3855e-003
7,4412	99,23	-14,837	-1,352e-003
7,6925	99,236	-9,8007	-1,4191e-003
17,266	99,644	-249,88	3,5644e-004
14,513	99,495	-250,69	3,7191e-004
16,778	99,616	-245,	3,5651e-004
13,725	99,457	-248,48	3,751e-004
14,622	99,5	-245,72	3,6881e-004
17,237	99,643	-240,27	3,4987e-004
14,922	99,515	-243,06	3,6515e-004
15,244	99,532	-240,4	3,6094e-004
14,138	99,476	-11,087	-1,3942e-003
15,306	99,535	-13,001	-1,3684e-003
15,995	99,572	-38,133	-1,0626e-003
14,875	99,513	-34,332	-1,1065e-003
14,871	99,513	-36,225	-1,0843e-003
16,279	99,588	-235,07	3,4891e-004
15,402	99,54	-238,33	3,5783e-004
15,084	99,524	-229,46	3,4645e-004
12,46	99,4	-233,46	3,6645e-004
14,286	99,484	-235,2	3,5975e-004
13,415	99,442	-230,67	3,5725e-004
15,241	99,532	-43,103	-1,005e-003
12,403	99,398	-40,122	-1,0382e-003
13,997	99,47	-38,525	-1,0572e-003
13,68	99,455	-41,876	-1,0183e-003
15,161	99,528	-224,78	3,3704e-004
14,906	99,515	-220,03	3,2772e-004
13,62	99,452	-221,68	3,382e-004
13,605	99,451	-223,73	3,4288e-004
13,336	99,439	-228,19	3,5318e-004
13,449	99,444	-225,92	3,4821e-004
15,556	99,548	-48,208	-9,4735e-004
13,8	99,46	-44,546	-9,8773e-004
13,838	99,462	-46,584	-9,645e-004
15,3	99,535	-52,965	-8,9393e-004
14,033	99,471	-49,021	-9,3704e-004
13,958	99,468	-51,059	-9,1405e-004
14,782	99,508	-215,03	3,1549e-004
11,884	99,376	-217,07	3,352e-004
13,21	99,433	-219,13	3,3415e-004
13,144	99,43	-215,59	3,2526e-004
15,096	99,524	-58,034	-8,378e-004
12,246	99,391	-54,469	-8,7467e-004
13,507	99,447	-53,379	-8,8777e-004
13,427	99,443	-56,794	-8,4977e-004
14,723	99,505	-209,87	3,0074e-004
13,43	99,443	-213,14	3,17e-004
13,376	99,441	-211,4	3,1211e-004
15,184	99,529	-63,297	-7,807e-004
13,675	99,454	-59,544	-8,1976e-004
13,401	99,442	-61,82	-7,946e-004
14,75	99,507	-68,178	-7,2784e-004
12,357	99,396	-66,773	-7,3986e-004
13,241	99,435	-64,333	-7,6714e-004
14,299	99,484	-204,68	2,8588e-004
14,463	99,492	-199,86	2,6763e-004
11,813	99,373	-204,26	2,9621e-004
11,655	99,367	-201,98	2,8866e-004
12,777	99,414	-200,52	2,7819e-004
11,891	99,377	-206,74	3,0435e-004
13,03	99,425	-208,69	3,0538e-004
14,387	99,489	-73,024	-6,7621e-004
11,993	99,381	-72,091	-6,8271e-004
12,082	99,384	-69,141	-7,1418e-004
14,539	99,496	-195,23	2,4908e-004
13,019	99,425	-198,18	2,681e-004
13,162	99,431	-196,56	2,6103e-004
14,207	99,48	-77,963	-6,2468e-004
11,85	99,375	-77,087	-6,3014e-004
11,905	99,377	-74,569	-6,5653e-004
14,234	99,481	-190,52	2,306e-004
11,881	99,376	-192,41	2,4948e-004
12,997	99,424	-194,27	2,524e-004
14,195	99,479	-83,223	-5,7116e-004
11,771	99,372	-81,771	-5,8182e-004
11,759	99,371	-79,55	-6,0458e-004
14,005	99,47	-185,63	2,0936e-004
11,741	99,371	-189,99	2,3946e-004
11,61	99,365	-187,15	2,2696e-004
14,182	99,479	-88,436	-5,192e-004
11,782	99,372	-87,167	-5,2734e-004
11,85	99,375	-84,569	-5,5354e-004
13,835	99,462	-180,68	1,8597e-004
11,521	99,362	-184,67	2,1561e-004
11,466	99,36	-182,39	2,0465e-004
14,061	99,473	-93,316	-4,7129e-004
11,663	99,367	-92,019	-4,7921e-004
11,691	99,369	-89,582	-5,0321e-004
13,673	99,454	-175,73	1,6095e-004
11,385	99,357	-179,92	1,9245e-004
11,346	99,355	-177,47	1,7979e-004
13,97	99,468	-98,253	-4,2388e-004
11,608	99,365	-96,948	-4,3135e-004
11,633	99,366	-94,484	-4,5511e-004
13,538	99,448	-170,77	1,3419e-004
11,266	99,352	-174,99	1,6679e-004
11,244	99,351	-172,48	1,5301e-004
13,835	99,462	-103,23	-3,7697e-004
11,547	99,363	-101,67	-3,8646e-004
11,546	99,363	-99,421	-4,0766e-004
13,455	99,444	-165,77	1,0552e-004
11,19	99,349	-170,	1,391e-004
11,138	99,347	-167,49	1,2469e-004
13,683	99,455	-108,25	-3,3075e-004
11,393	99,357	-106,82	-3,3839e-004
11,474	99,36	-104,17	-3,6294e-004
13,325	99,438	-160,79	7,5611e-005
11,109	99,346	-164,98	1,0978e-004
11,072	99,345	-162,45	9,4372e-005
13,539	99,448	-113,21	-2,8618e-004
11,27	99,352	-111,83	-2,9279e-004
11,313	99,354	-109,33	-3,1539e-004
13,172	99,431	-155,85	4,4561e-005
10,97	99,341	-159,99	7,9243e-005
10,929	99,339	-157,88	6,5795e-005
13,415	99,442	-118,09	-2,4341e-004
11,185	99,349	-116,76	-2,4916e-004
11,205	99,35	-114,28	-2,7096e-004
13,105	99,428	-150,83	1,1161e-005
10,879	99,337	-155,4	4,9756e-005
10,848	99,336	-152,44	2,9948e-005
13,278	99,436	-123,	-2,0142e-004
11,11	99,346	-121,48	-2,0837e-004
11,126	99,347	-119,2	-2,2796e-004
12,876	99,418	-145,34	-2,6481e-005
10,832	99,336	-149,89	1,2477e-005
10,791	99,334	-147,52	-4,112e-006
13,348	99,439	-128,28	-1,5823e-004
10,983	99,341	-126,64	-1,6495e-004
11,033	99,343	-123,95	-1,8738e-004
13,075	99,427	-139,53	-6,9682e-005
10,577	99,326	-144,58	-2,4571e-005
10,238	99,314	-142,32	-4,0207e-005
10,687	99,33	-140,26	-5,6819e-005
13,492	99,446	-133,88	-1,143e-004
11,14	99,347	-132,03	-1,2169e-004
11,13	99,347	-129,45	-1,4241e-004
11,101	99,346	-137,39	-7,9752e-005
11,137	99,347	-134,82	-9,9736e-005
9,9086	99,303	-247,33	3,9236e-004
11,868	99,376	-246,53	3,8322e-004
12,467	99,401	-12,933	-1,3713e-003
10,356	99,318	-13,66	-1,3636e-003
12,886	99,419	-30,498	-1,1518e-003
12,93	99,421	-25,905	-1,2073e-003
10,761	99,333	-29,186	-1,168e-003
10,765	99,333	-26,744	-1,1977e-003
10,864	99,337	-33,8	-1,1125e-003
10,755	99,333	-31,518	-1,1398e-003
12,877	99,418	-34,723	-1,1015e-003
13,023	99,425	-21,339	-1,2636e-003
10,802	99,334	-24,483	-1,2255e-003
10,934	99,339	-22,24	-1,2533e-003
13,357	99,44	-16,94	-1,3188e-003
10,99	99,341	-19,935	-1,2822e-003
11,247	99,351	-17,667	-1,3109e-003
11,526	99,362	-15,574	-1,3376e-003
9,0968	99,277	-243,22	3,9259e-004
10,806	99,335	-244,57	3,8675e-004
9,5519	99,291	-238,04	3,8557e-004
11,056	99,344	-242,43	3,8387e-004
11,378	99,356	-239,78	3,7973e-004
9,1811	99,279	-232,59	3,7932e-004
11,583	99,364	-236,73	3,7517e-004
10,712	99,331	-232,2	3,725e-004
8,5116	99,259	-228,27	3,7412e-004
10,136	99,311	-229,8	3,7092e-004
8,3959	99,256	-224,05	3,658e-004
10,042	99,307	-227,88	3,6766e-004
10,155	99,311	-225,61	3,6274e-004
8,8226	99,268	-219,21	3,531e-004
10,149	99,311	-221,27	3,5317e-004
10,133	99,311	-223,31	3,578e-004
8,8562	99,269	-214,13	3,3935e-004
10,597	99,327	-218,72	3,4511e-004
10,532	99,325	-215,18	3,3599e-004
8,923	99,271	-208,96	3,2345e-004
10,117	99,31	-212,66	3,3042e-004
10,062	99,308	-210,92	3,2543e-004
9,2463	99,281	-204,04	3,0565e-004
10,544	99,325	-208,27	3,1515e-004
8,693	99,264	-199,29	2,8968e-004
10,211	99,313	-200,29	2,8825e-004
8,8428	99,269	-194,36	2,6914e-004
9,8157	99,3	-197,84	2,8018e-004
9,9591	99,305	-196,22	2,7311e-004
9,2564	99,282	-189,04	2,4437e-004
10,504	99,324	-193,75	2,6076e-004
9,0705	99,276	-183,91	2,2062e-004
8,977	99,273	-179,18	1,9687e-004
8,9164	99,271	-174,22	1,7035e-004
8,843	99,269	-169,21	1,42e-004
8,7545	99,266	-164,18	1,1207e-004
8,6766	99,264	-159,54	8,3104e-005
8,6048	99,262	-154,47	4,9827e-005
8,5324	99,26	-149,13	1,3215e-005
8,1517	99,249	-144,5	-1,9326e-005
8,2621	99,252	-140,18	-5,1729e-005
8,748	99,266	-135,54	-8,8313e-005
8,7744	99,267	-130,38	-1,2945e-004
8,8145	99,268	-125,11	-1,7293e-004
8,8801	99,27	-120,15	-2,152e-004
8,9154	99,271	-115,38	-2,5686e-004
8,9786	99,273	-110,4	-3,0151e-004
9,1037	99,277	-105,25	-3,4888e-004
9,1847	99,279	-100,36	-3,9495e-004
9,2093	99,28	-95,651	-4,4022e-004
9,2626	99,282	-90,75	-4,8831e-004
9,3584	99,285	-85,715	-5,388e-004
9,4134	99,287	-80,895	-5,8813e-004
9,456	99,288	-76,155	-6,3746e-004
9,6	99,293	-70,686	-6,9556e-004
9,0259	99,274	-65,697	-7,4922e-004
10,573	99,326	-65,296	-7,5431e-004
8,3659	99,255	-61,521	-7,9493e-004
9,9105	99,303	-63,257	-7,7619e-004
9,0061	99,274	-56,519	-8,5052e-004
10,188	99,312	-58,844	-8,2491e-004
9,9134	99,303	-61,12	-7,9968e-004
9,295	99,283	-51,321	-9,0916e-004
10,904	99,338	-52,564	-8,9535e-004
10,825	99,335	-55,978	-8,5706e-004
8,8308	99,268	-46,794	-9,6094e-004
10,631	99,328	-48,193	-9,4487e-004
10,556	99,325	-50,231	-9,2165e-004
9,1998	99,28	-42,205	-1,014e-003
10,477	99,323	-43,96	-9,9346e-004
10,515	99,324	-45,999	-9,6997e-004
9,2659	99,282	-37,29	-1,0717e-003
11,279	99,352	-38,213	-1,0603e-003
10,962	99,34	-41,565	-1,0213e-003
8,738	99,266	-32,488	-1,1292e-003
10,86	99,337	-35,693	-1,0901e-003
8,6328	99,263	-27,764	-1,1866e-003
8,769	99,267	-23,079	-1,2445e-003
9,1581	99,278	-18,568	-1,3012e-003
13,087	99,428	-241,12	3,7287e-004
11,779	99,372	-227,14	3,587e-004
12,277	99,393	-45,358	-9,7775e-004
11,907	99,377	-222,82	3,4911e-004
12,239	99,391	-49,435	-9,313e-004
11,738	99,37	-211,97	3,2148e-004
11,732	99,37	-60,58	-8,0666e-004
11,476	99,36	-197,22	2,7109e-004
-20,319	99,84	-232,97	1,3209e-004
-18,233	99,703	-237,39	1,6951e-004
-17,681	99,669	-234,76	1,7434e-004
-18,927	99,747	-233,65	1,5405e-004
-20,538	99,856	-42,016	-1,2145e-003
-19,014	99,753	-38,27	-1,2417e-003
-18,114	99,696	-41,102	-1,2002e-003
-20,201	99,832	-228,17	1,2593e-004
-19,117	99,759	-231,23	1,4749e-004
-20,377	99,844	-46,829	-1,1589e-003
-18,033	99,691	-43,455	-1,1727e-003
-18,23	99,703	-45,975	-1,1463e-003
-19,87	99,809	-223,38	1,2147e-004
-17,404	99,652	-227,74	1,6712e-004
-17,669	99,668	-224,89	1,576e-004
-18,809	99,739	-228,85	1,4807e-004
-20,216	99,833	-51,758	-1,1027e-003
-18,15	99,698	-48,436	-1,1179e-003
-17,802	99,676	-51,117	-1,0844e-003
-19,779	99,803	-218,51	1,1168e-004
-17,646	99,667	-222,48	1,5282e-004
-17,504	99,658	-219,97	1,4918e-004
-20,056	99,822	-56,693	-1,0472e-003
-17,722	99,671	-53,585	-1,0563e-003
-17,98	99,687	-55,98	-1,0328e-003
-19,63	99,793	-213,5	1,0076e-004
-17,436	99,654	-217,51	1,4415e-004
-17,217	99,641	-214,94	1,4064e-004
-19,897	99,811	-61,627	-9,9239e-004
-17,9	99,682	-58,448	-1,0051e-003
-17,748	99,673	-60,772	-9,7832e-004
-19,368	99,776	-208,41	8,9549e-005
-17,136	99,637	-212,39	1,3468e-004
-17,01	99,629	-209,85	1,2898e-004
-20,036	99,821	-66,731	-9,3988e-004
-17,669	99,668	-63,238	-9,5097e-004
-17,248	99,643	-65,637	-9,2076e-004
-19,235	99,767	-203,55	7,5454e-005
-16,829	99,619	-207,3	1,2356e-004
-16,762	99,615	-204,87	1,1646e-004
-19,81	99,805	-71,644	-8,8618e-004
-17,466	99,656	-68,275	-8,9525e-004
-17,371	99,65	-70,912	-8,6651e-004
-19,39	99,777	-198,46	5,4738e-005
-16,809	99,618	-202,55	1,0768e-004
-16,709	99,612	-200,33	1,0109e-004
-19,506	99,785	-76,594	-8,3206e-004
-16,927	99,624	-73,187	-8,3792e-004
-16,794	99,617	-75,807	-8,094e-004
-19,42	99,779	-193,21	3,3558e-005
-16,817	99,618	-197,57	8,9024e-005
-16,914	99,624	-194,77	7,6503e-005
-19,542	99,787	-81,752	-7,8065e-004
-16,934	99,625	-78,482	-7,8361e-004
-16,836	99,619	-80,944	-7,5759e-004
-19,171	99,763	-188,58	1,7355e-005
-16,836	99,619	-192,29	6,7316e-005
-16,766	99,615	-189,83	5,7698e-005
-19,353	99,775	-86,71	-7,2959e-004
-16,732	99,613	-83,426	-7,3152e-004
-16,64	99,608	-85,925	-7,0566e-004
-18,947	99,748	-183,97	-5,5609e-007
-16,594	99,605	-187,67	5,0536e-005
-16,523	99,601	-185,31	4,0614e-005
-19,195	99,764	-91,66	-6,7986e-004
-16,555	99,603	-88,402	-6,8031e-004
-16,478	99,599	-90,891	-6,5519e-004
-18,889	99,744	-178,69	-2,5574e-005
-16,471	99,598	-182,85	2,9558e-005
-16,434	99,596	-180,31	1,7587e-005
-18,949	99,748	-96,964	-6,2672e-004
-16,405	99,595	-93,364	-6,3047e-004
-16,322	99,59	-95,824	-6,0605e-004
-18,802	99,739	-173,21	-5,3013e-005
-16,428	99,596	-177,49	3,2573e-006
-16,365	99,592	-174,98	-9,0623e-006
-18,716	99,733	-102,27	-5,7478e-004
-16,15	99,581	-98,655	-5,7729e-004
-16,215	99,584	-100,76	-5,5842e-004
-18,684	99,731	-168,05	-8,001e-005
-16,285	99,588	-172,32	-2,2377e-005
-16,224	99,585	-169,83	-3,5429e-005
-18,596	99,726	-107,24	-5,2847e-004
-16,153	99,581	-103,24	-5,3483e-004
-16,096	99,578	-105,71	-5,1155e-004
-18,617	99,727	-163,08	-1,0813e-004
-16,187	99,583	-167,34	-4,9213e-005
-16,134	99,58	-164,88	-6,2838e-005
-18,481	99,718	-112,21	-4,8325e-004
-16,037	99,574	-108,19	-4,8844e-004
-15,77	99,56	-111,05	-4,5976e-004
-18,557	99,723	-158,15	-1,3762e-004
-16,103	99,578	-162,42	-7,7337e-005
-16,046	99,575	-159,99	-9,1489e-005
-18,37	99,711	-117,17	-4,3924e-004
-15,714	99,557	-113,54	-4,3728e-004
-16,383	99,593	-115,94	-4,2475e-004
-18,495	99,719	-153,22	-1,6855e-004
-16,015	99,573	-157,53	-1,0665e-004
-15,955	99,57	-155,06	-1,2178e-004
-18,262	99,705	-122,13	-3,9641e-004
-16,328	99,59	-118,42	-4,029e-004
-15,758	99,559	-120,66	-3,7687e-004
-18,457	99,717	-148,21	-2,017e-004
-15,924	99,568	-152,59	-1,3772e-004
-16,037	99,574	-149,88	-1,575e-004
-18,288	99,706	-127,25	-3,5516e-004
-15,704	99,556	-123,14	-3,5552e-004
-15,641	99,553	-125,65	-3,3409e-004
-18,346	99,71	-143,07	-2,3619e-004
-16,029	99,574	-147,35	-1,7496e-004
-16,017	99,573	-144,69	-1,9346e-004
-18,379	99,712	-132,52	-3,15e-004
-15,721	99,557	-128,29	-3,1377e-004
-15,517	99,546	-131,23	-2,8776e-004
-18,316	99,708	-137,81	-2,741e-004
-15,914	99,568	-142,1	-2,1081e-004
-15,875	99,565	-139,43	-2,2985e-004
-15,527	99,547	-133,86	-2,6743e-004
-15,948	99,569	-136,76	-2,5074e-004
-8,2351	99,251	-255,29	3,234e-004
-4,9897	99,178	-253,46	3,6064e-004
-7,1618	99,223	-252,89	3,365e-004
-12,928	99,421	-255,5	2,5916e-004
-9,4157	99,287	-252,79	3,0793e-004
-12,013	99,382	-253,29	2,7217e-004
-16,528	99,602	-253,97	2,0585e-004
-14,452	99,492	-253,59	2,3669e-004
-14,425	99,49	-5,1799	-1,6094e-003
-17,443	99,655	-6,7689	-1,6132e-003
-9,6879	99,296	-5,6203	-1,5651e-003
-15,389	99,54	-7,0989	-1,5913e-003
-11,797	99,373	-8,2649	-1,5454e-003
-6,2579	99,202	-8,4535	-1,4995e-003
-9,1142	99,277	-8,3752	-1,5222e-003
-17,012	99,629	-245,97	1,9575e-004
-16,552	99,603	-241,55	1,9918e-004
-14,702	99,504	-245,29	2,2979e-004
-14,163	99,478	-242,83	2,3576e-004
-17,473	99,657	-250,19	1,9086e-004
-15,397	99,54	-249,81	2,2182e-004
-14,946	99,517	-247,55	2,2753e-004
-15,613	99,551	-251,76	2,1925e-004
-4,1886	99,165	-249,46	3,673e-004
-6,1706	99,2	-250,96	3,4742e-004
-4,9451	99,177	-244,67	3,5697e-004
-6,3608	99,204	-248,9	3,4458e-004
-6,3623	99,204	-246,48	3,4305e-004
-5,0717	99,179	-239,67	3,5111e-004
-8,5346	99,26	-241,94	3,1322e-004
-6,9284	99,217	-243,74	3,3453e-004
-7,437	99,23	-239,89	3,2477e-004
-4,5231	99,17	-235,31	3,51e-004
-6,9976	99,219	-237,62	3,2738e-004
-6,4123	99,206	-235,99	3,3199e-004
-4,4139	99,169	-230,76	3,4493e-004
-6,3032	99,203	-233,89	3,3014e-004
-6,8984	99,217	-231,81	3,2013e-004
-4,4139	99,169	-225,85	3,3556e-004
-6,8984	99,217	-229,36	3,1582e-004
-6,6858	99,212	-226,74	3,1333e-004
-4,4139	99,169	-220,94	3,2453e-004
-6,6858	99,212	-224,28	3,0813e-004
-6,7187	99,212	-222,04	3,0279e-004
-4,4139	99,169	-216,03	3,1191e-004
-6,7187	99,212	-219,58	2,9681e-004
-7,1087	99,222	-217,72	2,8756e-004
-4,4139	99,169	-211,12	2,9758e-004
-7,1087	99,222	-215,27	2,8098e-004
-7,0191	99,219	-212,44	2,738e-004
-4,4139	99,169	-206,21	2,8139e-004
-7,0191	99,219	-209,98	2,6631e-004
-6,9621	99,218	-207,41	2,5851e-004
-4,4139	99,169	-201,3	2,6364e-004
-6,9621	99,218	-204,95	2,5004e-004
-6,9281	99,217	-202,49	2,4156e-004
-4,4139	99,169	-196,39	2,4407e-004
-6,9281	99,217	-200,03	2,3227e-004
-6,9395	99,218	-197,79	2,2325e-004
-4,4139	99,169	-191,48	2,2266e-004
-6,9395	99,218	-195,33	2,132e-004
-6,8747	99,216	-192,74	2,0275e-004
-4,4139	99,169	-186,57	1,9987e-004
-6,8747	99,216	-190,28	1,9171e-004
-6,8202	99,215	-187,9	1,8136e-004
-4,4139	99,169	-181,66	1,7539e-004
-6,8202	99,215	-185,44	1,6953e-004
-6,8115	99,215	-182,92	1,5722e-004
-4,4139	99,169	-176,75	1,4942e-004
-6,8115	99,215	-180,46	1,447e-004
-6,7951	99,214	-178,07	1,3219e-004
-4,4139	99,169	-171,84	1,2192e-004
-6,7951	99,214	-175,61	1,1893e-004
-6,7596	99,213	-173,14	1,0555e-004
-4,4139	99,169	-166,93	9,2883e-005
-6,7596	99,213	-170,69	9,1555e-005
-6,7256	99,213	-168,21	7,7379e-005
-4,4139	99,169	-162,02	6,246e-005
-6,7256	99,213	-165,75	6,2536e-005
-6,7292	99,213	-163,44	4,8318e-005
-4,4139	99,169	-157,11	3,0593e-005
-6,7292	99,213	-160,99	3,2801e-005
-6,6786	99,211	-158,36	1,6421e-005
-4,4139	99,169	-152,2	-2,735e-006
-6,6786	99,211	-155,91	1,9387e-007
-6,6767	99,211	-153,33	-1,7205e-005
-4,4139	99,169	-147,29	-3,7518e-005
-6,6767	99,211	-150,88	-3,4165e-005
-6,6409	99,211	-148,39	-5,1354e-005
-4,4139	99,169	-142,38	-7,383e-005
-6,6409	99,211	-145,94	-6,9021e-005
-6,6896	99,212	-143,37	-8,8417e-005
-4,4139	99,169	-137,47	-1,1144e-004
-6,6896	99,212	-140,91	-1,0682e-004
-6,7064	99,212	-138,71	-1,238e-004
-4,4139	99,169	-132,56	-1,5036e-004
-6,7064	99,212	-136,25	-1,4287e-004
-6,1358	99,2	-133,87	-1,5584e-004
-4,4139	99,169	-127,65	-1,9062e-004
-6,1358	99,2	-131,42	-1,7569e-004
-6,4539	99,206	-129,16	-1,9717e-004
-4,4139	99,169	-122,74	-2,3215e-004
-6,4539	99,206	-126,71	-2,1751e-004
-6,5007	99,207	-124,31	-2,3819e-004
-4,4139	99,169	-117,83	-2,7479e-004
-6,5007	99,207	-121,85	-2,5912e-004
-6,8765	99,216	-118,88	-2,8847e-004
-4,4139	99,169	-112,92	-3,1863e-004
-6,8765	99,216	-116,43	-3,1003e-004
-6,282	99,203	-114,02	-3,2555e-004
-4,4139	99,169	-108,01	-3,6352e-004
-6,282	99,203	-111,57	-3,4774e-004
-6,6233	99,21	-109,38	-3,7092e-004
-4,4139	99,169	-103,1	-4,0954e-004
-6,6233	99,21	-106,93	-3,9354e-004
-6,6781	99,211	-104,4	-4,1771e-004
-4,4139	99,169	-98,195	-4,566e-004
-6,6781	99,211	-101,94	-4,4083e-004
-6,7096	99,212	-99,678	-4,6278e-004
-4,4139	99,169	-93,285	-5,0473e-004
-6,7096	99,212	-97,223	-4,864e-004
-6,725	99,213	-94,864	-5,0958e-004
-4,4139	99,169	-88,376	-5,5387e-004
-6,725	99,213	-92,409	-5,3375e-004
-6,7714	99,214	-89,932	-5,5884e-004
-4,4139	99,169	-83,466	-6,0403e-004
-6,7714	99,214	-87,477	-5,8351e-004
-6,8951	99,216	-84,586	-6,1401e-004
-4,4139	99,169	-78,556	-6,5522e-004
-6,8951	99,216	-82,131	-6,3925e-004
-6,7551	99,213	-79,557	-6,6472e-004
-4,4139	99,169	-73,646	-7,0735e-004
-6,7551	99,213	-77,102	-6,9047e-004
-6,8299	99,215	-74,52	-7,1842e-004
-4,4139	99,169	-68,737	-7,6041e-004
-6,8299	99,215	-72,065	-7,4468e-004
-6,8836	99,216	-69,489	-7,729e-004
-4,4139	99,169	-63,827	-8,144e-004
-6,8836	99,216	-67,034	-7,9953e-004
-6,4944	99,207	-64,77	-8,2093e-004
-4,5968	99,171	-59,1	-8,6833e-004
-6,4944	99,207	-62,316	-8,4801e-004
-6,5177	99,208	-60,08	-8,73e-004
-4,5968	99,171	-54,19	-9,2375e-004
-6,7006	99,212	-57,808	-9,0001e-004
-7,2078	99,224	-55,245	-9,332e-004
-4,5964	99,171	-48,922	-9,841e-004
-7,0249	99,22	-52,608	-9,6151e-004
-6,8342	99,215	-49,979	-9,8987e-004
-4,8097	99,175	-43,8	-1,0452e-003
-7,0167	99,219	-47,348	-1,0217e-003
-7,3406	99,227	-44,69	-1,0552e-003
-4,8457	99,175	-38,847	-1,1038e-003
-7,3714	99,228	-42,199	-1,0845e-003
-7,1411	99,222	-39,531	-1,1139e-003
-4,8517	99,176	-33,931	-1,1627e-003
-7,1462	99,223	-37,071	-1,1431e-003
-7,1238	99,222	-34,735	-1,1708e-003
-4,8527	99,176	-29,02	-1,2225e-003
-7,1246	99,222	-32,279	-1,2004e-003
-7,1799	99,223	-30,057	-1,2277e-003
-4,9477	99,177	-24,067	-1,2847e-003
-7,18	99,223	-27,602	-1,2578e-003
-7,1569	99,223	-25,217	-1,2871e-003
-5,0521	99,179	-19,161	-1,3478e-003
-7,2518	99,225	-22,72	-1,3191e-003
-7,2117	99,224	-20,336	-1,349e-003
-5,2864	99,183	-13,965	-1,4176e-003
-7,2212	99,224	-17,928	-1,38e-003
-6,9558	99,218	-15,821	-1,4053e-003
-8,3677	99,255	-11,098	-1,4791e-003
-7,1806	99,223	-13,033	-1,444e-003
-17,717	99,671	-11,142	-1,5578e-003
-14,816	99,51	-9,8539	-1,5495e-003
-17,354	99,649	-15,905	-1,4936e-003
-14,127	99,476	-12,308	-1,5112e-003
-15,049	99,522	-14,994	-1,4845e-003
-17,847	99,679	-20,619	-1,4393e-003
-15,375	99,539	-17,302	-1,4581e-003
-15,598	99,551	-19,805	-1,4287e-003
-18,068	99,693	-25,263	-1,3849e-003
-15,765	99,56	-22,212	-1,4004e-003
-15,885	99,566	-24,536	-1,3731e-003
-18,123	99,696	-30,	-1,329e-003
-15,94	99,569	-26,773	-1,3466e-003
-15,997	99,572	-28,934	-1,3212e-003
-17,765	99,674	-34,689	-1,2706e-003
-15,997	99,572	-31,434	-1,2915e-003
-15,898	99,567	-33,53	-1,2659e-003
-16,509	99,601	-39,71	-1,2001e-003
-15,54	99,548	-35,719	-1,2367e-003
-15,326	99,536	-37,854	-1,2098e-003
-15,784	99,561	-236,76	2,0529e-004
-13,947	99,467	-240,67	2,3694e-004
-14,599	99,499	-238,4	2,2487e-004
-15,073	99,523	-231,91	2,0885e-004
-14,048	99,472	-235,77	2,296e-004
-13,446	99,444	-234,07	2,3601e-004
-16,479	99,599	-233,02	1,8975e-004
-15,806	99,562	-45,061	-1,1319e-003
-12,756	99,413	-42,816	-1,1271e-003
-14,426	99,491	-40,685	-1,1681e-003
-14,093	99,474	-44,417	-1,122e-003
-15,655	99,554	-50,263	-1,0717e-003
-14,291	99,484	-46,936	-1,0953e-003
-14,295	99,484	-48,744	-1,0749e-003
-15,179	99,529	-226,84	1,9833e-004
-12,148	99,387	-230,05	2,4817e-004
-13,286	99,437	-231,85	2,3489e-004
-13,509	99,447	-228,	2,2496e-004
-16,319	99,59	-230,8	1,886e-004
-15,302	99,535	-221,48	1,8522e-004
-13,775	99,459	-225,15	2,1552e-004
-13,494	99,446	-222,79	2,1452e-004
-15,565	99,549	-55,339	-1,0144e-003
-12,472	99,401	-53,304	-1,0052e-003
-13,947	99,467	-51,426	-1,0412e-003
-13,734	99,457	-54,913	-1,0001e-003
-14,94	99,516	-216,4	1,78e-004
-12,482	99,401	-217,97	2,1756e-004
-13,352	99,44	-220,28	2,1085e-004
-15,672	99,555	-60,059	-9,6386e-004
-13,992	99,469	-57,308	-9,7628e-004
-13,993	99,469	-59,231	-9,5517e-004
-14,595	99,499	-211,29	1,6861e-004
-12,262	99,392	-215,39	2,1389e-004
-12,173	99,388	-212,56	2,0713e-004
-15,098	99,524	-64,783	-9,0669e-004
-13,841	99,462	-61,556	-9,2819e-004
-13,841	99,462	-63,326	-9,0896e-004
-14,581	99,498	-69,819	-8,4742e-004
-12,015	99,382	-67,484	-8,4491e-004
-13,419	99,443	-65,726	-8,7862e-004
-14,402	99,489	-206,31	1,5563e-004
-12,047	99,383	-210,02	2,0117e-004
-11,99	99,381	-207,45	1,9374e-004
-14,235	99,481	-201,66	1,4173e-004
-11,923	99,378	-205,01	1,8647e-004
-11,889	99,377	-202,55	1,7811e-004
-14,354	99,487	-75,075	-7,8982e-004
-11,866	99,376	-72,697	-7,8778e-004
-11,92	99,378	-70,121	-8,1568e-004
-14,232	99,481	-196,64	1,2256e-004
-11,789	99,372	-200,33	1,7128e-004
-11,8	99,373	-198,08	1,6243e-004
-14,123	99,476	-80,156	-7,3496e-004
-11,659	99,367	-77,898	-7,3114e-004
-11,734	99,37	-75,316	-7,5883e-004
-14,258	99,482	-191,38	1,0026e-004
-11,897	99,377	-195,29	1,4985e-004
-11,832	99,374	-192,69	1,3983e-004
-13,933	99,467	-85,118	-6,8274e-004
-11,7	99,369	-82,935	-6,7992e-004
-11,561	99,363	-80,36	-7,0468e-004
-14,117	99,475	-186,56	8,0517e-005
-11,762	99,371	-190,23	1,2997e-004
-11,707	99,369	-187,84	1,1981e-004
-13,764	99,459	-90,106	-6,3141e-004
-11,485	99,36	-88,325	-6,2335e-004
-11,609	99,365	-85,434	-6,5368e-004
-14,009	99,47	-181,66	5,8347e-005
-11,636	99,366	-185,48	1,0967e-004
-11,628	99,366	-182,96	9,7465e-005
-13,604	99,451	-95,055	-5,8155e-004
-11,361	99,356	-93,291	-5,7311e-004
-11,408	99,357	-90,815	-5,979e-004
-13,909	99,466	-176,6	3,3755e-005
-11,59	99,365	-180,42	8,5218e-005
-11,574	99,364	-178,02	7,2994e-005
-13,586	99,45	-99,617	-5,3796e-004
-11,264	99,352	-98,11	-5,2554e-004
-11,279	99,352	-95,751	-5,4835e-004
-13,786	99,46	-171,6	8,2046e-006
-11,512	99,361	-175,51	6,0423e-005
-11,476	99,36	-173,04	4,73e-005
-13,593	99,451	-104,19	-4,9543e-004
-11,297	99,353	-102,48	-4,8466e-004
-11,328	99,354	-100,21	-5,0629e-004
-13,672	99,454	-166,67	-1,8637e-005
-11,416	99,358	-170,56	3,4127e-005
-11,382	99,356	-168,08	2,0184e-005
-13,268	99,436	-109,52	-4,4309e-004
-11,184	99,349	-107,48	-4,3716e-004
-11,239	99,351	-104,95	-4,6102e-004
-13,561	99,449	-161,79	-4,6639e-005
-11,328	99,354	-165,63	6,3012e-006
-11,332	99,354	-163,31	-7,7842e-006
-13,671	99,454	-114,78	-4,0136e-004
-11,17	99,348	-114,93	-3,7019e-004
-10,576	99,326	-112,53	-3,8458e-004
-10,917	99,339	-110,34	-4,0812e-004
-13,443	99,444	-156,9	-7,6077e-005
-11,274	99,352	-160,89	-2,2115e-005
-11,223	99,35	-158,26	-3,8218e-005
-13,77	99,459	-119,43	-3,6255e-004
-11,84	99,375	-117,33	-3,5714e-004
-13,496	99,446	-151,73	-1,1113e-004
-11,163	99,348	-155,8	-5,3563e-005
-11,161	99,348	-153,22	-7,0751e-005
-13,136	99,43	-124,18	-3,148e-004
-10,894	99,338	-122,54	-3,0133e-004
-11,269	99,352	-119,57	-3,3105e-004
-13,596	99,451	-146,37	-1,4965e-004
-11,274	99,352	-150,52	-9,0666e-005
-11,238	99,351	-148,03	-1,0756e-004
-12,869	99,418	-129,63	-2,6699e-004
-10,783	99,334	-127,45	-2,5922e-004
-10,83	99,335	-125,05	-2,7957e-004
-13,546	99,448	-141,05	-1,8752e-004
-11,226	99,35	-145,38	-1,2635e-004
-11,275	99,352	-142,81	-1,4563e-004
-13,086	99,428	-135,47	-2,2372e-004
-10,832	99,336	-135,03	-1,9912e-004
-10,261	99,315	-132,65	-2,11e-004
-10,579	99,326	-130,39	-2,3285e-004
-11,236	99,351	-140,14	-1,6499e-004
-11,253	99,351	-137,93	-1,8187e-004
-10,94	99,34	-250,89	2,8674e-004
-10,489	99,323	-248,63	2,921e-004
-8,344	99,254	-247,97	3,2013e-004
-13,086	99,428	-249,13	2,5555e-004
-10,037	99,307	-12,954	-1,4678e-003
-12,146	99,387	-13,705	-1,4758e-003
-12,096	99,385	-244,41	2,6703e-004
-10,491	99,323	-246,21	2,9075e-004
-9,9514	99,304	-243,75	2,9628e-004
-10,46	99,322	-239,89	2,8572e-004
-12,21	99,39	-239,68	2,6088e-004
-8,7773	99,267	-236,2	3,0353e-004
-11,113	99,346	-237,63	2,7397e-004
-10,51	99,324	-235,92	2,8012e-004
-8,7872	99,267	-232,49	2,9798e-004
-9,9253	99,303	-234,29	2,8571e-004
-9,1698	99,279	-227,79	2,8471e-004
-10,52	99,324	-232,21	2,7448e-004
-10,744	99,332	-228,36	2,647e-004
-8,9902	99,273	-222,92	2,7692e-004
-10,531	99,325	-225,74	2,6252e-004
-10,25	99,315	-223,38	2,6128e-004
-9,4129	99,287	-218,82	2,617e-004
-10,283	99,316	-221,13	2,5574e-004
-9,7132	99,296	-214,13	2,452e-004
-10,673	99,33	-219,27	2,4596e-004
-9,5667	99,292	-208,73	2,3072e-004
-9,4757	99,289	-203,69	2,1471e-004
-9,4532	99,288	-198,97	1,9732e-004
-9,3997	99,286	-194,14	1,7826e-004
-9,2805	99,282	-189,16	1,5776e-004
-9,2174	99,28	-184,25	1,352e-004
-9,1923	99,28	-179,32	1,106e-004
-9,1403	99,278	-174,46	8,5115e-005
-9,0707	99,276	-169,51	5,7837e-005
-9,0404	99,275	-164,72	2,9605e-005
-8,9935	99,273	-159,79	-7,2634e-007
-8,9409	99,272	-154,59	-3,4243e-005
-8,9032	99,271	-149,52	-6,8569e-005
-8,9161	99,271	-144,47	-1,0495e-004
-8,9817	99,273	-139,69	-1,4126e-004
-8,4279	99,257	-135,11	-1,7044e-004
-8,1754	99,249	-130,47	-2,0459e-004
-8,5403	99,26	-125,81	-2,4692e-004
-8,9629	99,272	-120,45	-2,9705e-004
-8,7442	99,266	-115,07	-3,4147e-004
-8,491	99,258	-110,48	-3,7993e-004
-8,887	99,27	-105,76	-4,2745e-004
-8,9734	99,273	-100,97	-4,7329e-004
-9,0202	99,274	-96,346	-5,1807e-004
-9,082	99,276	-91,51	-5,66e-004
-9,2522	99,281	-86,143	-6,2142e-004
-9,2358	99,281	-80,677	-6,7709e-004
-9,1706	99,279	-75,52	-7,3019e-004
-9,2991	99,283	-70,362	-7,8628e-004
-8,9637	99,272	-65,523	-8,3535e-004
-10,757	99,333	-66,028	-8,4767e-004
-8,5978	99,261	-61,024	-8,8127e-004
-10,368	99,319	-61,994	-8,8772e-004
-10,368	99,319	-63,764	-8,6836e-004
-9,1283	99,278	-56,226	-9,3969e-004
-10,391	99,32	-57,835	-9,3392e-004
-10,391	99,32	-59,759	-9,1261e-004
-9,4447	99,288	-51,034	-1,0012e-003
-11,111	99,346	-51,785	-1,0088e-003
-10,898	99,338	-55,272	-9,6748e-004
-9,5778	99,292	-45,748	-1,0629e-003
-10,916	99,339	-47,349	-1,0572e-003
-10,921	99,339	-49,157	-1,0367e-003
-9,6714	99,295	-40,422	-1,1257e-003
-11,572	99,364	-40,96	-1,1372e-003
-11,24	99,351	-44,691	-1,0908e-003
-9,4188	99,287	-35,419	-1,1824e-003
-11,557	99,363	-36,157	-1,1933e-003
-11,342	99,355	-38,292	-1,1661e-003
-9,4515	99,288	-30,861	-1,2373e-003
-11,634	99,366	-31,726	-1,2466e-003
-11,534	99,362	-33,822	-1,2207e-003
-9,4837	99,289	-26,254	-1,2937e-003
-11,632	99,366	-27,342	-1,2996e-003
-11,689	99,369	-29,503	-1,2739e-003
-9,4205	99,287	-21,486	-1,3525e-003
-11,488	99,361	-22,634	-1,3562e-003
-11,609	99,365	-24,958	-1,3285e-003
-9,1151	99,277	-16,996	-1,4073e-003
-11,225	99,35	-17,747	-1,4155e-003
-11,448	99,359	-20,25	-1,3857e-003
-10,96	99,34	-15,64	-1,4404e-003
-13,292	99,437	-18,894	-1,4192e-003
-13,635	99,453	-23,722	-1,3622e-003
-13,814	99,461	-28,207	-1,3093e-003
-13,772	99,459	-32,464	-1,258e-003
-13,457	99,444	-36,694	-1,2051e-003
-12,26	99,392	-235,71	2,553e-004
-12,582	99,406	-48,099	-1,065e-003
-11,824	99,374	-223,95	2,4082e-004
-12,16	99,388	-58,805	-9,4094e-004
-12,161	99,388	-62,499	-9,0043e-004
20,326	99,841	-287,25	3,0446e-004
18,361	99,711	-282,82	3,2463e-004
17,507	99,659	-285,15	3,2481e-004
20,545	99,856	-478,01	-1,1714e-003
19,405	99,778	-481,7	-1,2152e-003
18,229	99,703	-479,42	-1,1867e-003
20,203	99,832	-292,02	2,9393e-004
17,693	99,67	-287,54	3,1864e-004
17,795	99,676	-290,33	3,1166e-004
20,379	99,844	-473,21	-1,1142e-003
18,143	99,697	-477,08	-1,1584e-003
18,21	99,701	-474,14	-1,1233e-003
19,872	99,81	-296,81	2,83e-004
17,486	99,657	-292,71	3,0734e-004
17,744	99,673	-295,27	2,991e-004
20,218	99,833	-468,28	-1,0562e-003
18,13	99,696	-471,69	-1,094e-003
18,09	99,694	-469,15	-1,064e-003
19,781	99,803	-301,68	2,6892e-004
17,721	99,671	-297,68	2,9239e-004
17,306	99,647	-300,07	2,8752e-004
20,058	99,822	-463,35	-9,9879e-004
18,01	99,689	-466,68	-1,035e-003
17,644	99,667	-463,98	-1,0031e-003
19,632	99,793	-306,68	2,5311e-004
17,238	99,643	-302,53	2,8013e-004
17,503	99,658	-304,97	2,7057e-004
19,899	99,811	-458,42	-9,4216e-004
17,564	99,662	-461,52	-9,7445e-004
17,79	99,676	-459,11	-9,4704e-004
19,37	99,776	-311,77	2,3592e-004
17,421	99,653	-307,52	2,6215e-004
17,	99,629	-310,02	2,5523e-004
20,039	99,821	-453,32	-8,8489e-004
17,711	99,671	-456,65	-9,1882e-004
17,325	99,648	-454,1	-8,8941e-004
19,238	99,767	-316,62	2,1722e-004
16,82	99,618	-312,57	2,4644e-004
16,742	99,614	-315,04	2,3699e-004
19,812	99,806	-448,42	-8,2999e-004
17,543	99,661	-451,47	-8,6002e-004
17,491	99,658	-449,36	-8,3641e-004
19,393	99,777	-321,71	1,9443e-004
16,79	99,617	-317,36	2,2707e-004
16,712	99,612	-319,83	2,168e-004
19,507	99,785	-443,47	-7,7536e-004
17,046	99,631	-447,09	-8,1043e-004
16,918	99,624	-444,52	-7,8194e-004
19,424	99,78	-326,95	1,6987e-004
16,82	99,618	-322,6	2,0379e-004
16,743	99,614	-325,07	1,9267e-004
19,579	99,79	-438,32	-7,2013e-004
17,057	99,632	-441,85	-7,5301e-004
17,039	99,631	-439,33	-7,2575e-004
19,269	99,769	-331,9	1,4595e-004
16,665	99,609	-327,55	1,8108e-004
16,457	99,598	-330,21	1,6884e-004
19,408	99,778	-433,36	-6,6756e-004
16,972	99,627	-436,85	-6,99e-004
16,91	99,623	-434,37	-6,7257e-004
19,046	99,755	-336,51	1,2259e-004
16,379	99,593	-332,68	1,5635e-004
16,596	99,605	-335,35	1,4099e-004
19,145	99,761	-428,07	-6,1213e-004
16,806	99,617	-431,9	-6,4633e-004
16,732	99,613	-429,42	-6,203e-004
18,88	99,744	-341,45	9,5649e-005
16,45	99,597	-337,48	1,2995e-004
16,922	99,624	-339,82	1,1447e-004
18,883	99,744	-422,77	-5,5766e-004
16,575	99,604	-426,59	-5,9074e-004
16,489	99,599	-424,05	-5,6452e-004
18,774	99,737	-346,74	6,4839e-005
16,903	99,623	-342,64	9,8255e-005
16,1	99,578	-344,86	8,8756e-005
18,716	99,733	-417,81	-5,0799e-004
16,384	99,594	-421,57	-5,3919e-004
16,304	99,589	-419,03	-5,1353e-004
18,634	99,728	-351,7	3,4594e-005
16,013	99,573	-347,33	7,4076e-005
15,936	99,569	-349,85	5,8701e-005
18,596	99,726	-412,85	-4,5941e-004
16,242	99,586	-416,55	-4,8879e-004
16,182	99,582	-414,06	-4,6428e-004
18,504	99,72	-356,65	2,7925e-006
15,882	99,566	-352,33	4,2998e-005
16,197	99,583	-354,91	2,4715e-005
18,482	99,718	-407,89	-4,1187e-004
16,124	99,579	-411,58	-4,4009e-004
16,068	99,576	-409,1	-4,1617e-004
18,352	99,71	-361,61	-3,0329e-005
16,121	99,579	-357,38	8,422e-006
15,67	99,554	-359,74	-5,7314e-006
18,371	99,712	-402,93	-3,6548e-004
16,012	99,573	-406,62	-3,9253e-004
15,956	99,57	-404,14	-3,6917e-004
18,201	99,701	-366,56	-6,4967e-005
15,594	99,55	-362,21	-2,2777e-005
15,693	99,556	-365,06	-4,351e-005
18,418	99,714	-397,83	-3,1957e-004
15,902	99,567	-401,66	-3,4609e-004
15,846	99,564	-399,19	-3,2334e-004
18,206	99,701	-371,7	-1,0309e-004
15,617	99,552	-367,53	-6,1366e-005
15,707	99,556	-370,34	-8,2633e-005
18,467	99,718	-392,74	-2,7492e-004
15,948	99,569	-396,58	-3,0011e-004
15,891	99,566	-394,09	-2,7791e-004
18,266	99,705	-377,	-1,4419e-004
15,788	99,561	-373,	-1,0329e-004
15,784	99,561	-375,52	-1,2277e-004
18,449	99,716	-387,62	-2,3109e-004
15,838	99,563	-391,62	-2,5601e-004
15,764	99,56	-388,97	-2,3291e-004
18,365	99,711	-382,31	-1,869e-004
15,763	99,559	-378,16	-1,4357e-004
15,877	99,566	-380,69	-1,6431e-004
15,799	99,561	-386,32	-2,1057e-004
15,996	99,572	-383,35	-1,8655e-004
13,082	99,427	-264,73	3,7664e-004
16,533	99,602	-266,51	3,5681e-004
14,242	99,481	-267,	3,6889e-004
8,3787	99,255	-264,93	3,9687e-004
11,97	99,38	-267,11	3,8039e-004
9,6558	99,294	-267,17	3,9054e-004
4,9914	99,178	-266,95	4,0257e-004
7,2241	99,224	-267,27	3,9847e-004
9,6641	99,295	-514,36	-1,6488e-003
6,2204	99,201	-511,42	-1,612e-003
9,0881	99,276	-511,6	-1,6094e-003
14,414	99,49	-514,84	-1,6493e-003
15,349	99,537	-513,02	-1,6222e-003
11,772	99,372	-511,74	-1,6077e-003
17,414	99,653	-513,37	-1,6253e-003
17,551	99,661	-509,4	-1,5699e-003
16,888	99,622	-504,5	-1,5038e-003
13,976	99,469	-508,12	-1,5547e-003
14,147	99,477	-505,17	-1,5142e-003
14,773	99,508	-510,26	-1,5839e-003
17,461	99,656	-499,47	-1,4373e-003
14,282	99,483	-502,41	-1,477e-003
15,114	99,525	-500,06	-1,4455e-003
17,951	99,685	-494,87	-1,3781e-003
15,553	99,548	-497,8	-1,4159e-003
16,123	99,579	-495,79	-1,3899e-003
17,878	99,681	-490,08	-1,3176e-003
16,173	99,582	-493,45	-1,3599e-003
15,319	99,536	-491,	-1,3287e-003
17,967	99,686	-485,34	-1,2589e-003
15,196	99,529	-488,54	-1,2978e-003
15,589	99,55	-485,79	-1,2635e-003
17,191	99,64	-274,47	3,4468e-004
16,837	99,619	-278,72	3,4035e-004
14,511	99,495	-275,28	3,5824e-004
15,272	99,533	-277,34	3,511e-004
5,5493	99,188	-505,7	-1,5319e-003
8,3295	99,254	-508,79	-1,5703e-003
8,501	99,259	-505,85	-1,5287e-003
5,0012	99,178	-500,16	-1,4569e-003
8,5887	99,261	-502,94	-1,4886e-003
7,3038	99,226	-501,11	-1,4655e-003
4,3654	99,168	-495,02	-1,3898e-003
6,668	99,211	-498,47	-1,431e-003
6,906	99,217	-496,01	-1,3978e-003
4,3654	99,168	-490,03	-1,3245e-003
6,906	99,217	-493,51	-1,365e-003
6,142	99,2	-491,22	-1,3364e-003
4,3654	99,168	-485,03	-1,2605e-003
6,142	99,2	-488,72	-1,3041e-003
6,4777	99,207	-486,48	-1,2751e-003
4,3654	99,168	-480,03	-1,1974e-003
6,4777	99,207	-483,98	-1,2434e-003
7,1068	99,222	-480,73	-1,2018e-003
4,5481	99,171	-475,22	-1,1371e-003
7,1068	99,222	-478,24	-1,1707e-003
6,2622	99,202	-476,35	-1,1483e-003
4,7612	99,174	-470,43	-1,0779e-003
6,4449	99,206	-474,04	-1,1196e-003
6,6946	99,212	-472,02	-1,0946e-003
4,7967	99,175	-465,42	-1,0171e-003
6,7251	99,213	-469,54	-1,0644e-003
6,7637	99,213	-467,11	-1,035e-003
4,5836	99,171	-460,22	-9,5537e-004
6,7688	99,214	-464,57	-1,0045e-003
7,1871	99,224	-461,95	-9,7296e-004
4,3654	99,168	-455,05	-8,9481e-004
6,9689	99,218	-459,29	-9,4155e-004
6,5641	99,209	-456,57	-9,099e-004
4,3654	99,168	-450,06	-8,3674e-004
6,5641	99,209	-454,07	-8,8073e-004
7,0657	99,221	-451,65	-8,5242e-004
4,3654	99,168	-445,06	-7,7952e-004
7,0657	99,221	-449,16	-8,2367e-004
7,0063	99,219	-446,51	-7,9355e-004
4,3654	99,168	-440,07	-7,2332e-004
7,0063	99,219	-444,01	-7,6526e-004
6,9691	99,218	-441,3	-7,349e-004
4,3654	99,168	-435,07	-6,6807e-004
6,9691	99,218	-438,8	-7,0715e-004
6,9264	99,217	-436,34	-6,8007e-004
4,3654	99,168	-430,08	-6,1393e-004
6,9264	99,217	-433,84	-6,5277e-004
6,8839	99,216	-431,39	-6,2636e-004
4,3654	99,168	-425,08	-5,6084e-004
6,8839	99,216	-428,89	-5,9963e-004
6,8326	99,215	-426,35	-5,728e-004
4,3654	99,168	-420,08	-5,0876e-004
6,8326	99,215	-423,86	-5,4665e-004
6,7917	99,214	-421,38	-5,2086e-004
4,3654	99,168	-415,09	-4,578e-004
6,7917	99,214	-418,88	-4,9526e-004
6,7577	99,213	-416,43	-4,7031e-004
4,3654	99,168	-410,09	-4,0795e-004
6,7577	99,213	-413,93	-4,4527e-004
6,7197	99,212	-411,46	-4,2066e-004
4,3654	99,168	-405,1	-3,5925e-004
6,7197	99,212	-408,96	-3,961e-004
6,6818	99,212	-406,48	-3,7205e-004
4,3654	99,168	-400,1	-3,1174e-004
6,6818	99,212	-403,98	-3,4803e-004
6,6396	99,211	-401,51	-3,2461e-004
4,3654	99,168	-395,1	-2,6528e-004
6,6396	99,211	-399,01	-3,0116e-004
6,5962	99,21	-396,55	-2,7835e-004
4,3654	99,168	-390,11	-2,2017e-004
6,5962	99,21	-394,05	-2,5554e-004
6,5501	99,209	-391,52	-2,3272e-004
4,3654	99,168	-385,11	-1,7636e-004
6,5501	99,209	-389,02	-2,1057e-004
6,6438	99,211	-386,23	-1,8624e-004
4,3654	99,168	-380,12	-1,3388e-004
6,6438	99,211	-383,73	-1,6475e-004
6,554	99,209	-381,09	-1,4238e-004
4,3654	99,168	-375,12	-9,2896e-005
6,554	99,209	-378,59	-1,216e-004
6,3874	99,205	-376,12	-1,0129e-004
4,3654	99,168	-370,13	-5,3336e-005
6,3874	99,205	-373,62	-8,1303e-005
6,4403	99,206	-370,87	-5,9674e-005
4,3654	99,168	-365,13	-1,5291e-005
6,4403	99,206	-368,37	-4,0384e-005
6,4735	99,207	-365,93	-2,2071e-005
4,3654	99,168	-360,13	2,1159e-005
6,4735	99,207	-363,43	-3,4807e-006
6,1424	99,2	-361,32	1,2142e-005
4,3654	99,168	-355,14	5,6323e-005
6,1424	99,2	-358,82	3,0016e-005
6,8687	99,216	-356,43	4,5885e-005
4,3654	99,168	-350,14	8,9887e-005
6,8687	99,216	-353,93	6,2914e-005
6,5864	99,209	-351,04	8,2706e-005
4,3654	99,168	-345,15	1,2195e-004
6,5864	99,209	-348,54	9,8978e-005
6,3245	99,204	-346,49	1,1237e-004
4,3654	99,168	-340,15	1,5253e-004
6,3245	99,204	-343,99	1,2804e-004
6,9924	99,219	-341,5	1,4211e-004
4,3654	99,168	-335,15	1,8138e-004
6,9924	99,219	-339,	1,5699e-004
6,7639	99,213	-336,07	1,7422e-004
4,3654	99,168	-330,16	2,0874e-004
6,7639	99,213	-333,57	1,8815e-004
6,4745	99,207	-331,24	2,0128e-004
4,3654	99,168	-325,16	2,3443e-004
6,4745	99,207	-328,74	2,1453e-004
6,6494	99,211	-326,44	2,2596e-004
4,3654	99,168	-320,17	2,5835e-004
6,6494	99,211	-323,94	2,382e-004
6,7022	99,212	-321,53	2,496e-004
4,3654	99,168	-315,17	2,8049e-004
6,7022	99,212	-319,03	2,6114e-004
6,7222	99,212	-316,43	2,7258e-004
4,3654	99,168	-310,18	3,0068e-004
6,7222	99,212	-313,93	2,8307e-004
6,766	99,213	-311,4	2,9319e-004
4,3654	99,168	-305,18	3,1915e-004
6,766	99,213	-308,9	3,0282e-004
6,3867	99,205	-306,38	3,1282e-004
4,3654	99,168	-300,18	3,3589e-004
6,3867	99,205	-303,88	3,2155e-004
6,8233	99,215	-301,48	3,2871e-004
4,3654	99,168	-295,19	3,5088e-004
6,8233	99,215	-298,98	3,3663e-004
6,4944	99,207	-296,49	3,4483e-004
4,5475	99,171	-290,01	3,6456e-004
6,4944	99,207	-293,99	3,5181e-004
6,9637	99,218	-291,55	3,5737e-004
4,8001	99,175	-285,03	3,7577e-004
7,1458	99,222	-288,87	3,6354e-004
7,2345	99,225	-286,07	3,6967e-004
5,1661	99,181	-280,77	3,839e-004
7,3051	99,226	-283,78	3,743e-004
6,761	99,213	-281,86	3,7936e-004
5,4616	99,186	-276,3	3,9104e-004
7,0564	99,22	-279,89	3,8227e-004
7,5151	99,232	-278,28	3,8382e-004
4,7488	99,174	-271,34	3,9829e-004
6,9816	99,219	-271,66	3,9465e-004
8,6957	99,264	-273,87	3,8674e-004
7,5151	99,232	-275,78	3,8769e-004
6,2689	99,202	-269,19	3,9867e-004
17,501	99,658	-270,34	3,4787e-004
15,21	99,53	-270,84	3,6006e-004
14,61	99,5	-273,11	3,6062e-004
15,421	99,541	-268,88	3,609e-004
15,727	99,557	-283,12	3,3857e-004
15,016	99,52	-279,42	3,4908e-004
14,348	99,487	-281,	3,4988e-004
17,002	99,629	-480,78	-1,2025e-003
15,801	99,561	-483,51	-1,2354e-003
14,974	99,518	-288,23	3,3181e-004
12,217	99,39	-287,93	3,4651e-004
12,306	99,394	-285,13	3,5226e-004
13,493	99,446	-283,33	3,4993e-004
15,893	99,566	-475,56	-1,1385e-003
14,624	99,5	-481,23	-1,2068e-003
12,837	99,417	-478,72	-1,1753e-003
14,048	99,472	-476,69	-1,1511e-003
15,921	99,568	-470,09	-1,0731e-003
14,116	99,475	-473,75	-1,1156e-003
14,127	99,476	-471,03	-1,0829e-003
15,334	99,537	-293,58	3,1668e-004
12,319	99,394	-290,71	3,3942e-004
13,567	99,449	-292,48	3,2875e-004
15,177	99,528	-298,53	3,0351e-004
13,825	99,462	-295,04	3,2059e-004
13,803	99,46	-296,74	3,1588e-004
15,515	99,546	-464,85	-1,0109e-003
14,088	99,474	-468,49	-1,0526e-003
14,087	99,474	-466,36	-1,0273e-003
15,026	99,521	-303,36	2,8905e-004
12,022	99,382	-300,6	3,1294e-004
13,388	99,441	-299,13	3,1086e-004
13,251	99,435	-302,14	3,0212e-004
15,375	99,539	-459,74	-9,513e-004
12,361	99,396	-461,59	-9,6971e-004
13,72	99,457	-463,66	-9,9522e-004
13,673	99,454	-460,11	-9,5364e-004
14,87	99,513	-308,32	2,7264e-004
13,515	99,447	-304,58	2,9264e-004
13,506	99,447	-306,38	2,8644e-004
15,214	99,53	-454,79	-8,9423e-004
13,899	99,465	-457,7	-9,26e-004
13,901	99,465	-456,04	-9,0688e-004
14,775	99,508	-450,14	-8,4093e-004
12,297	99,393	-451,5	-8,5309e-004
13,514	99,447	-453,5	-8,7732e-004
14,371	99,488	-313,3	2,5609e-004
11,764	99,372	-313,01	2,6976e-004
11,808	99,373	-310,47	2,7951e-004
13,085	99,428	-308,89	2,7944e-004
14,216	99,48	-318,25	2,3627e-004
11,666	99,368	-318,09	2,489e-004
11,686	99,368	-315,48	2,5997e-004
14,595	99,499	-445,46	-7,8841e-004
12,245	99,391	-449,39	-8,2907e-004
12,185	99,389	-446,74	-7,9914e-004
14,06	99,473	-323,2	2,1472e-004
11,536	99,362	-322,98	2,2735e-004
11,589	99,365	-320,56	2,3826e-004
14,449	99,492	-440,38	-7,3227e-004
12,057	99,383	-444,18	-7,7035e-004
12,02	99,382	-441,46	-7,403e-004
13,774	99,459	-328,33	1,9115e-004
11,284	99,353	-327,75	2,0513e-004
11,458	99,359	-325,45	2,158e-004
14,369	99,488	-435,38	-6,7817e-004
12,002	99,381	-438,95	-7,1263e-004
11,959	99,379	-436,48	-6,8579e-004
13,782	99,459	-333,66	1,6337e-004
11,364	99,356	-332,73	1,788e-004
11,074	99,345	-330,4	1,9229e-004
14,234	99,481	-430,42	-6,2535e-004
11,897	99,377	-434,	-6,59e-004
11,855	99,375	-431,55	-6,3278e-004
14,471	99,493	-338,67	1,3248e-004
11,809	99,373	-338,34	1,4591e-004
11,581	99,364	-335,4	1,6339e-004
14,141	99,477	-343,23	1,0734e-004
12,282	99,393	-340,68	1,3041e-004
14,075	99,473	-425,39	-5,7273e-004
11,782	99,372	-429,07	-6,0644e-004
11,73	99,37	-426,53	-5,7981e-004
13,909	99,465	-420,31	-5,205e-004
11,645	99,367	-423,99	-5,5327e-004
11,604	99,365	-421,51	-5,2776e-004
13,259	99,435	-347,97	8,2096e-005
11,073	99,345	-347,44	9,4016e-005
10,811	99,335	-345,39	1,0782e-004
11,478	99,36	-342,9	1,2044e-004
13,769	99,459	-415,28	-4,7001e-004
11,523	99,362	-418,97	-5,018e-004
11,489	99,361	-416,52	-4,7713e-004
13,497	99,446	-353,06	4,8361e-005
11,277	99,352	-352,85	5,8326e-005
10,995	99,342	-349,96	7,8249e-005
13,653	99,453	-410,32	-4,2126e-004
11,43	99,358	-414,03	-4,5233e-004
11,392	99,357	-411,56	-4,2792e-004
13,361	99,44	-357,99	1,5732e-005
11,593	99,365	-355,43	3,995e-005
13,541	99,448	-405,36	-3,7365e-004
11,336	99,355	-409,08	-4,0372e-004
11,298	99,353	-406,6	-3,7981e-004
13,009	99,424	-363,19	-1,9473e-005
10,746	99,332	-362,29	-4,974e-006
10,415	99,32	-360,18	1,1163e-005
11,141	99,347	-357,78	2,5507e-005
13,43	99,443	-400,41	-3,272e-004
11,242	99,351	-404,12	-3,5618e-004
11,2	99,349	-401,65	-3,3286e-004
13,198	99,433	-368,84	-6,1737e-005
10,812	99,335	-367,57	-4,401e-005
10,845	99,336	-365,14	-2,6013e-005
13,317	99,438	-395,45	-2,8189e-004
11,144	99,347	-399,18	-3,098e-004
11,101	99,346	-396,71	-2,872e-004
13,284	99,436	-374,15	-1,0281e-004
10,849	99,336	-373,13	-8,6681e-005
10,902	99,338	-370,37	-6,549e-005
13,187	99,432	-390,32	-2,3617e-004
11,044	99,343	-394,23	-2,6466e-004
10,998	99,342	-391,7	-2,4201e-004
13,393	99,441	-379,2	-1,4339e-004
11,011	99,342	-378,12	-1,2687e-004
10,844	99,336	-375,64	-1,0652e-004
13,31	99,438	-384,7	-1,8847e-004
10,924	99,339	-389,05	-2,1861e-004
11,018	99,342	-386,26	-1,9471e-004
11,215	99,35	-383,29	-1,7009e-004
11,125	99,347	-380,65	-1,479e-004
10,816	99,335	-269,44	3,8354e-004
12,529	99,403	-271,65	3,7306e-004
10,215	99,313	-271,72	3,8361e-004
11,368	99,356	-506,03	-1,528e-003
12,372	99,397	-500,74	-1,4556e-003
10,255	99,315	-501,25	-1,4639e-003
13,775	99,459	-496,38	-1,3978e-003
11,088	99,345	-498,9	-1,432e-003
11,326	99,354	-496,44	-1,3994e-003
13,49	99,446	-491,92	-1,3404e-003
11,896	99,377	-494,43	-1,373e-003
13,029	99,425	-486,72	-1,2745e-003
11,041	99,343	-491,98	-1,3416e-003
10,277	99,316	-489,69	-1,3126e-003
10,613	99,328	-487,45	-1,284e-003
11,006	99,342	-484,7	-1,2493e-003
11,635	99,366	-481,45	-1,2088e-003
12,69	99,41	-275,99	3,6653e-004
10,749	99,332	-275,84	3,7588e-004
11,51	99,361	-277,9	3,6928e-004
12,783	99,414	-279,63	3,6022e-004
9,2082	99,28	-496,96	-1,4076e-003
8,6824	99,264	-492,2	-1,3459e-003
8,2542	99,252	-487,67	-1,2881e-003
9,2188	99,28	-482,19	-1,2183e-003
9,0033	99,274	-477,05	-1,1548e-003
11,059	99,344	-476,91	-1,1528e-003
8,4085	99,256	-473,15	-1,1072e-003
10,215	99,313	-475,03	-1,1297e-003
8,6968	99,264	-468,7	-1,0531e-003
10,465	99,322	-473,01	-1,1051e-003
10,476	99,323	-470,29	-1,0722e-003
9,1537	99,278	-463,64	-9,9254e-004
10,515	99,324	-467,85	-1,043e-003
10,514	99,324	-465,72	-1,0175e-003
9,1673	99,279	-458,31	-9,296e-004
10,932	99,339	-463,1	-9,8656e-004
10,884	99,338	-459,54	-9,4479e-004
9,264	99,282	-453,17	-8,6991e-004
10,48	99,323	-456,83	-9,1288e-004
10,481	99,323	-455,17	-8,9362e-004
9,7061	99,296	-448,1	-8,1215e-004
10,983	99,341	-452,75	-8,6612e-004
9,6095	99,293	-442,74	-7,5181e-004
9,5296	99,29	-437,57	-6,9461e-004
9,4444	99,288	-432,65	-6,4129e-004
9,3507	99,285	-427,67	-5,8817e-004
9,2585	99,282	-422,65	-5,3579e-004
9,1836	99,279	-417,72	-4,8536e-004
9,1116	99,277	-412,8	-4,36e-004
9,0358	99,275	-407,84	-3,8747e-004
8,9557	99,272	-402,89	-3,4005e-004
8,87	99,27	-397,96	-2,9388e-004
8,7805	99,267	-392,96	-2,4839e-004
8,8282	99,268	-387,64	-2,0144e-004
8,8321	99,268	-382,2	-1,5508e-004
8,5758	99,261	-377,09	-1,124e-004
8,4621	99,258	-371,86	-7,0569e-005
8,5481	99,26	-366,67	-3,1079e-005
8,2503	99,252	-362,12	3,0804e-006
8,6453	99,263	-357,62	3,4145e-005
9,0893	99,276	-352,33	6,8837e-005
8,5453	99,26	-347,38	1,024e-004
8,9512	99,272	-342,84	1,2946e-004
9,3905	99,286	-337,42	1,6e-004
8,8726	99,27	-332,15	1,9085e-004
8,7582	99,266	-327,52	2,1534e-004
8,9859	99,273	-322,81	2,3772e-004
9,0586	99,275	-317,8	2,6032e-004
9,1223	99,277	-312,66	2,8175e-004
8,7869	99,267	-307,6	3,0223e-004
10,444	99,321	-308,54	2,9257e-004
8,8443	99,269	-302,68	3,1921e-004
10,074	99,309	-304,22	3,0942e-004
10,065	99,308	-306,02	3,0317e-004
8,9519	99,272	-297,79	3,3422e-004
10,647	99,329	-298,81	3,2456e-004
10,51	99,324	-301,81	3,1564e-004
9,0923	99,276	-292,85	3,4761e-004
10,34	99,318	-294,62	3,3798e-004
10,318	99,317	-296,32	3,3327e-004
9,6503	99,294	-287,61	3,5846e-004
10,809	99,335	-292,18	3,425e-004
9,1951	99,28	-282,9	3,701e-004
10,927	99,339	-283,01	3,6281e-004
9,1097	99,277	-279,37	3,7686e-004
10,383	99,319	-281,1	3,6877e-004
10,841	99,336	-279,48	3,6968e-004
12,282	99,393	-472,16	-1,0954e-003
12,293	99,393	-467,31	-1,0372e-003
12,035	99,383	-295,64	3,2757e-004
11,73	99,37	-305,16	2,9913e-004
12,198	99,389	-456,41	-9,0932e-004
-20,351	99,843	-287,55	1,1215e-004
-17,778	99,675	-284,07	1,5829e-004
-17,679	99,669	-286,71	1,5425e-004
-20,637	99,863	-478,03	-1,3661e-003
-18,75	99,736	-482,19	-1,3974e-003
-17,993	99,688	-479,82	-1,3609e-003
-20,162	99,829	-292,32	1,0366e-004
-17,837	99,678	-289,11	1,4646e-004
-17,759	99,674	-291,58	1,4164e-004
-20,496	99,853	-473,25	-1,3079e-003
-18,184	99,7	-477,43	-1,3339e-003
-18,095	99,694	-474,95	-1,3033e-003
-19,746	99,801	-297,08	9,7118e-005
-17,332	99,648	-296,43	1,351e-004
-17,411	99,653	-293,95	1,4073e-004
-20,135	99,828	-468,46	-1,2478e-003
-17,763	99,674	-472,57	-1,2715e-003
-17,674	99,669	-470,09	-1,2412e-003
-19,6	99,791	-301,92	8,4711e-005
-17,264	99,644	-298,81	1,2921e-004
-17,185	99,639	-301,29	1,2276e-004
-20,004	99,819	-463,53	-1,1892e-003
-17,645	99,667	-467,69	-1,2126e-003
-17,891	99,682	-465,11	-1,1851e-003
-19,516	99,786	-307,09	6,8647e-005
-17,108	99,635	-303,75	1,1597e-004
-17,03	99,63	-306,23	1,0866e-004
-19,728	99,8	-458,45	-1,1281e-003
-17,789	99,676	-462,58	-1,1546e-003
-17,365	99,65	-460,2	-1,1226e-003
-19,66	99,795	-312,19	4,7679e-005
-17,023	99,63	-308,93	9,9066e-005
-16,945	99,625	-311,41	9,0859e-005
-19,588	99,79	-453,59	-1,0716e-003
-17,192	99,64	-457,66	-1,0916e-003
-17,385	99,651	-455,22	-1,0659e-003
-19,733	99,8	-317,04	2,7071e-005
-17,019	99,63	-316,27	7,033e-005
-17,096	99,634	-313,79	7,9332e-005
-19,556	99,788	-448,82	-1,0181e-003
-17,418	99,653	-452,91	-1,0401e-003
-17,048	99,631	-450,39	-1,0077e-003
-19,578	99,79	-322,	7,8374e-006
-16,941	99,625	-318,74	6,0952e-005
-17,025	99,63	-321,02	4,9665e-005
-19,568	99,789	-443,58	-9,6093e-004
-16,983	99,628	-447,94	-9,7966e-004
-16,895	99,623	-445,46	-9,513e-004
-19,424	99,78	-326,95	-1,3036e-005
-16,947	99,626	-323,5	3,9478e-005
-16,91	99,623	-325,93	2,851e-005
-19,579	99,79	-438,32	-9,045e-004
-16,973	99,627	-442,68	-9,2168e-004
-16,891	99,622	-440,18	-8,9357e-004
-19,147	99,761	-331,66	-3,2534e-005
-16,833	99,619	-328,41	1,7488e-005
-16,779	99,616	-330,89	5,7172e-006
-19,408	99,778	-433,36	-8,5029e-004
-16,824	99,618	-437,7	-8,6613e-004
-16,604	99,606	-435,04	-8,352e-004
-18,89	99,745	-336,35	-5,3654e-005
-16,579	99,605	-333,13	-3,1171e-006
-16,52	99,601	-335,62	-1,5693e-005
-19,089	99,757	-428,31	-7,9424e-004
-16,499	99,6	-432,57	-8,0794e-004
-16,783	99,616	-429,66	-7,8093e-004
-18,847	99,742	-341,53	-8,2108e-005
-16,463	99,598	-338,07	-2,8351e-005
-16,398	99,594	-340,54	-4,1516e-005
-18,912	99,746	-423,36	-7,4181e-004
-16,569	99,604	-427,08	-7,5175e-004
-16,919	99,624	-424,91	-7,3365e-004
-18,715	99,733	-347,1	-1,1332e-004
-16,412	99,595	-343,28	-5,7718e-005
-16,337	99,591	-345,84	-7,2013e-005
-18,862	99,743	-418,52	-6,9292e-004
-16,956	99,626	-422,54	-7,1007e-004
-16,188	99,583	-420,4	-6,7934e-004
-18,526	99,721	-352,42	-1,4397e-004
-16,192	99,583	-348,67	-8,7499e-005
-16,124	99,579	-351,22	-1,027e-004
-18,689	99,732	-413,57	-6,4251e-004
-16,101	99,578	-417,93	-6,536e-004
-16,014	99,573	-415,45	-6,2809e-004
-18,437	99,716	-357,38	-1,7533e-004
-16,08	99,577	-353,7	-1,1821e-004
-16,034	99,574	-356,18	-1,3395e-004
-18,516	99,721	-408,62	-5,9315e-004
-15,928	99,568	-412,98	-6,0292e-004
-16,031	99,574	-410,66	-5,8177e-004
-18,346	99,71	-362,34	-2,0811e-004
-15,988	99,572	-358,66	-1,5015e-004
-15,941	99,569	-361,14	-1,6673e-004
-18,343	99,71	-403,67	-5,4486e-004
-15,944	99,569	-408,18	-5,5716e-004
-15,907	99,567	-405,68	-5,3299e-004
-18,402	99,713	-367,44	-2,4553e-004
-15,896	99,567	-363,62	-1,8363e-004
-15,847	99,564	-366,1	-2,0094e-004
-18,305	99,707	-398,55	-4,9786e-004
-15,821	99,563	-403,2	-5,0888e-004
-15,496	99,545	-400,6	-4,8084e-004
-18,46	99,717	-372,54	-2,8433e-004
-15,949	99,57	-368,72	-2,2161e-004
-15,9	99,567	-371,21	-2,3962e-004
-18,319	99,708	-393,42	-4,5268e-004
-15,544	99,548	-397,95	-4,5746e-004
-15,804	99,562	-394,78	-4,3231e-004
-18,461	99,717	-377,68	-3,2399e-004
-15,857	99,564	-373,69	-2,5805e-004
-15,8	99,561	-376,32	-2,778e-004
-18,279	99,706	-388,32	-4,0849e-004
-15,771	99,56	-392,29	-4,1005e-004
-15,775	99,56	-389,79	-3,8842e-004
-18,389	99,713	-383,03	-3,6594e-004
-15,845	99,564	-378,97	-2,9946e-004
-15,997	99,572	-381,89	-3,2511e-004
-15,768	99,56	-387,19	-3,6618e-004
-15,88	99,566	-384,59	-3,4577e-004
-9,0096	99,274	-265,53	3,0974e-004
-5,9341	99,195	-268,76	3,4418e-004
-8,6407	99,263	-268,27	3,1223e-004
-13,789	99,46	-264,94	2,4336e-004
-11,287	99,353	-267,89	2,7698e-004
-16,946	99,626	-266,59	1,9518e-004
-13,421	99,443	-267,69	2,4666e-004
-12,847	99,417	-514,36	-1,7652e-003
-16,252	99,586	-511,43	-1,7522e-003
-13,42	99,443	-511,6	-1,7304e-003
-8,1117	99,248	-514,82	-1,7348e-003
-7,1472	99,223	-512,9	-1,6991e-003
-10,742	99,332	-511,74	-1,7101e-003
-5,0902	99,18	-513,24	-1,6896e-003
-17,628	99,666	-490,84	-1,4932e-003
-17,35	99,649	-486,32	-1,4341e-003
-15,385	99,539	-490,11	-1,4624e-003
-15,452	99,543	-487,9	-1,4353e-003
-17,511	99,659	-495,55	-1,5517e-003
-15,367	99,538	-492,29	-1,4898e-003
-15,32	99,536	-494,49	-1,5175e-003
-17,407	99,653	-500,51	-1,6149e-003
-15,22	99,531	-497,02	-1,5491e-003
-15,266	99,533	-499,33	-1,5798e-003
-17,192	99,64	-505,79	-1,683e-003
-15,262	99,533	-501,77	-1,6118e-003
-15,48	99,544	-503,92	-1,6426e-003
-14,149	99,477	-508,8	-1,6974e-003
-15,269	99,533	-506,76	-1,6791e-003
-16,614	99,607	-275,36	1,9056e-004
-16,072	99,576	-280,36	1,9073e-004
-14,069	99,473	-278,7	2,2324e-004
-14,503	99,494	-276,84	2,1987e-004
-4,8157	99,175	-508,87	-1,6238e-003
-7,721	99,237	-510,15	-1,6633e-003
-5,155	99,181	-504,06	-1,5584e-003
-8,411	99,256	-507,7	-1,6338e-003
-7,4501	99,23	-504,82	-1,5861e-003
-4,6406	99,172	-499,32	-1,4902e-003
-7,0993	99,221	-502,46	-1,551e-003
-6,8608	99,216	-500,23	-1,5189e-003
-4,4434	99,169	-494,73	-1,4276e-003
-6,6974	99,212	-497,85	-1,4858e-003
-6,5762	99,209	-495,56	-1,4544e-003
-4,4096	99,169	-490,03	-1,3659e-003
-6,5424	99,208	-493,35	-1,4251e-003
-6,6995	99,212	-491,06	-1,3965e-003
-4,5923	99,171	-484,85	-1,3009e-003
-6,6995	99,212	-488,56	-1,3644e-003
-6,6835	99,212	-486,14	-1,3334e-003
-4,6241	99,172	-479,82	-1,2377e-003
-6,8661	99,216	-483,46	-1,3009e-003
-6,8057	99,214	-481,02	-1,2698e-003
-4,4414	99,169	-475,	-1,1765e-003
-6,6548	99,211	-478,67	-1,2392e-003
-6,6225	99,21	-476,3	-1,2097e-003
-4,4096	99,169	-470,04	-1,1153e-003
-6,5908	99,209	-473,84	-1,179e-003
-6,9394	99,218	-471,18	-1,1494e-003
-4,4096	99,169	-465,05	-1,0548e-003
-6,9394	99,218	-468,68	-1,1191e-003
-6,5303	99,208	-466,16	-1,0852e-003
-4,4096	99,169	-460,05	-9,9514e-004
-6,5303	99,208	-463,67	-1,0553e-003
-6,8407	99,215	-461,25	-1,0292e-003
-4,4096	99,169	-455,05	-9,3628e-004
-6,8407	99,215	-458,75	-9,9958e-004
-6,4335	99,206	-456,34	-9,6779e-004
-4,4096	99,169	-450,06	-8,7813e-004
-6,4335	99,206	-453,84	-9,3862e-004
-6,7715	99,214	-451,29	-9,1198e-004
-4,4096	99,169	-445,06	-8,2091e-004
-6,7715	99,214	-448,79	-8,8331e-004
-6,7776	99,214	-446,12	-8,5288e-004
-4,4096	99,169	-440,07	-7,6466e-004
-6,7776	99,214	-443,62	-8,2468e-004
-6,7159	99,212	-441,26	-7,9768e-004
-4,4096	99,169	-435,07	-7,0942e-004
-6,7159	99,212	-438,77	-7,6997e-004
-6,4975	99,207	-436,48	-7,4271e-004
-4,4096	99,169	-430,08	-6,5528e-004
-6,4975	99,207	-433,98	-7,155e-004
-6,6961	99,212	-431,67	-6,9229e-004
-4,4096	99,169	-425,08	-6,0216e-004
-6,6961	99,212	-429,17	-6,6559e-004
-7,0799	99,221	-426,23	-6,3807e-004
-4,4096	99,169	-420,08	-5,5012e-004
-7,0799	99,221	-423,73	-6,1192e-004
-6,6557	99,211	-420,91	-5,7859e-004
-4,4096	99,169	-415,09	-4,9918e-004
-6,6557	99,211	-418,41	-5,5297e-004
-6,6059	99,21	-415,79	-5,2594e-004
-4,4096	99,169	-410,09	-4,4933e-004
-6,6059	99,21	-413,29	-5,0092e-004
-6,6312	99,21	-410,78	-4,7622e-004
-4,4096	99,169	-405,1	-4,0063e-004
-6,6312	99,21	-408,28	-4,5175e-004
-6,5288	99,208	-405,88	-4,2752e-004
-4,4096	99,169	-400,1	-3,5308e-004
-6,5288	99,208	-403,38	-4,0356e-004
-6,2372	99,202	-401,44	-3,8236e-004
-4,4096	99,169	-395,1	-3,0671e-004
-6,2372	99,202	-398,94	-3,5893e-004
-6,4474	99,206	-396,63	-3,3958e-004
-4,4096	99,169	-390,11	-2,6156e-004
-6,4474	99,206	-394,13	-3,1665e-004
-6,4054	99,205	-391,68	-2,9422e-004
-4,4096	99,169	-385,11	-2,1776e-004
-6,4054	99,205	-389,18	-2,7197e-004
-6,6	99,21	-386,71	-2,5235e-004
-4,4096	99,169	-380,12	-1,753e-004
-6,6	99,21	-384,22	-2,3089e-004
-6,6369	99,211	-381,5	-2,0824e-004
-4,4096	99,169	-375,12	-1,3428e-004
-6,6369	99,211	-379,	-1,8738e-004
-6,5996	99,21	-376,26	-1,6468e-004
-4,4096	99,169	-370,13	-9,4755e-005
-6,5996	99,21	-373,76	-1,4456e-004
-6,6331	99,21	-371,29	-1,255e-004
-4,4096	99,169	-365,13	-5,6707e-005
-6,6331	99,21	-368,79	-1,061e-004
-6,6799	99,212	-366,27	-8,7569e-005
-4,4096	99,169	-360,13	-2,018e-005
-6,6799	99,212	-363,77	-6,8964e-005
-6,7166	99,212	-361,29	-5,1374e-005
-4,4096	99,169	-355,14	1,4899e-005
-6,7166	99,212	-358,79	-3,3555e-005
-6,7472	99,213	-356,32	-1,6588e-005
-4,4096	99,169	-350,14	4,8514e-005
-6,7472	99,213	-353,83	4,1374e-007
-6,7607	99,213	-351,44	1,6324e-005
-4,4096	99,169	-345,15	8,0574e-005
-6,7607	99,213	-348,94	3,2629e-005
-6,8199	99,215	-346,33	4,8532e-005
-4,4096	99,169	-340,15	1,1112e-004
-6,8199	99,215	-343,84	6,4104e-005
-6,8483	99,215	-341,39	7,8667e-005
-4,4096	99,169	-335,15	1,3994e-004
-6,8483	99,215	-338,89	9,3559e-005
-6,8956	99,217	-336,41	1,0726e-004
-4,4096	99,169	-330,16	1,6732e-004
-6,8956	99,217	-333,91	1,212e-004
-6,9072	99,217	-331,34	1,3505e-004
-4,4096	99,169	-325,16	1,9301e-004
-6,9072	99,217	-328,84	1,4824e-004
-6,9522	99,218	-326,4	1,602e-004
-4,4096	99,169	-320,17	2,1694e-004
-6,9522	99,218	-323,9	1,7256e-004
-6,984	99,219	-321,41	1,8402e-004
-4,4096	99,169	-315,17	2,3906e-004
-6,984	99,219	-318,91	1,9549e-004
-7,0243	99,22	-316,45	2,0586e-004
-4,4096	99,169	-310,18	2,5934e-004
-7,0243	99,22	-313,95	2,1638e-004
-7,074	99,221	-311,53	2,2558e-004
-4,4096	99,169	-305,18	2,7786e-004
-7,074	99,221	-309,03	2,3533e-004
-7,0111	99,219	-306,54	2,4522e-004
-4,4096	99,169	-300,18	2,9456e-004
-7,0111	99,219	-304,04	2,5403e-004
-7,1678	99,223	-301,3	2,6131e-004
-4,4096	99,169	-295,19	3,0949e-004
-7,1678	99,223	-298,81	2,6916e-004
-6,4978	99,207	-296,1	2,8486e-004
-4,4096	99,169	-290,19	3,2272e-004
-6,4978	99,207	-293,61	2,9187e-004
-6,484	99,207	-291,15	2,9859e-004
-4,4096	99,169	-285,2	3,3424e-004
-6,484	99,207	-288,65	3,0461e-004
-6,88	99,216	-285,99	3,0621e-004
-5,2523	99,182	-279,97	3,3599e-004
-6,88	99,216	-283,49	3,1137e-004
-5,8004	99,193	-274,42	3,3902e-004
-8,7257	99,265	-278,46	2,9799e-004
-9,16	99,279	-276,59	2,9538e-004
-7,7225	99,237	-280,76	3,0668e-004
-8,2126	99,25	-271,12	3,1464e-004
-8,8656	99,269	-273,78	3,0316e-004
-17,209	99,641	-270,72	1,8742e-004
-14,445	99,491	-269,54	2,3e-004
-13,684	99,455	-271,82	2,3867e-004
-14,337	99,486	-274,48	2,2567e-004
-16,297	99,589	-481,59	-1,3656e-003
-15,157	99,527	-485,54	-1,4031e-003
-14,848	99,512	-483,04	-1,3691e-003
-15,264	99,533	-285,63	1,9248e-004
-13,36	99,44	-281,34	2,2899e-004
-12,357	99,396	-283,63	2,3898e-004
-13,747	99,458	-285,11	2,1585e-004
-15,085	99,524	-290,74	1,8337e-004
-13,647	99,453	-287,75	2,1154e-004
-13,628	99,452	-289,94	2,0664e-004
-15,449	99,543	-476,74	-1,2981e-003
-14,09	99,474	-480,67	-1,3325e-003
-13,895	99,465	-478,27	-1,3011e-003
-14,928	99,516	-295,69	1,7266e-004
-14,771	99,508	-300,64	1,6032e-004
-12,388	99,397	-299,04	1,9964e-004
-13,483	99,446	-296,88	1,9034e-004
-13,549	99,449	-292,42	2,0159e-004
-13,562	99,449	-294,41	1,9609e-004
-15,271	99,533	-471,79	-1,2367e-003
-13,806	99,461	-475,79	-1,2701e-003
-13,86	99,463	-473,78	-1,2463e-003
-15,429	99,542	-466,74	-1,1784e-003
-12,326	99,395	-469,57	-1,1802e-003
-13,771	99,459	-471,31	-1,2157e-003
-13,651	99,453	-467,81	-1,1727e-003
-14,614	99,5	-305,59	1,4628e-004
-12,153	99,387	-304,26	1,8622e-004
-12,309	99,394	-301,52	1,9306e-004
-15,251	99,532	-461,79	-1,1186e-003
-13,897	99,465	-465,24	-1,1448e-003
-13,877	99,464	-463,51	-1,1243e-003
-14,458	99,492	-310,54	1,305e-004
-12,137	99,387	-309,23	1,6866e-004
-12,074	99,384	-306,73	1,7869e-004
-15,021	99,52	-456,98	-1,0605e-003
-12,05	99,383	-459,68	-1,0606e-003
-13,453	99,444	-461,14	-1,0921e-003
-13,326	99,438	-458,11	-1,0555e-003
-14,844	99,511	-452,03	-1,0021e-003
-13,519	99,447	-455,67	-1,0295e-003
-13,541	99,448	-453,92	-1,0097e-003
-14,302	99,484	-315,49	1,1299e-004
-14,309	99,485	-320,24	9,2394e-005
-11,891	99,377	-319,06	1,318e-004
-11,932	99,378	-316,6	1,4194e-004
-12,01	99,381	-314,13	1,5122e-004
-12,059	99,384	-311,7	1,6025e-004
-14,387	99,489	-447,04	-9,41e-004
-11,804	99,373	-449,77	-9,4391e-004
-11,81	99,373	-447,09	-9,138e-004
-13,172	99,431	-451,41	-9,7709e-004
-14,355	99,487	-324,96	6,9867e-005
-11,944	99,379	-323,83	1,0918e-004
-11,976	99,38	-321,34	1,2039e-004
-14,216	99,48	-442,06	-8,8403e-004
-11,722	99,37	-444,62	-8,8511e-004
-11,661	99,367	-442,26	-8,5828e-004
-14,264	99,483	-329,88	4,6768e-005
-11,862	99,375	-328,71	8,6255e-005
-11,906	99,377	-326,26	9,786e-005
-13,914	99,466	-436,9	-8,245e-004
-11,578	99,364	-439,76	-8,2983e-004
-11,36	99,356	-437,47	-8,0249e-004
-14,151	99,477	-334,85	2,203e-005
-11,796	99,373	-333,76	6,0532e-005
-11,807	99,373	-331,19	7,4182e-005
-13,978	99,469	-431,34	-7,6596e-004
-11,14	99,347	-434,81	-7,7133e-004
-11,338	99,355	-432,5	-7,4871e-004
-14,027	99,471	-339,82	-4,0638e-006
-11,69	99,369	-338,74	3,4184e-005
-11,737	99,37	-336,26	4,7596e-005
-13,888	99,464	-344,85	-3,1898e-005
-11,597	99,365	-343,66	6,4012e-006
-11,625	99,366	-341,21	2,0628e-005
-14,612	99,5	-426,26	-7,2039e-004
-11,623	99,366	-429,6	-7,211e-004
-12,006	99,381	-426,66	-6,9452e-004
-14,194	99,479	-421,95	-6,7135e-004
-12,356	99,396	-424,49	-6,7598e-004
-13,745	99,458	-349,96	-6,1858e-005
-11,462	99,36	-348,82	-2,3906e-005
-11,522	99,362	-346,21	-8,2959e-006
-13,339	99,439	-417,33	-6,1482e-004
-11,588	99,364	-422,34	-6,4532e-004
-11,164	99,348	-419,52	-6,1172e-004
-13,631	99,452	-354,98	-9,318e-005
-11,381	99,356	-353,76	-5,5151e-005
-11,395	99,357	-351,37	-3,95e-005
-13,355	99,44	-412,54	-5,6772e-004
-11,077	99,345	-417,04	-5,8579e-004
-11,027	99,343	-414,42	-5,5908e-004
-13,538	99,448	-359,94	-1,2584e-004
-11,304	99,353	-358,7	-8,7764e-005
-11,335	99,355	-356,24	-7,1206e-005
-13,421	99,443	-407,72	-5,2194e-004
-11,13	99,347	-412,11	-5,3745e-004
-11,156	99,348	-409,59	-5,1319e-004
-13,442	99,444	-364,9	-1,5998e-004
-11,221	99,35	-363,66	-1,2199e-004
-11,258	99,352	-361,18	-1,0462e-004
-13,058	99,426	-402,61	-4,6936e-004
-11,118	99,346	-407,09	-4,8865e-004
-11,016	99,342	-404,69	-4,6454e-004
-13,344	99,439	-369,87	-1,9565e-004
-11,125	99,347	-368,66	-1,5786e-004
-11,172	99,348	-366,14	-1,3955e-004
-12,994	99,423	-396,83	-4,155e-004
-10,691	99,33	-402,08	-4,3627e-004
-10,399	99,32	-400,15	-4,148e-004
-10,61	99,327	-397,83	-3,959e-004
-13,239	99,434	-374,99	-2,3374e-004
-11,043	99,343	-373,62	-1,9503e-004
-11,076	99,345	-371,15	-1,7618e-004
-13,259	99,435	-391,15	-3,6833e-004
-10,87	99,337	-394,65	-3,7016e-004
-10,828	99,335	-392,2	-3,4776e-004
-13,335	99,439	-380,53	-2,7948e-004
-11,023	99,343	-379,	-2,3775e-004
-10,986	99,341	-376,26	-2,1516e-004
-13,376	99,441	-386,05	-3,2592e-004
-10,832	99,336	-389,7	-3,2583e-004
-11,027	99,343	-387,24	-3,068e-004
-11,139	99,347	-384,63	-2,8596e-004
-11,176	99,348	-381,91	-2,636e-004
-11,571	99,364	-273,3	2,6721e-004
-12,436	99,399	-506,94	-1,6567e-003
-10,355	99,318	-506,1	-1,6275e-003
-13,191	99,432	-489,34	-1,4318e-003
-13,076	99,427	-493,75	-1,4871e-003
-10,9	99,338	-492,87	-1,4558e-003
-11,057	99,344	-490,57	-1,4277e-003
-11,124	99,346	-488,36	-1,4002e-003
-11,108	99,346	-485,94	-1,3695e-003
-12,949	99,422	-484,62	-1,3703e-003
-13,075	99,427	-498,27	-1,5458e-003
-10,973	99,341	-497,36	-1,515e-003
-10,852	99,336	-495,07	-1,4839e-003
-13,339	99,439	-502,74	-1,6075e-003
-11,258	99,352	-501,91	-1,578e-003
-11,019	99,343	-499,68	-1,5461e-003
-11,476	99,36	-504,06	-1,609e-003
-11,79	99,373	-277,82	2,5747e-004
-10,353	99,318	-281,98	2,7016e-004
-9,1556	99,278	-501,	-1,5477e-003
-8,796	99,267	-496,48	-1,4845e-003
-8,8319	99,268	-491,89	-1,425e-003
-8,9729	99,273	-487,17	-1,3657e-003
-8,8965	99,27	-482,31	-1,3039e-003
-10,799	99,334	-483,44	-1,3352e-003
-8,8039	99,268	-477,51	-1,2434e-003
-10,739	99,332	-481,	-1,3043e-003
-10,544	99,325	-478,6	-1,2728e-003
-9,1201	99,277	-472,48	-1,1846e-003
-10,512	99,324	-476,23	-1,2434e-003
-10,566	99,326	-474,22	-1,2193e-003
-9,0596	99,275	-467,3	-1,1215e-003
-10,914	99,339	-471,56	-1,1904e-003
-10,794	99,334	-468,06	-1,1471e-003
-8,9609	99,272	-462,36	-1,0616e-003
-10,385	99,319	-465,55	-1,1131e-003
-10,365	99,319	-463,82	-1,0925e-003
-8,8642	99,269	-457,53	-1,0039e-003
-10,675	99,33	-461,4	-1,0669e-003
-10,548	99,325	-458,37	-1,0302e-003
-8,795	99,267	-452,57	-9,4564e-004
-10,141	99,311	-455,96	-9,9803e-004
-10,163	99,312	-454,21	-9,7802e-004
-9,139	99,278	-447,35	-8,8922e-004
-10,501	99,324	-451,66	-9,5208e-004
-9,0834	99,276	-442,32	-8,3214e-004
-8,8034	99,268	-437,68	-7,7799e-004
-8,7837	99,267	-433,08	-7,2781e-004
-9,3659	99,285	-427,82	-6,7787e-004
-9,3255	99,284	-422,05	-6,1743e-004
-8,8516	99,269	-416,61	-5,5694e-004
-8,8271	99,268	-411,48	-5,0558e-004
-8,75	99,266	-406,56	-4,5695e-004
-8,3561	99,255	-402,23	-4,1137e-004
-8,2747	99,252	-397,97	-3,7082e-004
-8,4429	99,257	-393,2	-3,2922e-004
-8,5955	99,261	-388,28	-2,8748e-004
-8,827	99,268	-383,1	-2,4551e-004
-8,8265	99,268	-377,64	-2,0033e-004
-8,8227	99,268	-372,42	-1,5869e-004
-8,903	99,271	-367,42	-1,2126e-004
-8,9865	99,273	-362,42	-8,5335e-005
-9,0538	99,275	-357,48	-5,1204e-005
-9,0978	99,277	-352,62	-1,8684e-005
-9,1706	99,279	-347,63	1,2878e-005
-9,2581	99,282	-342,58	4,3138e-005
-9,3337	99,284	-337,65	7,108e-005
-9,3927	99,286	-332,59	9,8503e-005
-9,4493	99,288	-327,57	1,24e-004
-9,526	99,29	-322,64	1,4714e-004
-9,5981	99,293	-317,69	1,6864e-004
-9,6881	99,296	-312,81	1,8804e-004
-9,675	99,295	-307,9	2,0713e-004
-9,7687	99,298	-302,66	2,2413e-004
-9,2555	99,282	-297,22	2,4796e-004
-11,021	99,343	-297,77	2,2254e-004
-8,5719	99,261	-292,07	2,7089e-004
-10,339	99,318	-293,07	2,4502e-004
-10,352	99,318	-295,07	2,3948e-004
-8,954	99,272	-286,95	2,7847e-004
-10,344	99,318	-288,42	2,5656e-004
-10,325	99,317	-290,62	2,5154e-004
-10,74	99,332	-285,76	2,5718e-004
-12,446	99,4	-479,72	-1,3048e-003
-12,111	99,386	-289,43	2,2963e-004
-12,104	99,385	-293,61	2,1916e-004
-12,306	99,394	-475,31	-1,2494e-003
-12,098	99,385	-464,58	-1,1187e-003
-11,846	99,375	-455,05	-1,0048e-003
