X-Position (mm)	Y-Position (mm)	Z-Position (mm)	Verschiebungskomponente (mm)
-22,5	100,	-520,	-1,6554e-003
-22,5	100,	0,	-1,5061e-003
-22,5	99,998	-5,	-1,45e-003
-22,5	99,997	-10,	-1,3954e-003
-22,5	99,995	-15,	-1,3428e-003
-22,5	99,994	-20,	-1,2917e-003
-22,5	99,992	-25,	-1,2418e-003
-22,5	99,991	-30,	-1,193e-003
-22,5	99,989	-35,	-1,145e-003
-22,5	99,988	-40,	-1,0976e-003
-22,5	99,986	-45,	-1,051e-003
-22,5	99,985	-50,	-1,005e-003
-22,5	99,984	-55,	-9,5966e-004
-22,5	99,982	-60,	-9,15e-004
-22,5	99,981	-65,	-8,7102e-004
-22,5	99,98	-70,	-8,2775e-004
22,5	100,	0,	-1,3407e-003
-2,2142e-002	99,135	-260,22	2,7614e-004
-21,933	99,957	-260,22	5,2485e-005
-4,4082	99,169	-260,22	2,5087e-004
-8,7933	99,267	-260,22	2,1005e-004
-13,176	99,432	-260,22	1,6035e-004
-17,557	99,662	-260,22	1,0695e-004
-2,2142e-002	99,135	-520,	-1,5283e-003
-2,2142e-002	99,135	-515,	-1,461e-003
-2,2142e-002	99,135	-510,01	-1,3987e-003
-2,2142e-002	99,135	-505,01	-1,3393e-003
-2,2142e-002	99,135	-500,02	-1,2819e-003
-2,2142e-002	99,135	-495,02	-1,2261e-003
-2,2142e-002	99,135	-490,03	-1,1715e-003
-2,2142e-002	99,135	-485,03	-1,118e-003
-2,2142e-002	99,135	-480,03	-1,0653e-003
-2,2142e-002	99,135	-475,04	-1,0134e-003
-2,2142e-002	99,135	-470,04	-9,6216e-004
-2,2142e-002	99,135	-465,05	-9,116e-004
-2,2142e-002	99,135	-460,05	-8,6166e-004
-2,2142e-002	99,135	-455,05	-8,1244e-004
-2,2142e-002	99,135	-450,06	-7,6386e-004
-2,2142e-002	99,135	-445,06	-7,1602e-004
-2,2142e-002	99,135	-440,07	-6,6901e-004
-2,2142e-002	99,135	-435,07	-6,2282e-004
-2,2142e-002	99,135	-430,08	-5,7753e-004
-2,2142e-002	99,135	-425,08	-5,3312e-004
-2,2142e-002	99,135	-420,08	-4,8963e-004
-2,2142e-002	99,135	-415,09	-4,4703e-004
-2,2142e-002	99,135	-410,09	-4,0537e-004
-2,2142e-002	99,135	-405,1	-3,646e-004
-2,2142e-002	99,135	-400,1	-3,2485e-004
-2,2142e-002	99,135	-395,1	-2,8606e-004
-2,2142e-002	99,135	-390,11	-2,4839e-004
-2,2142e-002	99,135	-385,11	-2,1166e-004
-2,2142e-002	99,135	-380,12	-1,762e-004
-2,2142e-002	99,135	-375,12	-1,4189e-004
-2,2142e-002	99,135	-370,13	-1,088e-004
-2,2142e-002	99,135	-365,13	-7,6969e-005
-2,2142e-002	99,135	-360,13	-4,6396e-005
-2,2142e-002	99,135	-355,14	-1,7062e-005
-2,2142e-002	99,135	-350,14	1,0997e-005
-2,2142e-002	99,135	-345,15	3,7862e-005
-2,2142e-002	99,135	-340,15	6,338e-005
-2,2142e-002	99,135	-335,15	8,7556e-005
-2,2142e-002	99,135	-330,16	1,1044e-004
-2,2142e-002	99,135	-325,16	1,3193e-004
-2,2142e-002	99,135	-320,17	1,5196e-004
-2,2142e-002	99,135	-315,17	1,7032e-004
-2,2142e-002	99,135	-310,18	1,8739e-004
-2,2142e-002	99,135	-305,18	2,0283e-004
-2,2142e-002	99,135	-300,18	2,1683e-004
-2,2142e-002	99,135	-295,19	2,2936e-004
-2,2142e-002	99,135	-290,19	2,4042e-004
-2,2142e-002	99,135	-285,2	2,5004e-004
-2,2142e-002	99,135	-280,2	2,5811e-004
-2,2142e-002	99,135	-275,2	2,6481e-004
-2,2142e-002	99,135	-270,21	2,7018e-004
-2,2142e-002	99,135	-265,21	2,7401e-004
-18,011	99,689	-520,	-1,625e-003
-13,517	99,447	-520,	-1,5965e-003
-9,0207	99,274	-520,	-1,5704e-003
-4,522	99,17	-520,	-1,5473e-003
-21,933	99,957	-265,21	5,0305e-005
-21,934	99,957	-270,21	4,6792e-005
-21,935	99,957	-275,2	4,1809e-005
-21,936	99,957	-280,2	3,5344e-005
-21,938	99,957	-285,2	2,7501e-005
-21,941	99,957	-290,19	1,828e-005
-21,944	99,958	-295,19	7,6261e-006
-21,947	99,958	-300,18	-4,3614e-006
-21,951	99,958	-305,18	-1,7738e-005
-21,955	99,959	-310,18	-3,2526e-005
-21,959	99,959	-315,17	-4,8707e-005
-21,964	99,959	-320,17	-6,619e-005
-21,97	99,96	-325,16	-8,5006e-005
-21,975	99,96	-330,16	-1,0519e-004
-21,982	99,961	-335,15	-1,2671e-004
-21,988	99,961	-340,15	-1,4954e-004
-21,995	99,962	-345,15	-1,7362e-004
-22,003	99,962	-350,14	-1,9896e-004
-22,011	99,963	-355,14	-2,2554e-004
-22,019	99,963	-360,13	-2,5335e-004
-22,028	99,964	-365,13	-2,8236e-004
-22,037	99,965	-370,13	-3,1256e-004
-22,047	99,965	-375,12	-3,4389e-004
-22,057	99,966	-380,12	-3,7634e-004
-22,067	99,967	-385,11	-4,0989e-004
-22,078	99,968	-390,11	-4,4456e-004
-22,089	99,969	-395,1	-4,8028e-004
-22,1	99,97	-400,1	-5,1703e-004
-22,112	99,97	-405,1	-5,548e-004
-22,125	99,971	-410,09	-5,9352e-004
-22,138	99,972	-415,09	-6,3318e-004
-22,151	99,973	-420,08	-6,7377e-004
-22,165	99,974	-425,08	-7,1526e-004
-22,179	99,975	-430,08	-7,5758e-004
-22,193	99,977	-435,07	-8,0073e-004
-22,208	99,978	-440,07	-8,4466e-004
-22,223	99,979	-445,06	-8,8943e-004
-22,239	99,98	-450,06	-9,35e-004
-22,255	99,981	-455,05	-9,813e-004
-22,271	99,982	-460,05	-1,0283e-003
-22,288	99,984	-465,05	-1,076e-003
-22,305	99,985	-470,04	-1,1243e-003
-22,323	99,986	-475,04	-1,1733e-003
-22,341	99,988	-480,03	-1,223e-003
-22,36	99,989	-485,03	-1,2733e-003
-22,378	99,991	-490,03	-1,3243e-003
-22,398	99,992	-495,02	-1,3762e-003
-22,417	99,994	-500,02	-1,429e-003
-22,437	99,995	-505,01	-1,4831e-003
-22,458	99,997	-510,01	-1,5387e-003
-22,479	99,998	-515,	-1,5963e-003
21,933	99,957	-260,22	2,1355e-004
17,548	99,661	-260,22	2,3581e-004
13,159	99,431	-260,22	2,5697e-004
8,7667	99,267	-260,22	2,7454e-004
4,3728	99,168	-260,22	2,8307e-004
22,5	100,	-520,	-1,49e-003
22,223	99,979	-445,06	-7,2614e-004
22,208	99,978	-440,07	-6,8152e-004
22,193	99,977	-435,07	-6,3768e-004
22,179	99,975	-430,08	-5,9465e-004
22,165	99,974	-425,08	-5,5243e-004
22,151	99,973	-420,08	-5,1104e-004
22,138	99,972	-415,09	-4,7057e-004
22,125	99,971	-410,09	-4,31e-004
22,112	99,97	-405,1	-3,9237e-004
22,1	99,97	-400,1	-3,547e-004
22,089	99,969	-395,1	-3,1803e-004
22,078	99,968	-390,11	-2,8238e-004
22,067	99,967	-385,11	-2,478e-004
22,057	99,966	-380,12	-2,1434e-004
22,047	99,965	-375,12	-1,8196e-004
22,037	99,965	-370,13	-1,5068e-004
22,028	99,964	-365,13	-1,2055e-004
22,019	99,963	-360,13	-9,1574e-005
22,011	99,963	-355,14	-6,3835e-005
22,003	99,962	-350,14	-3,7326e-005
21,995	99,962	-345,15	-1,2048e-005
21,988	99,961	-340,15	1,1999e-005
21,982	99,961	-335,15	3,4777e-005
21,975	99,96	-330,16	5,625e-005
21,97	99,96	-325,16	7,6365e-005
21,964	99,959	-320,17	9,5129e-005
21,959	99,959	-315,17	1,1257e-004
21,955	99,959	-310,18	1,2869e-004
21,951	99,958	-305,18	1,4344e-004
21,947	99,958	-300,18	1,5679e-004
21,944	99,958	-295,19	1,6876e-004
21,941	99,957	-290,19	1,7935e-004
21,938	99,957	-285,2	1,8857e-004
21,936	99,957	-280,2	1,9636e-004
21,935	99,957	-275,2	2,0279e-004
21,934	99,957	-270,21	2,0778e-004
21,933	99,957	-265,21	2,1133e-004
4,4865	99,17	-520,	-1,5141e-003
8,9942	99,273	-520,	-1,5041e-003
13,5	99,446	-520,	-1,4972e-003
18,002	99,689	-520,	-1,4927e-003
-22,227	99,979	-73,646	-7,9418e-004
-22,212	99,978	-78,556	-7,5281e-004
-22,197	99,977	-83,466	-7,1222e-004
-22,183	99,976	-88,375	-6,7242e-004
-22,169	99,975	-93,285	-6,3337e-004
-22,156	99,974	-98,195	-5,9515e-004
-22,142	99,973	-103,1	-5,5778e-004
-22,13	99,972	-108,01	-5,2127e-004
-22,117	99,971	-112,92	-4,8568e-004
-22,105	99,97	-117,83	-4,5101e-004
-22,094	99,969	-122,74	-4,1729e-004
-22,083	99,968	-127,65	-3,8453e-004
-22,072	99,967	-132,56	-3,5281e-004
-22,061	99,967	-137,47	-3,2214e-004
-22,051	99,966	-142,38	-2,9256e-004
-22,042	99,965	-147,29	-2,6404e-004
-22,033	99,964	-152,2	-2,3658e-004
-22,024	99,964	-157,11	-2,1026e-004
-22,015	99,963	-162,02	-1,851e-004
-22,007	99,963	-166,93	-1,611e-004
-22,	99,962	-171,84	-1,3831e-004
-21,993	99,961	-176,75	-1,1669e-004
-21,986	99,961	-181,66	-9,6305e-005
-21,979	99,96	-186,57	-7,7166e-005
-21,973	99,96	-191,48	-5,9298e-005
-21,968	99,96	-196,39	-4,2723e-005
-21,963	99,959	-201,3	-2,7438e-005
-21,958	99,959	-206,21	-1,3433e-005
-21,954	99,958	-211,12	-7,1698e-007
-21,95	99,958	-216,03	1,0649e-005
-21,946	99,958	-220,94	2,066e-005
-21,943	99,958	-225,85	2,9324e-005
-21,94	99,957	-230,76	3,6668e-005
-21,938	99,957	-235,67	4,2709e-005
-21,936	99,957	-240,58	4,7391e-005
-21,935	99,957	-245,49	5,0727e-005
-21,934	99,957	-250,4	5,2677e-005
-21,933	99,957	-255,31	5,3223e-005
-2,2142e-002	99,135	0,	-1,3791e-003
-18,011	99,689	0,	-1,4758e-003
-13,517	99,447	0,	-1,4473e-003
-9,0207	99,274	0,	-1,4211e-003
-4,522	99,17	0,	-1,3981e-003
-2,2142e-002	99,135	-255,31	2,7691e-004
-2,2142e-002	99,135	-250,4	2,7615e-004
-2,2142e-002	99,135	-245,49	2,7388e-004
-2,2142e-002	99,135	-240,58	2,7022e-004
-2,2142e-002	99,135	-235,67	2,6529e-004
-2,2142e-002	99,135	-230,76	2,5885e-004
-2,2142e-002	99,135	-225,85	2,511e-004
-2,2142e-002	99,135	-220,94	2,4188e-004
-2,2142e-002	99,135	-216,03	2,3128e-004
-2,2142e-002	99,135	-211,12	2,1931e-004
-2,2142e-002	99,135	-206,21	2,0571e-004
-2,2142e-002	99,135	-201,3	1,9087e-004
-2,2142e-002	99,135	-196,39	1,7446e-004
-2,2142e-002	99,135	-191,48	1,5664e-004
-2,2142e-002	99,135	-186,57	1,3753e-004
-2,2142e-002	99,135	-181,66	1,17e-004
-2,2142e-002	99,135	-176,75	9,5265e-005
-2,2142e-002	99,135	-171,84	7,2259e-005
-2,2142e-002	99,135	-166,93	4,7956e-005
-2,2142e-002	99,135	-162,02	2,2537e-005
-2,2142e-002	99,135	-157,11	-4,2167e-006
-2,2142e-002	99,135	-152,2	-3,2029e-005
-2,2142e-002	99,135	-147,29	-6,1047e-005
-2,2142e-002	99,135	-142,38	-9,1431e-005
-2,2142e-002	99,135	-137,47	-1,2293e-004
-2,2142e-002	99,135	-132,56	-1,5552e-004
-2,2142e-002	99,135	-127,65	-1,8925e-004
-2,2142e-002	99,135	-122,74	-2,2395e-004
-2,2142e-002	99,135	-117,83	-2,5965e-004
-2,2142e-002	99,135	-112,92	-2,9632e-004
-2,2142e-002	99,135	-108,01	-3,3384e-004
-2,2142e-002	99,135	-103,1	-3,7239e-004
-2,2142e-002	99,135	-98,195	-4,1173e-004
-2,2142e-002	99,135	-93,285	-4,5195e-004
-2,2142e-002	99,135	-88,376	-4,9306e-004
-2,2142e-002	99,135	-83,466	-5,3503e-004
-2,2142e-002	99,135	-78,556	-5,7779e-004
-2,2142e-002	99,135	-73,646	-6,2146e-004
-2,2142e-002	99,135	-68,737	-6,6576e-004
-2,2142e-002	99,135	-63,827	-7,1085e-004
-2,2142e-002	99,135	-58,917	-7,5657e-004
-2,2142e-002	99,135	-54,007	-8,0293e-004
-2,2142e-002	99,135	-49,098	-8,4996e-004
-2,2142e-002	99,135	-44,188	-8,9765e-004
-2,2142e-002	99,135	-39,278	-9,4598e-004
-2,2142e-002	99,135	-34,368	-9,9502e-004
-2,2142e-002	99,135	-29,459	-1,045e-003
-2,2142e-002	99,135	-24,549	-1,0958e-003
-2,2142e-002	99,135	-19,639	-1,148e-003
-2,2142e-002	99,135	-14,729	-1,2016e-003
-2,2142e-002	99,135	-9,8195	-1,2572e-003
-2,2142e-002	99,135	-4,9098	-1,3158e-003
4,4865	99,17	0,	-1,3649e-003
8,9942	99,273	0,	-1,3549e-003
13,5	99,446	0,	-1,3479e-003
18,002	99,689	0,	-1,3434e-003
22,5	99,98	-451,32	-7,8357e-004
22,5	99,981	-456,23	-8,2901e-004
22,5	99,983	-461,13	-8,7514e-004
22,5	99,984	-466,04	-9,219e-004
22,5	99,985	-470,94	-9,6933e-004
22,5	99,987	-475,85	-1,0174e-003
22,5	99,988	-480,75	-1,0661e-003
22,5	99,989	-485,66	-1,1154e-003
22,5	99,991	-490,57	-1,1654e-003
22,5	99,992	-495,47	-1,2163e-003
22,5	99,994	-500,38	-1,2681e-003
22,5	99,995	-505,28	-1,3211e-003
22,5	99,997	-510,19	-1,3757e-003
22,5	99,998	-515,09	-1,4321e-003
21,933	99,957	-255,31	2,1433e-004
21,934	99,957	-250,4	2,138e-004
21,935	99,957	-245,49	2,1184e-004
21,936	99,957	-240,58	2,0851e-004
21,938	99,957	-235,67	2,0383e-004
21,94	99,957	-230,76	1,9782e-004
21,943	99,958	-225,85	1,9048e-004
21,946	99,958	-220,94	1,818e-004
21,95	99,958	-216,03	1,7179e-004
21,954	99,958	-211,12	1,6044e-004
21,958	99,959	-206,21	1,4777e-004
21,963	99,959	-201,3	1,3381e-004
21,968	99,96	-196,39	1,1858e-004
21,973	99,96	-191,48	1,0207e-004
21,979	99,96	-186,57	8,4249e-005
21,986	99,961	-181,66	6,5168e-005
21,993	99,961	-176,75	4,4843e-005
22,	99,962	-171,84	2,3298e-005
22,007	99,963	-166,93	5,4976e-007
22,015	99,963	-162,02	-2,3367e-005
22,024	99,964	-157,11	-4,8457e-005
22,033	99,964	-152,2	-7,4729e-005
22,042	99,965	-147,29	-1,0212e-004
22,051	99,966	-142,38	-1,3059e-004
22,061	99,967	-137,47	-1,6011e-004
22,072	99,967	-132,56	-1,9068e-004
22,083	99,968	-127,65	-2,2232e-004
22,094	99,969	-122,74	-2,5499e-004
22,105	99,97	-117,83	-2,8863e-004
22,117	99,971	-112,92	-3,2323e-004
22,13	99,972	-108,01	-3,5872e-004
22,142	99,973	-103,1	-3,9511e-004
22,156	99,974	-98,195	-4,3239e-004
22,169	99,975	-93,285	-4,7055e-004
22,183	99,976	-88,375	-5,0949e-004
22,197	99,977	-83,466	-5,4918e-004
22,212	99,978	-78,556	-5,8964e-004
22,227	99,979	-73,646	-6,309e-004
22,243	99,98	-68,736	-6,7296e-004
22,258	99,982	-63,827	-7,1568e-004
22,275	99,983	-58,917	-7,5906e-004
22,291	99,984	-54,007	-8,031e-004
22,308	99,985	-49,097	-8,4779e-004
22,326	99,987	-44,188	-8,931e-004
22,344	99,988	-39,278	-9,3905e-004
22,362	99,989	-34,368	-9,8563e-004
22,38	99,991	-29,458	-1,0329e-003
22,399	99,992	-24,549	-1,0809e-003
22,419	99,994	-19,639	-1,13e-003
22,438	99,995	-14,729	-1,1802e-003
22,459	99,997	-9,8195	-1,2321e-003
22,479	99,998	-4,9097	-1,2857e-003
22,5	99,988	-480,03	-1,0589e-003
22,5	99,986	-475,04	-1,0094e-003
22,5	99,985	-470,04	-9,6057e-004
22,5	99,984	-465,05	-9,1241e-004
22,5	99,982	-460,05	-8,6492e-004
22,5	99,981	-455,05	-8,181e-004
22,5	99,98	-450,06	-7,7199e-004
22,227	99,979	-446,42	-7,3836e-004
22,341	99,988	-39,999	-9,3225e-004
22,323	99,986	-44,999	-8,8555e-004
22,305	99,985	-49,999	-8,3954e-004
22,288	99,984	-54,999	-7,9414e-004
22,271	99,982	-59,999	-7,4943e-004
22,255	99,981	-64,999	-7,0544e-004
22,239	99,98	-69,999	-6,6209e-004
22,223	99,979	-74,999	-6,1947e-004
22,208	99,978	-79,999	-5,7768e-004
22,193	99,977	-85,017	-5,3656e-004
22,178	99,975	-90,015	-4,9641e-004
22,164	99,974	-94,999	-4,5714e-004
22,151	99,973	-99,999	-4,1859e-004
22,137	99,972	-105,	-3,8095e-004
22,125	99,971	-110,	-3,4425e-004
22,112	99,97	-115,	-3,0847e-004
22,1	99,969	-120,	-2,7367e-004
22,089	99,969	-125,	-2,3986e-004
22,077	99,968	-130,	-2,0707e-004
22,067	99,967	-135,	-1,7537e-004
22,056	99,966	-140,	-1,4477e-004
22,046	99,965	-145,	-1,1527e-004
22,037	99,965	-150,	-8,6868e-005
22,028	99,964	-155,	-5,9614e-005
22,019	99,963	-160,	-3,3548e-005
22,011	99,963	-165,	-8,7124e-006
22,003	99,962	-170,	1,4899e-005
21,995	99,962	-175,	3,7294e-005
21,988	99,961	-180,	5,8417e-005
21,981	99,961	-185,	7,8281e-005
21,975	99,96	-190,	9,6833e-005
21,969	99,96	-195,	1,1403e-004
21,964	99,959	-200,	1,2988e-004
21,959	99,959	-205,	1,4445e-004
21,954	99,959	-210,	1,5766e-004
21,95	99,958	-215,	1,6952e-004
21,947	99,958	-220,	1,7998e-004
21,943	99,958	-225,	1,8906e-004
21,941	99,957	-230,	1,9677e-004
21,938	99,957	-235,	2,0309e-004
21,938	99,957	-284,53	1,8969e-004
21,94	99,957	-289,43	1,8083e-004
21,943	99,958	-294,34	1,7066e-004
21,946	99,958	-299,25	1,5916e-004
21,95	99,958	-304,15	1,4631e-004
21,954	99,958	-309,06	1,3211e-004
21,958	99,959	-313,96	1,1658e-004
21,963	99,959	-318,87	9,9791e-005
21,968	99,96	-323,77	8,1728e-005
21,974	99,96	-328,68	6,2357e-005
21,98	99,96	-333,59	4,1674e-005
21,986	99,961	-338,49	1,9716e-005
21,993	99,961	-343,38	-3,4038e-006
22,	99,962	-348,28	-2,7768e-005
22,008	99,963	-353,21	-5,346e-005
22,016	99,963	-358,11	-8,022e-005
22,024	99,964	-363,02	-1,0817e-004
22,033	99,964	-367,93	-1,3727e-004
22,042	99,965	-372,83	-1,6749e-004
22,052	99,966	-377,74	-1,9879e-004
22,062	99,967	-382,64	-2,311e-004
22,072	99,967	-387,55	-2,6452e-004
22,083	99,968	-392,45	-2,9899e-004
22,094	99,969	-397,36	-3,3445e-004
22,106	99,97	-402,27	-3,709e-004
22,118	99,971	-407,17	-4,0828e-004
22,13	99,972	-412,08	-4,4661e-004
22,143	99,973	-416,98	-4,8582e-004
22,156	99,974	-421,89	-5,2589e-004
22,169	99,975	-426,79	-5,6682e-004
22,183	99,976	-431,7	-6,0851e-004
22,197	99,977	-436,58	-6,5084e-004
22,212	99,978	-441,51	-6,9432e-004
-22,344	99,988	-480,76	-1,2302e-003
-22,326	99,987	-475,85	-1,1813e-003
-22,309	99,985	-470,94	-1,1331e-003
-22,291	99,984	-466,04	-1,0855e-003
-22,275	99,983	-461,13	-1,0386e-003
-22,259	99,982	-456,23	-9,9227e-004
-22,243	99,98	-451,32	-9,4663e-004
-22,227	99,979	-446,42	-9,0168e-004
-22,5	99,988	-39,278	-1,1044e-003
-22,5	99,987	-44,188	-1,0585e-003
-22,5	99,985	-49,097	-1,0133e-003
-22,5	99,984	-54,007	-9,686e-004
-22,5	99,983	-58,917	-9,2461e-004
-22,5	99,981	-63,827	-8,8128e-004
-22,5	99,98	-68,736	-8,3861e-004
-21,938	99,957	-235,	4,196e-005
-21,941	99,957	-230,	3,5624e-005
-21,943	99,958	-225,	2,7909e-005
-21,947	99,958	-220,	1,8841e-005
-21,95	99,958	-215,	8,3699e-006
-21,954	99,959	-210,	-3,5027e-006
-21,959	99,959	-205,	-1,6759e-005
-21,964	99,959	-200,	-3,1368e-005
-21,969	99,96	-195,	-4,7266e-005
-21,975	99,96	-190,	-6,4546e-005
-21,981	99,961	-185,	-8,3156e-005
-21,988	99,961	-180,	-1,0306e-004
-21,995	99,962	-175,	-1,2425e-004
-22,003	99,962	-170,	-1,4671e-004
-22,011	99,963	-165,	-1,7039e-004
-22,019	99,963	-160,	-1,953e-004
-22,028	99,964	-155,	-2,2144e-004
-22,037	99,965	-150,	-2,4876e-004
-22,046	99,965	-145,	-2,7722e-004
-22,056	99,966	-140,	-3,0679e-004
-22,067	99,967	-135,	-3,3746e-004
-22,077	99,968	-130,	-3,6925e-004
-22,089	99,969	-125,	-4,0212e-004
-22,1	99,969	-120,	-4,3601e-004
-22,112	99,97	-115,	-4,7092e-004
-22,125	99,971	-110,	-5,0677e-004
-22,137	99,972	-105,	-5,4358e-004
-22,151	99,973	-99,999	-5,8131e-004
-22,164	99,974	-94,999	-6,1992e-004
-22,178	99,975	-90,015	-6,593e-004
-22,193	99,977	-85,017	-6,9957e-004
-22,208	99,978	-79,999	-7,408e-004
-22,223	99,979	-74,999	-7,8271e-004
-22,212	99,978	-441,51	-8,5751e-004
-22,197	99,977	-436,58	-8,1392e-004
-22,183	99,976	-431,7	-7,7148e-004
-22,169	99,975	-426,79	-7,2968e-004
-22,156	99,974	-421,89	-6,8865e-004
-22,143	99,973	-416,98	-6,4847e-004
-22,13	99,972	-412,08	-6,0915e-004
-22,118	99,971	-407,17	-5,7077e-004
-22,106	99,97	-402,27	-5,3328e-004
-22,094	99,969	-397,36	-4,9674e-004
-22,083	99,968	-392,45	-4,6119e-004
-22,072	99,967	-387,55	-4,2665e-004
-22,062	99,967	-382,64	-3,9316e-004
-22,052	99,966	-377,74	-3,6074e-004
-22,042	99,965	-372,83	-3,2939e-004
-22,033	99,964	-367,93	-2,9912e-004
-22,024	99,964	-363,02	-2,6996e-004
-22,016	99,963	-358,11	-2,4196e-004
-22,008	99,963	-353,21	-2,1513e-004
-22,	99,962	-348,28	-1,8937e-004
-21,993	99,961	-343,38	-1,6497e-004
-21,986	99,961	-338,49	-1,4181e-004
-21,98	99,96	-333,59	-1,198e-004
-21,974	99,96	-328,68	-9,9075e-005
-21,968	99,96	-323,77	-7,9644e-005
-21,963	99,959	-318,87	-6,152e-005
-21,958	99,959	-313,96	-4,4669e-005
-21,954	99,958	-309,06	-2,9096e-005
-21,95	99,958	-304,15	-1,4862e-005
-21,946	99,958	-299,25	-1,9927e-006
-21,943	99,958	-294,34	9,5381e-006
-21,94	99,957	-289,43	1,9761e-005
-21,938	99,957	-284,53	2,8638e-005
20,171	99,83	-235,08	2,1212e-004
20,464	99,85	-39,655	-9,3379e-004
20,506	99,853	-230,24	2,0431e-004
20,755	99,871	-44,428	-8,8922e-004
19,812	99,806	-225,5	2,0053e-004
20,164	99,83	-49,176	-8,4453e-004
19,675	99,796	-220,72	1,9262e-004
20,107	99,826	-53,984	-8,0043e-004
19,52	99,786	-215,8	1,8319e-004
19,902	99,812	-59,056	-7,5436e-004
19,508	99,785	-210,37	1,7049e-004
19,555	99,788	-64,149	-7,0849e-004
19,808	99,805	-205,6	1,5646e-004
19,621	99,793	-68,789	-6,6794e-004
19,653	99,795	-200,65	1,4284e-004
19,49	99,784	-73,699	-6,2531e-004
19,498	99,784	-195,69	1,2787e-004
19,646	99,794	-79,27	-5,785e-004
19,343	99,774	-190,74	1,1156e-004
19,438	99,78	-84,233	-5,3689e-004
19,189	99,764	-185,78	9,3894e-005
19,267	99,769	-89,187	-4,9623e-004
18,815	99,74	-181,38	7,812e-005
19,122	99,76	-94,134	-4,5645e-004
18,883	99,744	-175,87	5,4592e-005
18,899	99,745	-99,426	-4,1459e-004
18,583	99,725	-170,2	3,0314e-005
18,798	99,739	-104,43	-3,7617e-004
18,482	99,718	-165,24	7,0697e-006
18,711	99,733	-109,4	-3,3889e-004
18,388	99,713	-160,27	-1,7509e-005
18,627	99,728	-114,35	-3,0272e-004
18,298	99,707	-155,31	-4,3296e-005
18,55	99,723	-119,28	-2,6764e-004
18,21	99,701	-150,35	-7,0272e-005
18,47	99,718	-124,21	-2,3348e-004
18,123	99,696	-145,4	-9,8394e-005
18,454	99,717	-129,27	-1,997e-004
18,389	99,713	-139,81	-1,3269e-004
18,27	99,705	-134,39	-1,6604e-004
15,999	99,572	-255,62	2,4433e-004
12,065	99,384	-254,7	2,6264e-004
6,8137	99,215	-254,49	2,8053e-004
6,0119	99,197	-4,8153	-1,3005e-003
10,146	99,311	-5,5096	-1,2865e-003
15,518	99,546	-5,728	-1,2799e-003
17,556	99,662	-31,249	-1,0127e-003
17,573	99,662	-26,511	-1,0596e-003
17,406	99,652	-21,546	-1,1097e-003
17,406	99,653	-16,73	-1,1595e-003
5,467	99,186	-249,04	2,8163e-004
4,984	99,178	-243,47	2,7913e-004
4,8687	99,176	-238,48	2,7502e-004
4,3697	99,168	-233,21	2,6928e-004
4,3697	99,168	-228,3	2,621e-004
4,3697	99,168	-223,39	2,5365e-004
4,3697	99,168	-218,48	2,437e-004
4,3697	99,168	-213,57	2,3255e-004
4,3697	99,168	-208,66	2,1985e-004
4,3697	99,168	-203,76	2,0569e-004
4,3697	99,168	-198,85	1,9011e-004
4,3697	99,168	-193,94	1,73e-004
4,3697	99,168	-189,03	1,5468e-004
4,3697	99,168	-184,12	1,3499e-004
4,3697	99,168	-179,21	1,1402e-004
4,3697	99,168	-174,3	9,1679e-005
4,3697	99,168	-169,39	6,8142e-005
4,3697	99,168	-164,48	4,3413e-005
4,3697	99,168	-159,57	1,7376e-005
4,3697	99,168	-154,66	-9,6961e-006
4,3697	99,168	-149,75	-3,8251e-005
4,3697	99,168	-144,84	-6,7769e-005
4,3697	99,168	-139,93	-9,8541e-005
4,3697	99,168	-135,02	-1,3042e-004
4,3697	99,168	-130,11	-1,6348e-004
4,3697	99,168	-125,2	-1,9745e-004
4,3697	99,168	-120,29	-2,326e-004
4,3697	99,168	-115,38	-2,6876e-004
4,3697	99,168	-110,47	-3,0561e-004
4,3697	99,168	-105,56	-3,4351e-004
4,3697	99,168	-100,65	-3,824e-004
4,3697	99,168	-95,74	-4,2199e-004
4,3697	99,168	-90,831	-4,625e-004
4,3697	99,168	-85,921	-5,0391e-004
4,3697	99,168	-81,011	-5,4608e-004
4,3697	99,168	-76,101	-5,8921e-004
4,3697	99,168	-71,192	-6,3298e-004
4,3697	99,168	-66,282	-6,776e-004
4,3697	99,168	-61,372	-7,229e-004
4,3697	99,168	-56,462	-7,6874e-004
4,7354	99,174	-51,186	-8,1837e-004
4,3697	99,168	-46,643	-8,6249e-004
4,7346	99,174	-42,065	-9,0658e-004
4,6441	99,172	-37,245	-9,5424e-004
4,3697	99,168	-31,913	-1,0082e-003
4,3697	99,168	-27,004	-1,0584e-003
4,5581	99,171	-22,692	-1,1031e-003
4,746	99,174	-18,024	-1,1525e-003
5,467	99,186	-13,372	-1,2024e-003
4,086	99,164	-8,5822	-1,2596e-003
18,054	99,692	-252,09	2,3386e-004
16,478	99,599	-247,66	2,4045e-004
17,079	99,633	-242,34	2,3429e-004
16,976	99,627	-11,154	-1,219e-003
16,869	99,621	-35,833	-9,6764e-004
17,396	99,652	-238,2	2,2921e-004
15,163	99,528	-231,93	2,3281e-004
15,121	99,526	-40,433	-9,2206e-004
15,317	99,536	-222,59	2,1715e-004
15,005	99,52	-226,98	2,2621e-004
15,361	99,538	-45,772	-8,7139e-004
15,751	99,559	-50,645	-8,2606e-004
14,496	99,494	-217,48	2,107e-004
14,848	99,512	-55,284	-7,8214e-004
15,068	99,523	-212,58	1,9689e-004
15,343	99,537	-60,784	-7,3252e-004
15,024	99,521	-65,81	-6,8693e-004
14,222	99,481	-202,2	1,7244e-004
14,377	99,488	-207,16	1,8604e-004
14,475	99,493	-70,546	-6,4417e-004
14,705	99,504	-197,52	1,5564e-004
14,299	99,484	-75,501	-6,0069e-004
14,373	99,488	-192,93	1,4148e-004
14,116	99,475	-80,426	-5,582e-004
14,095	99,474	-188,1	1,2495e-004
14,273	99,483	-86,021	-5,1157e-004
13,916	99,466	-183,15	1,0622e-004
14,091	99,474	-90,851	-4,7152e-004
13,754	99,458	-178,2	8,6072e-005
14,031	99,471	-95,781	-4,3162e-004
13,592	99,451	-173,25	6,4613e-005
13,908	99,465	-100,73	-3,924e-004
13,484	99,446	-168,28	4,1559e-005
13,763	99,459	-105,74	-3,5347e-004
13,427	99,443	-163,25	1,6837e-005
13,603	99,451	-110,76	-3,1526e-004
13,223	99,434	-158,32	-8,1579e-006
13,474	99,445	-115,65	-2,7905e-004
13,121	99,429	-153,37	-3,4858e-005
13,355	99,44	-120,53	-2,4389e-004
13,09	99,428	-148,28	-6,3778e-005
13,201	99,433	-125,47	-2,0906e-004
12,662	99,409	-142,4	-9,7576e-005
13,495	99,446	-131,09	-1,7207e-004
13,489	99,446	-136,66	-1,3591e-004
10,971	99,341	-249,29	2,6621e-004
11,298	99,353	-11,019	-1,2227e-003
12,892	99,419	-28,166	-1,0416e-003
12,88	99,418	-32,83	-9,9502e-004
12,967	99,422	-23,644	-1,0876e-003
13,079	99,427	-19,033	-1,1355e-003
13,636	99,453	-14,847	-1,1799e-003
8,8463	99,269	-245,36	2,7201e-004
9,3473	99,284	-241,09	2,6734e-004
9,7564	99,298	-234,99	2,597e-004
8,6057	99,262	-230,2	2,573e-004
8,4175	99,256	-226,35	2,5171e-004
8,3742	99,255	-221,75	2,4349e-004
9,2709	99,282	-216,66	2,3001e-004
8,4415	99,257	-211,6	2,2058e-004
9,4046	99,286	-206,32	2,0347e-004
9,088	99,276	-201,75	1,9088e-004
8,2981	99,253	-196,83	1,7716e-004
9,3875	99,286	-191,89	1,5665e-004
9,1253	99,277	-186,19	1,3552e-004
9,0158	99,274	-181,63	1,1726e-004
8,9382	99,272	-176,73	9,6055e-005
8,8945	99,27	-171,72	7,2956e-005
8,7914	99,267	-166,71	4,8841e-005
8,7176	99,265	-161,65	2,3152e-005
8,6356	99,263	-157,43	6,83e-007
8,574	99,261	-151,5	-3,2375e-005
8,4908	99,258	-146,75	-6,0214e-005
7,8126	99,24	-142,24	-8,6526e-005
8,7115	99,265	-138,12	-1,1415e-004
8,7845	99,267	-132,97	-1,4778e-004
8,7644	99,266	-127,8	-1,8267e-004
8,8647	99,269	-122,43	-2,2029e-004
8,8955	99,27	-117,86	-2,5313e-004
8,9353	99,272	-112,9	-2,8969e-004
9,022	99,274	-107,9	-3,2762e-004
9,1855	99,279	-102,61	-3,6877e-004
9,184	99,279	-98,115	-4,0437e-004
9,2346	99,281	-93,187	-4,4426e-004
9,2906	99,283	-88,314	-4,8453e-004
9,4262	99,287	-83,116	-5,2851e-004
9,4007	99,286	-78,674	-5,6666e-004
9,5113	99,29	-73,636	-6,1084e-004
9,6886	99,296	-67,736	-6,6359e-004
8,363	99,255	-63,658	-6,9998e-004
8,3687	99,255	-59,384	-7,3931e-004
9,6435	99,294	-53,654	-7,9308e-004
8,9465	99,272	-48,988	-8,3708e-004
8,7151	99,265	-44,601	-8,7917e-004
9,6845	99,295	-39,81	-9,2572e-004
8,8473	99,269	-34,77	-9,7544e-004
8,6288	99,262	-30,207	-1,0212e-003
8,6369	99,263	-25,322	-1,0711e-003
8,901	99,271	-20,836	-1,1178e-003
9,4151	99,287	-16,301	-1,1659e-003
12,765	99,413	-243,77	2,5573e-004
13,409	99,442	-238,47	2,4844e-004
12,873	99,418	-36,617	-9,5774e-004
11,667	99,368	-229,41	2,4485e-004
12,239	99,391	-43,319	-8,925e-004
11,923	99,378	-220,78	2,2886e-004
11,892	99,377	-224,87	2,3656e-004
12,314	99,394	-47,397	-8,5364e-004
12,165	99,388	-51,473	-8,1504e-004
11,792	99,373	-213,71	2,1389e-004
12,006	99,381	-58,303	-7,5142e-004
11,683	99,368	-210,23	2,0564e-004
11,458	99,359	-62,856	-7,0926e-004
11,333	99,355	-198,84	1,7381e-004
11,62	99,366	-195,6	1,6194e-004
-20,129	99,827	-235,39	6,484e-005
-20,618	99,861	-39,663	-1,0853e-003
-20,509	99,854	-230,56	5,4127e-005
-20,457	99,85	-44,369	-1,0397e-003
-19,893	99,811	-225,79	5,4539e-005
-20,296	99,839	-49,29	-9,9271e-004
-19,847	99,808	-220,97	4,6566e-005
-20,135	99,828	-54,226	-9,4615e-004
-19,711	99,799	-216,04	3,8172e-005
-19,976	99,817	-59,161	-9,0022e-004
-19,549	99,788	-210,95	2,828e-005
-19,818	99,806	-64,093	-8,5492e-004
-19,187	99,764	-205,86	1,9367e-005
-20,254	99,836	-69,368	-8,1272e-004
-19,283	99,77	-201,23	4,8295e-006
-19,366	99,776	-73,919	-7,6542e-004
-19,498	99,784	-195,69	-1,5222e-005
-19,646	99,794	-79,27	-7,2277e-004
-19,343	99,774	-190,74	-3,0387e-005
-19,438	99,78	-84,233	-6,7967e-004
-18,998	99,752	-186,43	-4,2231e-005
-19,267	99,769	-89,187	-6,3772e-004
-18,895	99,745	-181,51	-6,0401e-005
-19,122	99,76	-94,134	-5,9686e-004
-18,883	99,744	-175,87	-8,4034e-005
-18,777	99,737	-99,795	-5,4931e-004
-18,721	99,734	-170,54	-1,0611e-004
-18,654	99,729	-104,75	-5,1033e-004
-18,647	99,729	-165,55	-1,2904e-004
-18,537	99,722	-109,72	-4,722e-004
-18,587	99,725	-160,62	-1,53e-004
-18,425	99,715	-114,69	-4,3503e-004
-18,527	99,721	-155,69	-1,7818e-004
-18,315	99,708	-119,65	-3,9887e-004
-18,464	99,717	-150,75	-2,0458e-004
-18,208	99,701	-124,61	-3,637e-004
-18,449	99,716	-145,67	-2,3346e-004
-18,368	99,711	-129,89	-3,3023e-004
-18,242	99,703	-140,47	-2,6212e-004
-18,389	99,713	-135,15	-2,9669e-004
-5,9809	99,196	-255,39	2,3838e-004
-10,489	99,323	-255,19	1,9228e-004
-15,367	99,538	-255,81	1,3458e-004
-16,479	99,599	-4,8499	-1,4104e-003
-12,37	99,396	-5,5099	-1,3753e-003
-7,0046	99,219	-5,7306	-1,3394e-003
-16,768	99,615	-243,71	1,1373e-004
-17,256	99,644	-248,24	1,1008e-004
-17,69	99,67	-252,14	1,0586e-004
-3,9984	99,163	-251,52	2,5418e-004
-4,3788	99,168	-247,41	2,4983e-004
-5,5112	99,187	-241,94	2,3711e-004
-4,6322	99,172	-237,41	2,4021e-004
-4,4139	99,169	-233,21	2,3693e-004
-4,4139	99,169	-228,3	2,2985e-004
-4,4139	99,169	-223,39	2,2133e-004
-4,4139	99,169	-218,48	2,1145e-004
-4,4139	99,169	-213,57	2,0032e-004
-4,4139	99,169	-208,66	1,876e-004
-4,4139	99,169	-203,76	1,7345e-004
-4,4139	99,169	-198,85	1,5783e-004
-4,4139	99,169	-193,94	1,4091e-004
-4,4139	99,169	-189,03	1,2243e-004
-4,4139	99,169	-184,12	1,0263e-004
-4,4139	99,169	-179,21	8,1619e-005
-4,4139	99,169	-174,3	5,9397e-005
-4,4139	99,169	-169,39	3,583e-005
-4,4139	99,169	-164,48	1,0987e-005
-4,4139	99,169	-159,57	-1,4962e-005
-4,4139	99,169	-154,66	-4,2088e-005
-4,4139	99,169	-149,75	-7,0489e-005
-4,4139	99,169	-144,84	-1,0005e-004
-4,4139	99,169	-139,93	-1,3086e-004
-4,4139	99,169	-135,02	-1,6278e-004
-4,4139	99,169	-130,11	-1,9581e-004
-4,4139	99,169	-125,2	-2,2986e-004
-4,4139	99,169	-120,29	-2,6496e-004
-4,4139	99,169	-115,38	-3,0095e-004
-4,4139	99,169	-110,47	-3,3799e-004
-4,4139	99,169	-105,56	-3,7583e-004
-4,4139	99,169	-100,65	-4,1467e-004
-4,4139	99,169	-95,74	-4,5431e-004
-4,4139	99,169	-90,831	-4,9484e-004
-4,4139	99,169	-85,921	-5,3618e-004
-4,4139	99,169	-81,011	-5,7842e-004
-4,4139	99,169	-76,101	-6,215e-004
-4,4139	99,169	-71,192	-6,6534e-004
-4,4139	99,169	-66,282	-7,099e-004
-4,4139	99,169	-61,372	-7,5513e-004
-4,7797	99,174	-56,828	-7,9986e-004
-4,4139	99,169	-51,552	-8,4756e-004
-4,7789	99,174	-46,291	-9,0042e-004
-4,8405	99,175	-41,308	-9,493e-004
-4,8508	99,176	-36,386	-9,9809e-004
-4,8525	99,176	-31,475	-1,0475e-003
-4,8528	99,176	-26,565	-1,0977e-003
-5,0426	99,179	-21,569	-1,1512e-003
-5,0617	99,179	-16,754	-1,2029e-003
-5,5112	99,187	-11,176	-1,2675e-003
-18,406	99,714	-8,6879	-1,3808e-003
-17,029	99,63	-13,597	-1,3178e-003
-17,68	99,669	-18,213	-1,2739e-003
-18,013	99,689	-23,026	-1,2271e-003
-18,123	99,696	-27,5	-1,1831e-003
-18,123	99,696	-32,5	-1,1339e-003
-17,408	99,653	-36,878	-1,0857e-003
-16,336	99,591	-239,39	1,1563e-004
-15,233	99,531	-234,13	1,2347e-004
-15,609	99,551	-42,542	-1,0169e-003
-16,003	99,572	-47,581	-9,7243e-004
-14,913	99,515	-229,69	1,2138e-004
-15,444	99,542	-223,99	1,0581e-004
-15,307	99,535	-52,945	-9,1661e-004
-15,16	99,528	-218,97	9,9674e-005
-15,824	99,563	-57,734	-8,7698e-004
-14,721	99,505	-213,83	9,3593e-005
-15,52	99,546	-62,383	-8,3225e-004
-14,676	99,503	-67,182	-7,8193e-004
-14,469	99,493	-208,74	8,3913e-005
-14,335	99,486	-203,88	7,1918e-005
-14,487	99,494	-72,456	-7,3378e-004
-14,135	99,476	-199,44	6,0756e-005
-14,221	99,48	-77,694	-6,8602e-004
-14,328	99,486	-193,84	3,9803e-005
-14,024	99,471	-82,618	-6,4242e-004
-14,188	99,479	-188,92	2,36e-005
-13,841	99,462	-87,617	-5,9906e-004
-14,046	99,472	-184,2	6,8789e-006
-13,686	99,455	-92,595	-5,5696e-004
-13,971	99,468	-179,12	-1,3329e-005
-13,522	99,447	-97,515	-5,1601e-004
-13,847	99,463	-174,09	-3,4183e-005
-13,651	99,453	-101,72	-4,8431e-004
-13,726	99,457	-169,12	-5,5945e-005
-13,536	99,448	-106,67	-4,4522e-004
-13,619	99,452	-164,22	-7,8934e-005
-13,001	99,424	-112,38	-3,9722e-004
-13,503	99,447	-159,37	-1,027e-004
-14,34	99,486	-117,19	-3,7557e-004
-13,383	99,441	-154,44	-1,2802e-004
-13,2	99,433	-121,67	-3,3231e-004
-13,608	99,451	-149,02	-1,6109e-004
-13,073	99,427	-126,68	-2,9638e-004
-13,584	99,45	-143,72	-1,9219e-004
-12,664	99,409	-132,57	-2,5281e-004
-13,507	99,447	-138,38	-2,2427e-004
-8,3426	99,254	-250,39	2,1483e-004
-13,537	99,448	-251,38	1,5631e-004
-11,223	99,35	-11,02	-1,3051e-003
-12,635	99,408	-246,87	1,655e-004
-11,557	99,363	-241,94	1,749e-004
-8,3454	99,254	-245,55	2,1257e-004
-9,3626	99,285	-237,83	1,9563e-004
-8,1921	99,25	-234,57	2,0426e-004
-9,3823	99,286	-230,41	1,8629e-004
-8,9573	99,272	-225,17	1,8242e-004
-9,0231	99,274	-220,68	1,7331e-004
-9,8028	99,299	-216,96	1,5721e-004
-9,6237	99,293	-211,3	1,4573e-004
-9,5097	99,29	-206,15	1,3317e-004
-9,4418	99,287	-201,22	1,1903e-004
-9,4646	99,288	-196,73	1,0415e-004
-9,3349	99,284	-191,54	8,7201e-005
-9,2261	99,281	-186,77	7,0013e-005
-9,2087	99,28	-181,72	4,9491e-005
-9,1758	99,279	-176,93	2,904e-005
-9,1047	99,277	-171,99	7,0282e-006
-9,0368	99,275	-167,03	-1,6409e-005
-9,0441	99,275	-162,41	-4,0053e-005
-8,9429	99,272	-157,16	-6,7101e-005
-8,939	99,272	-152,01	-9,5899e-005
-8,8674	99,27	-147,03	-1,2429e-004
-8,9649	99,272	-141,9	-1,5647e-004
-8,9985	99,274	-137,49	-1,8469e-004
-7,8573	99,241	-132,73	-2,0552e-004
-8,4935	99,258	-128,21	-2,4171e-004
-8,5872	99,261	-123,42	-2,7582e-004
-9,3386	99,284	-117,48	-3,2516e-004
-8,1498	99,249	-112,67	-3,5011e-004
-8,8322	99,268	-108,29	-3,8915e-004
-8,9419	99,272	-103,23	-4,2915e-004
-9,0048	99,274	-98,706	-4,6544e-004
-9,0356	99,275	-93,987	-5,0376e-004
-9,1285	99,278	-89,034	-5,453e-004
-9,3758	99,285	-83,251	-5,9613e-004
-9,0958	99,277	-78,102	-6,3807e-004
-9,2453	99,281	-72,938	-6,8463e-004
-9,3528	99,285	-67,786	-7,3151e-004
-8,5745	99,261	-63,259	-7,6649e-004
-8,6212	99,262	-58,789	-8,0813e-004
-9,6353	99,294	-53,663	-8,6372e-004
-9,254	99,281	-48,406	-9,1058e-004
-9,9016	99,303	-43,09	-9,6646e-004
-9,4412	99,287	-37,755	-1,0151e-003
-9,3963	99,286	-33,084	-1,0611e-003
-9,5067	99,29	-28,639	-1,1066e-003
-9,4606	99,288	-23,87	-1,1552e-003
-9,3805	99,285	-19,103	-1,2047e-003
-8,8497	99,269	-14,889	-1,2466e-003
-13,069	99,427	-16,391	-1,2594e-003
-13,515	99,447	-21,398	-1,21e-003
-13,756	99,458	-26,046	-1,1642e-003
-13,871	99,464	-30,368	-1,1216e-003
-13,672	99,454	-34,56	-1,0786e-003
-13,243	99,435	-38,829	-1,0336e-003
-12,863	99,418	-237,42	1,555e-004
-11,658	99,367	-234,01	1,6566e-004
-12,578	99,405	-46,292	-9,5659e-004
-12,587	99,406	-49,907	-9,2245e-004
-12,105	99,385	-226,31	1,4938e-004
-11,543	99,363	-221,58	1,474e-004
-12,16	99,388	-56,882	-8,5393e-004
-12,161	99,388	-60,729	-8,1857e-004
-12,161	99,388	-64,269	-7,8639e-004
-17,724	99,672	-231,91	9,0256e-005
20,14	99,828	-284,85	1,9824e-004
20,631	99,862	-480,35	-1,0603e-003
20,512	99,854	-289,64	1,8761e-004
20,459	99,85	-475,67	-1,0135e-003
19,895	99,811	-294,4	1,8076e-004
20,299	99,839	-470,75	-9,6489e-004
19,849	99,808	-299,22	1,6961e-004
20,138	99,828	-465,82	-9,1671e-004
19,713	99,799	-304,14	1,5732e-004
19,978	99,817	-460,89	-8,6917e-004
19,55	99,788	-309,22	1,4333e-004
19,82	99,806	-455,96	-8,2225e-004
19,19	99,764	-314,31	1,2881e-004
20,257	99,836	-450,69	-7,7384e-004
19,285	99,77	-318,94	1,1233e-004
19,367	99,776	-446,14	-7,3052e-004
19,501	99,785	-324,47	9,0648e-005
19,646	99,794	-440,8	-6,8273e-004
19,347	99,774	-329,42	7,1428e-005
19,513	99,785	-435,83	-6,3847e-004
19,192	99,764	-334,37	5,0865e-005
19,303	99,772	-430,89	-5,9499e-004
18,9	99,745	-338,64	3,2755e-005
18,988	99,751	-425,24	-5,4599e-004
18,861	99,743	-344,27	5,8887e-006
18,778	99,737	-420,29	-5,0401e-004
18,688	99,732	-349,21	-1,8436e-005
18,655	99,729	-415,33	-4,6309e-004
18,58	99,725	-354,18	-4,4413e-005
18,538	99,722	-410,37	-4,2298e-004
18,428	99,715	-359,13	-7,1372e-005
18,426	99,715	-405,41	-3,8382e-004
18,277	99,706	-364,08	-9,9515e-005
18,316	99,708	-400,45	-3,4562e-004
18,125	99,696	-369,03	-1,2896e-004
18,52	99,721	-395,22	-3,0735e-004
18,287	99,706	-374,36	-1,6313e-004
18,414	99,714	-390,27	-2,7119e-004
18,245	99,704	-379,64	-1,9749e-004
18,484	99,719	-384,97	-2,3435e-004
15,354	99,538	-264,63	2,4478e-004
10,81	99,335	-264,83	2,6511e-004
5,9466	99,196	-265,04	2,7937e-004
6,9791	99,218	-514,23	-1,4334e-003
12,348	99,396	-514,49	-1,4306e-003
16,48	99,599	-515,18	-1,4361e-003
16,754	99,614	-507,26	-1,3438e-003
18,348	99,71	-511,55	-1,3925e-003
17,023	99,63	-501,73	-1,2821e-003
17,9	99,682	-497,21	-1,2333e-003
18,001	99,689	-492,53	-1,1836e-003
17,755	99,673	-487,62	-1,1323e-003
17,093	99,634	-276,64	2,2549e-004
5,4616	99,186	-508,61	-1,3673e-003
5,6371	99,19	-502,8	-1,2993e-003
4,3654	99,168	-497,52	-1,2419e-003
4,3654	99,168	-492,52	-1,1869e-003
4,3654	99,168	-487,53	-1,133e-003
4,3654	99,168	-482,53	-1,0801e-003
4,3654	99,168	-477,54	-1,0279e-003
4,7308	99,174	-472,91	-9,7972e-004
4,7917	99,175	-467,95	-9,2931e-004
4,8018	99,175	-462,88	-8,7841e-004
4,3654	99,168	-457,55	-8,2619e-004
4,3654	99,168	-452,56	-7,7747e-004
4,3654	99,168	-447,56	-7,2937e-004
4,3654	99,168	-442,56	-6,8211e-004
4,3654	99,168	-437,57	-6,3577e-004
4,3654	99,168	-432,57	-5,9003e-004
4,3654	99,168	-427,58	-5,4535e-004
4,3654	99,168	-422,58	-5,016e-004
4,3654	99,168	-417,59	-4,5871e-004
4,3654	99,168	-412,59	-4,1667e-004
4,3654	99,168	-407,59	-3,756e-004
4,3654	99,168	-402,6	-3,3552e-004
4,3654	99,168	-397,6	-2,963e-004
4,3654	99,168	-392,61	-2,5821e-004
4,3654	99,168	-387,61	-2,2115e-004
4,3654	99,168	-382,61	-1,852e-004
4,3654	99,168	-377,62	-1,5038e-004
4,3654	99,168	-372,62	-1,1685e-004
4,3654	99,168	-367,63	-8,4481e-005
4,3654	99,168	-362,63	-5,3424e-005
4,3654	99,168	-357,64	-2,3535e-005
4,3654	99,168	-352,64	5,042e-006
4,3654	99,168	-347,64	3,235e-005
4,3654	99,168	-342,65	5,851e-005
4,3654	99,168	-337,65	8,3235e-005
4,3654	99,168	-332,66	1,0663e-004
4,3654	99,168	-327,66	1,2886e-004
4,3654	99,168	-322,67	1,4935e-004
4,3654	99,168	-317,67	1,6871e-004
4,3654	99,168	-312,67	1,8628e-004
4,3654	99,168	-307,68	2,0238e-004
4,3654	99,168	-302,68	2,1704e-004
4,3654	99,168	-297,69	2,3027e-004
4,3654	99,168	-292,69	2,4205e-004
4,7296	99,174	-287,33	2,5284e-004
4,8706	99,176	-282,74	2,6081e-004
5,4616	99,186	-278,8	2,6616e-004
5,4616	99,186	-273,8	2,725e-004
4,036	99,163	-268,87	2,7823e-004
17,29	99,646	-272,29	2,2936e-004
17,712	99,671	-268,39	2,3068e-004
16,581	99,605	-280,79	2,224e-004
18,179	99,699	-483,06	-1,0858e-003
14,872	99,513	-285,45	2,2309e-004
15,825	99,563	-478,5	-1,0376e-003
15,96	99,57	-472,62	-9,7875e-004
15,076	99,523	-291,02	2,1146e-004
15,592	99,55	-296,14	1,9773e-004
15,881	99,566	-467,55	-9,2844e-004
14,762	99,507	-300,92	1,8964e-004
15,148	99,527	-462,15	-8,7487e-004
15,291	99,534	-305,81	1,7372e-004
15,601	99,551	-457,33	-8,2908e-004
14,828	99,511	-452,25	-7,7965e-004
14,449	99,492	-310,82	1,6226e-004
14,293	99,484	-315,78	1,4654e-004
14,723	99,505	-448,03	-7,3992e-004
14,138	99,476	-320,73	1,2937e-004
14,467	99,493	-442,9	-6,9208e-004
13,983	99,469	-325,68	1,1071e-004
14,43	99,491	-437,86	-6,4625e-004
13,565	99,449	-330,99	9,0136e-005
14,307	99,485	-432,9	-6,0188e-004
13,998	99,47	-336,33	6,4455e-005
14,944	99,516	-341,01	3,8388e-005
14,161	99,478	-427,94	-5,5815e-004
13,989	99,469	-422,85	-5,1408e-004
13,337	99,439	-345,45	2,262e-005
13,829	99,462	-417,76	-4,7099e-004
13,182	99,432	-350,48	-3,1071e-006
13,709	99,456	-412,8	-4,2984e-004
13,813	99,461	-355,64	-3,3715e-005
13,597	99,451	-407,84	-3,8972e-004
12,91	99,42	-360,34	-5,7448e-005
13,486	99,446	-402,88	-3,5044e-004
13,108	99,429	-366,04	-9,2253e-005
13,374	99,441	-397,93	-3,1225e-004
13,288	99,437	-371,64	-1,2797e-004
13,261	99,435	-392,97	-2,7486e-004
13,279	99,436	-376,67	-1,6071e-004
13,113	99,429	-387,67	-2,3601e-004
13,507	99,447	-381,73	-1,956e-004
13,129	99,43	-269,38	2,5199e-004
8,5014	99,259	-269,51	2,6997e-004
11,197	99,349	-508,98	-1,3656e-003
11,54	99,363	-503,09	-1,2977e-003
13,205	99,433	-498,39	-1,2453e-003
14,345	99,487	-494,37	-1,2019e-003
12,636	99,408	-489,47	-1,1494e-003
13,422	99,443	-483,96	-1,0921e-003
11,929	99,378	-273,93	2,5286e-004
13,451	99,444	-278,04	2,4102e-004
8,9703	99,273	-499,42	-1,2578e-003
9,4462	99,288	-494,49	-1,2034e-003
7,9185	99,242	-489,91	-1,1546e-003
8,5898	99,261	-485,43	-1,1068e-003
9,8477	99,301	-478,94	-1,039e-003
8,1588	99,249	-475,17	-1,0005e-003
8,6582	99,263	-471,13	-9,5932e-004
8,7354	99,266	-466,27	-9,1044e-004
9,572	99,292	-461,02	-8,5873e-004
8,7626	99,266	-455,59	-8,0542e-004
9,7654	99,298	-450,75	-7,5948e-004
9,6467	99,294	-445,45	-7,0934e-004
9,5724	99,292	-440,03	-6,5885e-004
9,4868	99,289	-435,1	-6,1392e-004
9,402	99,286	-430,2	-5,6992e-004
9,2994	99,283	-425,13	-5,2532e-004
9,2176	99,28	-420,17	-4,8257e-004
9,1497	99,278	-415,27	-4,4129e-004
9,0736	99,276	-410,32	-4,0036e-004
8,9979	99,274	-405,37	-3,6027e-004
8,9135	99,271	-400,42	-3,212e-004
8,8266	99,268	-395,5	-2,8332e-004
8,7345	99,266	-390,43	-2,4539e-004
8,9219	99,271	-384,84	-2,0528e-004
8,7424	99,266	-379,56	-1,68e-004
8,4092	99,256	-374,62	-1,34e-004
8,5149	99,259	-369,11	-9,8348e-005
8,5814	99,261	-364,23	-6,8075e-005
7,9191	99,242	-360,01	-4,1231e-005
9,3715	99,285	-355,22	-1,6839e-005
8,8071	99,268	-349,43	1,6506e-005
8,2835	99,252	-345,33	3,9559e-005
9,6189	99,293	-340,36	6,1052e-005
9,162	99,279	-334,48	9,0359e-005
8,5833	99,261	-329,81	1,1287e-004
8,9331	99,272	-325,22	1,3126e-004
9,0387	99,275	-320,4	1,4995e-004
9,0786	99,276	-315,19	1,6888e-004
9,1661	99,279	-310,12	1,8561e-004
8,4077	99,256	-305,08	2,0322e-004
9,2808	99,282	-300,27	2,1383e-004
8,623	99,262	-295,3	2,2829e-004
9,5616	99,291	-290,41	2,3596e-004
9,739	99,297	-284,81	2,4601e-004
8,6511	99,263	-280,98	2,558e-004
9,5683	99,292	-277,76	2,5741e-004
12,114	99,386	-281,21	2,4242e-004
12,271	99,392	-474,88	-9,9849e-004
12,294	99,393	-469,44	-9,4384e-004
12,057	99,383	-293,94	2,1864e-004
12,013	99,382	-297,34	2,1086e-004
12,292	99,393	-465,17	-9,0148e-004
11,739	99,371	-303,36	1,9631e-004
12,197	99,389	-458,07	-8,3198e-004
11,721	99,37	-306,95	1,8593e-004
12,2	99,389	-454,74	-8,0004e-004
-20,192	99,832	-285,15	4,9301e-005
-20,445	99,849	-480,42	-1,2112e-003
-20,509	99,854	-289,95	3,6471e-005
-20,829	99,876	-475,63	-1,1666e-003
-19,814	99,806	-294,69	3,5068e-005
-20,164	99,83	-470,86	-1,114e-003
-19,677	99,796	-299,47	2,5417e-005
-20,107	99,826	-466,06	-1,0668e-003
-19,523	99,786	-304,38	1,4295e-005
-19,902	99,812	-460,99	-1,0163e-003
-19,509	99,785	-309,8	-1,4524e-006
-19,555	99,788	-455,9	-9,6503e-004
-19,811	99,805	-314,57	-2,0478e-005
-19,621	99,793	-451,27	-9,2228e-004
-19,656	99,795	-319,52	-3,5868e-005
-19,49	99,784	-446,36	-8,7592e-004
-19,501	99,785	-324,47	-5,2591e-005
-19,646	99,794	-440,8	-8,2704e-004
-19,347	99,774	-329,42	-7,0676e-005
-19,513	99,785	-435,83	-7,8178e-004
-18,947	99,748	-333,91	-8,5146e-005
-19,303	99,772	-430,89	-7,3676e-004
-18,832	99,741	-338,8	-1,06e-004
-18,875	99,744	-425,73	-6,8849e-004
-18,861	99,743	-344,27	-1,3262e-004
-18,949	99,748	-420,99	-6,4946e-004
-18,57	99,724	-349,94	-1,5812e-004
-18,775	99,737	-416,04	-6,0705e-004
-18,483	99,719	-354,9	-1,8367e-004
-18,602	99,726	-411,09	-5,655e-004
-18,391	99,713	-359,86	-2,1043e-004
-18,429	99,715	-406,14	-5,2484e-004
-18,301	99,707	-364,82	-2,3844e-004
-18,257	99,704	-401,19	-4,8509e-004
-18,504	99,72	-370,07	-2,7268e-004
-18,353	99,71	-395,91	-4,466e-004
-18,416	99,714	-375,02	-3,0305e-004
-18,286	99,706	-390,93	-4,0975e-004
-18,505	99,72	-380,33	-3,3885e-004
-18,272	99,705	-385,72	-3,7299e-004
-6,3623	99,204	-265,9	2,3147e-004
-11,656	99,367	-265,15	1,7606e-004
-15,922	99,568	-264,74	1,2525e-004
-15,524	99,547	-514,23	-1,5393e-003
-10,168	99,312	-514,49	-1,5072e-003
-6,0549	99,198	-515,16	-1,4911e-003
-17,645	99,667	-488,67	-1,2728e-003
-17,61	99,665	-493,02	-1,318e-003
-17,411	99,653	-498,08	-1,3704e-003
-17,403	99,652	-502,95	-1,4235e-003
-16,981	99,628	-508,63	-1,4841e-003
-16,78	99,616	-277,72	1,0267e-004
-4,1255	99,164	-511,32	-1,4328e-003
-5,5058	99,187	-506,41	-1,3818e-003
-4,8041	99,175	-501,7	-1,3234e-003
-4,4772	99,17	-496,94	-1,2681e-003
-4,4096	99,169	-492,52	-1,2191e-003
-4,4096	99,169	-487,53	-1,1653e-003
-4,775	99,174	-482,17	-1,1107e-003
-4,4731	99,17	-477,47	-1,0599e-003
-4,4096	99,169	-472,54	-1,0087e-003
-4,4096	99,169	-467,54	-9,5805e-004
-4,4096	99,169	-462,55	-9,0794e-004
-4,4096	99,169	-457,55	-8,5852e-004
-4,4096	99,169	-452,56	-8,0975e-004
-4,4096	99,169	-447,56	-7,6168e-004
-4,4096	99,169	-442,56	-7,144e-004
-4,4096	99,169	-437,57	-6,6797e-004
-4,4096	99,169	-432,57	-6,2235e-004
-4,4096	99,169	-427,58	-5,7773e-004
-4,4096	99,169	-422,58	-5,3385e-004
-4,4096	99,169	-417,59	-4,9094e-004
-4,4096	99,169	-412,59	-4,4894e-004
-4,4096	99,169	-407,59	-4,0789e-004
-4,4096	99,169	-402,6	-3,6781e-004
-4,4096	99,169	-397,6	-3,2865e-004
-4,4096	99,169	-392,61	-2,905e-004
-4,4096	99,169	-387,61	-2,5342e-004
-4,4096	99,169	-382,61	-2,1749e-004
-4,4096	99,169	-377,62	-1,827e-004
-4,4096	99,169	-372,62	-1,4915e-004
-4,4096	99,169	-367,63	-1,168e-004
-4,4096	99,169	-362,63	-8,5735e-005
-4,4096	99,169	-357,64	-5,5941e-005
-4,4096	99,169	-352,64	-2,7228e-005
-4,4096	99,169	-347,64	8,8544e-008
-4,4096	99,169	-342,65	2,6101e-005
-4,4096	99,169	-337,65	5,0992e-005
-4,4096	99,169	-332,66	7,4345e-005
-4,4096	99,169	-327,66	9,6443e-005
-4,4096	99,169	-322,67	1,1713e-004
-4,4096	99,169	-317,67	1,3638e-004
-4,4096	99,169	-312,67	1,5396e-004
-4,4096	99,169	-307,68	1,7016e-004
-4,4096	99,169	-302,68	1,8483e-004
-4,4096	99,169	-297,69	1,9803e-004
-4,4096	99,169	-292,69	2,0971e-004
-4,4096	99,169	-287,69	2,2006e-004
-4,4096	99,169	-282,7	2,2887e-004
-6,0949	99,199	-277,23	2,2283e-004
-5,5058	99,187	-271,61	2,3456e-004
-17,969	99,687	-268,44	9,7582e-005
-16,448	99,597	-273,	1,1231e-004
-17,055	99,632	-483,96	-1,2196e-003
-15,364	99,538	-282,99	1,1224e-004
-15,164	99,528	-288,26	1,0533e-004
-15,538	99,547	-479,22	-1,1589e-003
-14,849	99,512	-298,16	8,7391e-005
-15,006	99,52	-293,21	9,7023e-005
-15,36	99,538	-474,27	-1,1075e-003
-15,182	99,529	-469,32	-1,0567e-003
-14,692	99,504	-303,11	7,641e-005
-15,675	99,555	-464,17	-1,0103e-003
-14,536	99,496	-308,07	6,394e-005
-14,828	99,511	-459,42	-9,5696e-004
-15,214	99,53	-454,54	-9,1366e-004
-14,224	99,481	-317,97	3,474e-005
-14,38	99,488	-313,02	4,9994e-005
-14,475	99,493	-449,51	-8,5969e-004
-14,393	99,489	-322,52	1,5713e-005
-14,299	99,484	-444,56	-8,1204e-004
-14,318	99,485	-327,4	-2,8303e-006
-14,134	99,476	-439,56	-7,6481e-004
-14,209	99,48	-332,36	-2,286e-005
-13,693	99,455	-434,24	-7,13e-004
-14,092	99,474	-337,34	-4,409e-005
-13,963	99,468	-342,29	-6,6371e-005
-14,262	99,482	-428,43	-6,6732e-004
-14,962	99,517	-424,09	-6,3665e-004
-13,813	99,461	-347,4	-9,0609e-005
-13,425	99,443	-419,81	-5,8568e-004
-13,677	99,455	-352,51	-1,1629e-004
-13,252	99,435	-414,86	-5,4289e-004
-13,585	99,45	-357,46	-1,4286e-004
-13,458	99,444	-410,22	-5,0718e-004
-13,491	99,446	-362,41	-1,7076e-004
-13,383	99,441	-405,21	-4,6656e-004
-13,393	99,441	-367,38	-1,9982e-004
-12,734	99,412	-400,	-4,1972e-004
-13,296	99,437	-372,35	-2,3016e-004
-13,255	99,435	-393,65	-3,7706e-004
-13,182	99,432	-377,62	-2,6347e-004
-13,263	99,436	-388,65	-3,4076e-004
-13,488	99,446	-383,45	-3,064e-004
-10,919	99,339	-270,64	1,8057e-004
-11,315	99,354	-508,98	-1,4487e-003
-13,124	99,429	-491,55	-1,2679e-003
-13,258	99,435	-487,12	-1,2224e-003
-13,029	99,425	-495,96	-1,3146e-003
-13,121	99,429	-500,59	-1,3659e-003
-13,557	99,449	-504,9	-1,4173e-003
-11,356	99,355	-279,68	1,648e-004
-12,224	99,39	-275,96	1,5979e-004
-9,3941	99,286	-503,23	-1,3693e-003
-8,9172	99,271	-498,77	-1,316e-003
-8,6748	99,264	-494,18	-1,264e-003
-8,989	99,273	-489,59	-1,2167e-003
-8,9568	99,272	-484,75	-1,1653e-003
-8,8361	99,269	-479,88	-1,1137e-003
-8,7716	99,267	-475,14	-1,0644e-003
-9,4686	99,288	-469,81	-1,0156e-003
-8,6505	99,263	-464,79	-9,5915e-004
-9,2713	99,282	-459,94	-9,161e-004
-8,4571	99,257	-455,12	-8,6283e-004
-9,1328	99,278	-450,02	-8,1909e-004
-9,1451	99,278	-444,67	-7,6868e-004
-9,0217	99,274	-439,96	-7,2393e-004
-8,5851	99,261	-435,39	-6,7856e-004
-8,9822	99,273	-430,77	-6,4036e-004
-9,7496	99,298	-424,88	-5,9525e-004
-8,9014	99,271	-419,23	-5,3949e-004
-8,8018	99,268	-413,99	-4,9461e-004
-8,8523	99,269	-408,96	-4,539e-004
-8,6476	99,263	-404,16	-4,1359e-004
-8,0646	99,246	-400,29	-3,7808e-004
-8,4849	99,258	-395,65	-3,4615e-004
-8,4009	99,256	-390,75	-3,0866e-004
-8,79	99,267	-385,82	-2,7639e-004
-8,8639	99,269	-380,38	-2,3886e-004
-8,7892	99,267	-374,9	-2,0104e-004
-8,8562	99,269	-369,95	-1,6941e-004
-8,9498	99,272	-364,9	-1,3864e-004
-9,0232	99,274	-359,94	-1,0943e-004
-9,0843	99,276	-355,01	-8,1569e-005
-9,1113	99,277	-350,23	-5,5393e-005
-9,2298	99,281	-345,02	-2,9017e-005
-9,2864	99,283	-340,13	-4,9868e-006
-9,3811	99,286	-335,17	1,7765e-005
-9,4044	99,286	-330,01	4,0703e-005
-9,4943	99,289	-325,13	6,0288e-005
-9,5577	99,291	-320,15	7,9199e-005
-9,6384	99,294	-315,23	9,6275e-005
-9,7379	99,297	-310,39	1,1145e-004
-9,6121	99,293	-305,4	1,2812e-004
-9,9253	99,303	-299,93	1,3986e-004
-8,5857	99,261	-294,52	1,673e-004
-8,558	99,26	-289,61	1,7821e-004
-9,3499	99,285	-284,28	1,7986e-004
-12,641	99,408	-482,12	-1,1655e-003
-12,13	99,386	-287,24	1,4327e-004
-12,092	99,385	-291,62	1,3503e-004
-12,252	99,391	-477,32	-1,1133e-003
-12,117	99,386	-295,61	1,2582e-004
-12,36	99,396	-473,3	-1,0734e-003
-12,118	99,386	-466,31	-1,0015e-003
-12,078	99,384	-462,86	-9,6723e-004
-11,824	99,374	-456,8	-9,0617e-004
-11,868	99,376	-453,3	-8,7295e-004
-20,256	99,836	-520,	-1,6401e-003
-22,489	99,999	-517,5	-1,6257e-003
-22,5	99,999	-2,5	-1,4779e-003
-20,256	99,836	0,	-1,4908e-003
-22,5	99,998	-7,5	-1,4225e-003
-20,256	99,836	-2,5	-1,4625e-003
-19,491	99,784	-4,925	-1,43e-003
-20,454	99,85	-6,8439	-1,4154e-003
-22,5	99,996	-12,5	-1,3689e-003
-20,454	99,85	-9,3439	-1,388e-003
-19,765	99,802	-11,798	-1,3567e-003
-22,5	99,994	-17,5	-1,3171e-003
-19,765	99,802	-14,298	-1,3301e-003
-20,091	99,825	-16,606	-1,3084e-003
-22,5	99,993	-22,5	-1,2666e-003
-20,091	99,825	-19,106	-1,2826e-003
-20,257	99,836	-21,513	-1,2594e-003
-22,5	99,991	-27,5	-1,2173e-003
-20,257	99,836	-24,013	-1,2343e-003
-20,312	99,84	-26,25	-1,2125e-003
-22,5	99,99	-32,5	-1,1689e-003
-20,312	99,84	-28,75	-1,1879e-003
-20,312	99,84	-31,25	-1,1635e-003
-22,5	99,989	-37,139	-1,1246e-003
-21,559	99,929	-37,331	-1,1151e-003
-20,311	99,84	-33,75	-1,1393e-003
-19,955	99,815	-35,939	-1,1153e-003
-22,5	99,988	-39,639	-1,101e-003
-22,5	99,987	-42,094	-1,078e-003
-21,559	99,929	-39,831	-1,0915e-003
-21,478	99,923	-42,184	-1,0687e-003
-22,5	99,987	-44,594	-1,0548e-003
-22,5	99,986	-47,049	-1,0321e-003
-21,478	99,923	-44,684	-1,0453e-003
-21,398	99,917	-47,145	-1,0219e-003
-22,5	99,985	-49,549	-1,0091e-003
-22,5	99,985	-52,004	-9,8676e-004
-21,398	99,917	-49,645	-9,9884e-004
-21,317	99,911	-52,113	-9,7558e-004
-22,5	99,984	-54,504	-9,6413e-004
-22,5	99,983	-56,958	-9,4209e-004
-21,317	99,911	-54,613	-9,5288e-004
-21,237	99,906	-57,08	-9,2995e-004
-22,5	99,983	-59,458	-9,198e-004
-22,5	99,982	-61,913	-8,9809e-004
-21,237	99,906	-59,58	-9,0759e-004
-21,158	99,9	-62,047	-8,8498e-004
-22,5	99,981	-64,413	-8,7615e-004
-22,5	99,981	-66,868	-8,5477e-004
-21,158	99,9	-64,547	-8,6294e-004
-22,233	99,98	-71,823	-8,0975e-004
-22,5	99,98	-69,368	-8,3318e-004
-21,376	99,916	-69,684	-8,2022e-004
-20,933	99,884	-71,96	-7,9659e-004
20,252	99,836	0,	-1,3419e-003
22,489	99,999	-2,4549	-1,3131e-003
-2,2152	99,144	-260,22	2,6561e-004
-2,2142e-002	99,135	-262,72	2,7533e-004
2,1754	99,143	-260,22	2,8166e-004
-2,2142e-002	99,135	-257,76	2,768e-004
-19,745	99,801	-260,22	7,9838e-005
-21,933	99,957	-262,72	5,1568e-005
-21,933	99,957	-257,76	5,3025e-005
-6,6009	99,21	-260,22	2,3194e-004
-2,2152	99,144	-262,72	2,6472e-004
-2,2152	99,144	-257,76	2,6625e-004
-5,1946	99,181	-257,8	2,4504e-004
-5,3853	99,185	-263,06	2,4178e-004
-10,985	99,341	-260,22	1,8594e-004
-7,3872	99,228	-257,8	2,2493e-004
-9,6411	99,294	-257,7	2,0147e-004
-7,5779	99,233	-263,06	2,2143e-004
-10,225	99,314	-262,68	1,9355e-004
-15,367	99,538	-260,22	1,3391e-004
-11,833	99,374	-257,7	1,7667e-004
-14,272	99,483	-258,01	1,4767e-004
-12,416	99,398	-262,68	1,6842e-004
-14,549	99,497	-262,48	1,4301e-004
-19,745	99,801	-262,72	7,8941e-005
-19,745	99,801	-257,76	8,0382e-005
-16,462	99,598	-258,01	1,2096e-004
-16,739	99,614	-262,48	1,1625e-004
-2,2142e-002	99,135	-517,5	-1,4939e-003
-2,2721	99,144	-520,	-1,5372e-003
2,2323	99,144	-520,	-1,5206e-003
-2,2142e-002	99,135	-512,51	-1,4294e-003
-2,2721	99,144	-517,5	-1,503e-003
2,2323	99,144	-517,5	-1,4865e-003
3,4787	99,156	-514,62	-1,4454e-003
-3,0387	99,151	-515,08	-1,4747e-003
-2,0739	99,143	-513,16	-1,446e-003
-2,2142e-002	99,135	-507,51	-1,3687e-003
3,4787	99,156	-512,12	-1,4141e-003
2,7198	99,148	-509,31	-1,3818e-003
-2,0739	99,143	-510,66	-1,4151e-003
-2,7641	99,148	-508,21	-1,3887e-003
-2,2142e-002	99,135	-502,51	-1,3104e-003
2,7198	99,148	-506,81	-1,3519e-003
2,8076	99,149	-503,9	-1,3178e-003
-2,7641	99,148	-505,71	-1,3593e-003
-2,4132	99,145	-503,36	-1,3301e-003
-2,2142e-002	99,135	-497,52	-1,2538e-003
2,8076	99,149	-501,41	-1,2891e-003
2,1717	99,143	-498,77	-1,261e-003
-2,4132	99,145	-500,86	-1,3016e-003
-2,2498	99,144	-498,48	-1,2739e-003
-2,2142e-002	99,135	-492,52	-1,1987e-003
2,1717	99,143	-496,27	-1,233e-003
2,1717	99,143	-493,77	-1,2055e-003
-2,2498	99,144	-495,98	-1,2461e-003
-2,216	99,144	-493,77	-1,2216e-003
-2,2142e-002	99,135	-487,53	-1,1447e-003
2,1717	99,143	-491,27	-1,1782e-003
2,1717	99,143	-488,78	-1,1512e-003
-2,216	99,144	-491,27	-1,1944e-003
-2,216	99,144	-488,78	-1,1674e-003
-2,2142e-002	99,135	-482,53	-1,0916e-003
2,1717	99,143	-486,28	-1,1245e-003
2,1717	99,143	-483,78	-1,0979e-003
-2,216	99,144	-486,28	-1,1406e-003
-2,3987	99,145	-483,6	-1,1131e-003
-2,2142e-002	99,135	-477,54	-1,0393e-003
2,1717	99,143	-481,28	-1,0716e-003
2,1717	99,143	-478,78	-1,0455e-003
-2,3987	99,145	-481,1	-1,0867e-003
-2,2477	99,144	-478,75	-1,0615e-003
-2,2142e-002	99,135	-472,54	-9,8771e-004
2,1717	99,143	-476,29	-1,0196e-003
2,3544	99,145	-473,97	-9,9522e-004
-2,2477	99,144	-476,25	-1,0355e-003
-2,216	99,144	-473,79	-1,01e-003
-2,2142e-002	99,135	-467,54	-9,3677e-004
2,3544	99,145	-471,47	-9,6962e-004
2,3848	99,145	-469,	-9,4429e-004
-2,216	99,144	-471,29	-9,8435e-004
-2,216	99,144	-468,79	-9,589e-004
-2,2142e-002	99,135	-462,55	-8,8652e-004
2,3848	99,145	-466,5	-9,1904e-004
2,3899	99,145	-463,96	-8,9357e-004
-2,216	99,144	-466,29	-9,3359e-004
-2,216	99,144	-463,8	-9,0851e-004
-2,2142e-002	99,135	-457,55	-8,3695e-004
2,3899	99,145	-461,46	-8,6852e-004
2,1717	99,143	-458,8	-8,4267e-004
-2,216	99,144	-461,3	-8,8359e-004
-2,216	99,144	-458,8	-8,5876e-004
-2,2142e-002	99,135	-452,56	-7,8804e-004
2,1717	99,143	-456,3	-8,1802e-004
2,1717	99,143	-453,81	-7,9363e-004
-2,216	99,144	-456,3	-8,3418e-004
-2,216	99,144	-453,81	-8,0978e-004
-2,2142e-002	99,135	-447,56	-7,3986e-004
2,1717	99,143	-451,31	-7,6932e-004
2,1717	99,143	-448,81	-7,4532e-004
-2,216	99,144	-451,31	-7,8548e-004
-2,216	99,144	-448,81	-7,6144e-004
-2,2142e-002	99,135	-442,56	-6,9242e-004
2,1717	99,143	-446,31	-7,2142e-004
2,1717	99,143	-443,81	-6,9771e-004
-2,216	99,144	-446,31	-7,3754e-004
-2,216	99,144	-443,81	-7,1386e-004
-2,2142e-002	99,135	-437,57	-6,4579e-004
2,1717	99,143	-441,32	-6,7423e-004
2,1717	99,143	-438,82	-6,5089e-004
-2,216	99,144	-441,32	-6,9036e-004
-2,216	99,144	-438,82	-6,6703e-004
-2,2142e-002	99,135	-432,57	-6,0007e-004
2,1717	99,143	-436,32	-6,278e-004
2,1717	99,143	-433,82	-6,0503e-004
-2,216	99,144	-436,32	-6,4403e-004
-2,216	99,144	-433,82	-6,2116e-004
-2,2142e-002	99,135	-427,58	-5,5523e-004
2,1717	99,143	-431,32	-5,8238e-004
2,1717	99,143	-428,83	-5,6001e-004
-2,216	99,144	-431,32	-5,9855e-004
-2,216	99,144	-428,83	-5,7607e-004
-2,2142e-002	99,135	-422,58	-5,1126e-004
2,1717	99,143	-426,33	-5,378e-004
2,1717	99,143	-423,83	-5,1584e-004
-2,216	99,144	-426,33	-5,5395e-004
-2,216	99,144	-423,83	-5,3201e-004
-2,2142e-002	99,135	-417,59	-4,682e-004
2,1717	99,143	-421,33	-4,9408e-004
2,1717	99,143	-418,83	-4,7261e-004
-2,216	99,144	-421,33	-5,1022e-004
-2,216	99,144	-418,83	-4,8881e-004
-2,2142e-002	99,135	-412,59	-4,2611e-004
2,1717	99,143	-416,34	-4,5129e-004
2,1717	99,143	-413,84	-4,3035e-004
-2,216	99,144	-416,34	-4,6745e-004
-2,216	99,144	-413,84	-4,4646e-004
-2,2142e-002	99,135	-407,59	-3,8485e-004
2,1717	99,143	-411,34	-4,0953e-004
2,1717	99,143	-408,84	-3,8884e-004
-2,216	99,144	-411,34	-4,2563e-004
-2,216	99,144	-408,84	-4,05e-004
-2,2142e-002	99,135	-402,6	-3,4458e-004
2,1717	99,143	-406,35	-3,6853e-004
2,1717	99,143	-403,85	-3,4837e-004
-2,216	99,144	-406,35	-3,8466e-004
-2,216	99,144	-403,85	-3,6456e-004
-2,2142e-002	99,135	-397,6	-3,0536e-004
2,1717	99,143	-401,35	-3,2854e-004
2,1717	99,143	-398,85	-3,0895e-004
-2,216	99,144	-401,35	-3,4464e-004
-2,216	99,144	-398,85	-3,2508e-004
-2,2142e-002	99,135	-392,61	-2,6707e-004
2,1717	99,143	-396,35	-2,8961e-004
2,1717	99,143	-393,86	-2,7053e-004
-2,216	99,144	-396,35	-3,0564e-004
-2,216	99,144	-393,86	-2,8661e-004
-2,2142e-002	99,135	-387,61	-2,2987e-004
2,1717	99,143	-391,36	-2,5156e-004
2,1717	99,143	-388,86	-2,3307e-004
-2,216	99,144	-391,36	-2,6774e-004
-2,216	99,144	-388,86	-2,4908e-004
-2,2142e-002	99,135	-382,61	-1,9374e-004
2,1717	99,143	-386,36	-2,1469e-004
2,1717	99,143	-383,86	-1,9664e-004
-2,216	99,144	-386,36	-2,3087e-004
-2,216	99,144	-383,86	-2,1275e-004
-2,2142e-002	99,135	-377,62	-1,5887e-004
2,1717	99,143	-381,37	-1,7896e-004
2,1717	99,143	-378,87	-1,615e-004
-2,216	99,144	-381,37	-1,9511e-004
-2,216	99,144	-378,87	-1,7756e-004
-2,2142e-002	99,135	-372,62	-1,2516e-004
2,1717	99,143	-376,37	-1,4426e-004
2,1717	99,143	-373,87	-1,2742e-004
-2,216	99,144	-376,37	-1,605e-004
-2,216	99,144	-373,87	-1,4369e-004
-2,2142e-002	99,135	-367,63	-9,2731e-005
2,1717	99,143	-371,37	-1,11e-004
2,1717	99,143	-368,88	-9,4781e-005
-2,216	99,144	-371,37	-1,2707e-004
-2,216	99,144	-368,88	-1,1097e-004
-2,2142e-002	99,135	-362,63	-6,151e-005
2,1717	99,143	-366,38	-7,8873e-005
2,1717	99,143	-363,88	-6,3353e-005
-2,216	99,144	-366,38	-9,5085e-005
-2,216	99,144	-363,88	-7,9394e-005
-2,2142e-002	99,135	-357,64	-3,1618e-005
2,1717	99,143	-361,38	-4,7982e-005
2,1717	99,143	-358,88	-3,3105e-005
-2,216	99,144	-361,38	-6,4203e-005
-2,216	99,144	-358,88	-4,9225e-005
-2,2142e-002	99,135	-352,64	-2,909e-006
2,1717	99,143	-356,39	-1,8486e-005
2,1717	99,143	-353,89	-4,0248e-006
-2,216	99,144	-356,39	-3,4517e-005
-2,216	99,144	-353,89	-2,033e-005
-2,2142e-002	99,135	-347,64	2,4613e-005
2,1717	99,143	-351,39	9,8958e-006
2,1717	99,143	-348,89	2,3666e-005
-2,216	99,144	-351,39	-6,2768e-006
-2,216	99,144	-348,89	7,5382e-006
-2,2142e-002	99,135	-342,65	5,0751e-005
2,1717	99,143	-346,4	3,7048e-005
2,1717	99,143	-343,9	5,0042e-005
-2,216	99,144	-346,4	2,0858e-005
-2,216	99,144	-343,9	3,3941e-005
-2,2142e-002	99,135	-337,65	7,5625e-005
2,1717	99,143	-341,4	6,2816e-005
2,1717	99,143	-338,9	7,5268e-005
-2,216	99,144	-341,4	4,6621e-005
-2,216	99,144	-338,9	5,9074e-005
-2,2142e-002	99,135	-332,66	9,9202e-005
2,1717	99,143	-336,4	8,74e-005
2,1717	99,143	-333,91	9,9142e-005
-2,216	99,144	-336,4	7,1251e-005
-2,216	99,144	-333,91	8,3014e-005
-2,2142e-002	99,135	-327,66	1,2133e-004
2,1717	99,143	-331,41	1,1064e-004
2,1717	99,143	-328,91	1,216e-004
-2,216	99,144	-331,41	9,4456e-005
-2,216	99,144	-328,91	1,055e-004
-2,2142e-002	99,135	-322,67	1,4214e-004
2,1717	99,143	-326,41	1,3233e-004
2,1717	99,143	-323,91	1,4279e-004
-2,216	99,144	-326,41	1,1629e-004
-2,216	99,144	-323,91	1,265e-004
-2,2142e-002	99,135	-317,67	1,6135e-004
2,1717	99,143	-321,42	1,5269e-004
2,1717	99,143	-318,92	1,6229e-004
-2,216	99,144	-321,42	1,3665e-004
-2,216	99,144	-318,92	1,4616e-004
-2,2142e-002	99,135	-312,67	1,7909e-004
2,1717	99,143	-316,42	1,7154e-004
2,1717	99,143	-313,92	1,8037e-004
-2,216	99,144	-316,42	1,5551e-004
-2,216	99,144	-313,92	1,6438e-004
-2,2142e-002	99,135	-307,68	1,9532e-004
2,1717	99,143	-311,42	1,8886e-004
2,1717	99,143	-308,93	1,9704e-004
-2,216	99,144	-311,42	1,7274e-004
-2,216	99,144	-308,93	1,8094e-004
-2,2142e-002	99,135	-302,68	2,1004e-004
2,1717	99,143	-306,43	2,0469e-004
2,1717	99,143	-303,93	2,1212e-004
-2,216	99,144	-306,43	1,8856e-004
-2,216	99,144	-303,93	1,9593e-004
-2,2142e-002	99,135	-297,69	2,233e-004
2,1717	99,143	-301,43	2,1902e-004
2,1717	99,143	-298,93	2,2574e-004
-2,216	99,144	-301,43	2,0298e-004
-2,216	99,144	-298,93	2,0952e-004
-2,2142e-002	99,135	-292,69	2,351e-004
2,1717	99,143	-296,44	2,3191e-004
2,1717	99,143	-293,94	2,3792e-004
-2,216	99,144	-296,44	2,158e-004
-2,216	99,144	-293,94	2,2168e-004
-2,2142e-002	99,135	-287,69	2,4543e-004
2,1717	99,143	-291,44	2,4332e-004
2,3538	99,145	-288,76	2,4912e-004
-2,216	99,144	-291,44	2,2729e-004
-2,216	99,144	-288,94	2,3235e-004
-2,2142e-002	99,135	-282,7	2,5427e-004
2,3538	99,145	-286,26	2,5393e-004
2,4243	99,145	-283,97	2,5808e-004
-2,216	99,144	-286,45	2,3723e-004
-2,216	99,144	-283,95	2,4155e-004
-2,2142e-002	99,135	-277,7	2,6166e-004
2,4243	99,145	-281,47	2,6207e-004
2,7198	99,148	-279,5	2,6532e-004
-2,216	99,144	-281,45	2,4561e-004
-3,0587	99,151	-278,72	2,4444e-004
-2,2142e-002	99,135	-272,71	2,677e-004
2,7198	99,148	-277,	2,6883e-004
2,7198	99,148	-274,5	2,7183e-004
-3,0587	99,151	-276,22	2,4761e-004
-2,7641	99,148	-273,41	2,529e-004
-2,2142e-002	99,135	-267,71	2,7229e-004
2,7198	99,148	-272,01	2,7471e-004
2,007	99,142	-269,54	2,7601e-004
-3,1924	99,153	-268,06	2,5518e-004
-2,7641	99,148	-270,91	2,5541e-004
2,1754	99,143	-262,72	2,8088e-004
2,9624	99,15	-265,13	2,8032e-004
2,007	99,142	-267,04	2,7805e-004
-3,1924	99,153	-265,56	2,5686e-004
-15,765	99,56	-520,	-1,6106e-003
-20,245	99,835	-517,5	-1,6103e-003
-16,768	99,615	-517,11	-1,5822e-003
-11,269	99,352	-520,	-1,5831e-003
-14,521	99,495	-517,11	-1,5674e-003
-11,843	99,375	-517,24	-1,5519e-003
-6,7715	99,214	-520,	-1,5584e-003
-9,5944	99,292	-517,24	-1,5381e-003
-7,5379	99,232	-517,58	-1,5304e-003
-5,2885	99,183	-517,58	-1,5183e-003
-21,933	99,957	-267,71	4,8734e-005
-18,928	99,747	-264,98	8,8015e-005
-19,952	99,815	-266,83	7,4125e-005
-21,934	99,957	-272,71	4,448e-005
-19,952	99,815	-269,32	7,2316e-005
-19,192	99,764	-271,6	7,9821e-005
-21,936	99,957	-277,7	3,8752e-005
-19,358	99,775	-276,46	7,2442e-005
-19,192	99,764	-274,1	7,7272e-005
-21,937	99,957	-282,36	3,2114e-005
-21,064	99,893	-282,68	4,2512e-005
-19,359	99,775	-278,96	6,9234e-005
-18,651	99,729	-281,6	7,4177e-005
-21,939	99,957	-287,32	2,3755e-005
-21,938	99,957	-284,86	2,8072e-005
-21,065	99,893	-285,18	3,8416e-005
-21,942	99,958	-292,27	1,4023e-005
-21,941	99,957	-289,81	1,9024e-005
-21,225	99,905	-290,07	2,7388e-005
-21,945	99,958	-297,22	2,9294e-006
-21,943	99,958	-294,76	8,5859e-006
-20,879	99,88	-294,94	2,1375e-005
-20,811	99,875	-297,33	1,6694e-005
-21,948	99,958	-302,17	-9,5034e-006
-21,946	99,958	-299,71	-3,1721e-006
-20,812	99,875	-299,82	1,0558e-005
-20,735	99,87	-302,28	5,1433e-006
-21,952	99,958	-307,12	-2,3306e-005
-21,95	99,958	-304,67	-1,6294e-005
-20,737	99,87	-304,78	-1,6857e-006
-20,73	99,869	-307,49	-9,3909e-006
-21,956	99,959	-312,07	-3,851e-005
-21,954	99,958	-309,62	-3,0804e-005
-20,732	99,869	-309,99	-1,6954e-005
-21,961	99,959	-317,02	-5,5028e-005
-21,959	99,959	-314,57	-4,668e-005
-20,885	99,88	-314,87	-3,4573e-005
-20,808	99,875	-317,35	-4,2112e-005
-21,966	99,959	-321,97	-7,2831e-005
-21,963	99,959	-319,52	-6,3848e-005
-20,81	99,875	-319,84	-5,102e-005
-20,733	99,869	-322,32	-5,9207e-005
-21,972	99,96	-326,92	-9,1955e-005
-21,969	99,96	-324,47	-8,2313e-005
-20,735	99,87	-324,82	-6,8783e-005
-20,658	99,864	-327,29	-7,7652e-005
-21,977	99,96	-331,87	-1,1241e-004
-21,974	99,96	-329,42	-1,0212e-004
-20,661	99,864	-329,79	-8,7897e-005
-20,462	99,85	-332,03	-9,4976e-005
-21,984	99,961	-336,82	-1,3419e-004
-21,981	99,96	-334,37	-1,2324e-004
-20,465	99,85	-334,53	-1,0587e-004
-20,407	99,846	-336,98	-1,1618e-004
-21,991	99,961	-341,77	-1,5718e-004
-21,987	99,961	-339,32	-1,4566e-004
-20,411	99,847	-339,48	-1,2773e-004
-20,425	99,848	-342,21	-1,4087e-004
-21,998	99,962	-346,71	-1,8144e-004
-21,994	99,962	-344,26	-1,6928e-004
-20,428	99,848	-344,71	-1,5308e-004
-22,005	99,962	-351,68	-2,0699e-004
-22,001	99,962	-349,21	-1,9415e-004
-20,287	99,838	-350,04	-1,7849e-004
-22,013	99,963	-356,63	-2,337e-004
-22,009	99,963	-354,17	-2,2031e-004
-20,247	99,835	-355,02	-2,0456e-004
-22,022	99,964	-361,58	-2,6161e-004
-22,017	99,963	-359,12	-2,4763e-004
-20,205	99,832	-360,	-2,3184e-004
-22,03	99,964	-366,53	-2,9069e-004
-22,026	99,964	-364,07	-2,7614e-004
-20,165	99,83	-364,98	-2,6035e-004
-22,04	99,965	-371,48	-3,2094e-004
-22,035	99,965	-369,03	-3,0581e-004
-20,271	99,837	-370,1	-2,9256e-004
-22,049	99,966	-376,43	-3,5228e-004
-22,044	99,965	-373,98	-3,3661e-004
-20,232	99,834	-375,07	-3,2342e-004
-22,059	99,966	-381,38	-3,8471e-004
-22,054	99,966	-378,93	-3,6851e-004
-20,281	99,838	-380,22	-3,5753e-004
-22,069	99,967	-386,33	-4,1824e-004
-22,064	99,967	-383,88	-4,0149e-004
-20,17	99,83	-385,42	-3,9137e-004
-22,08	99,968	-391,28	-4,5285e-004
-22,075	99,968	-388,83	-4,3557e-004
-20,182	99,831	-390,52	-4,2707e-004
-22,091	99,969	-396,23	-4,8848e-004
-22,086	99,968	-393,78	-4,707e-004
-20,221	99,834	-395,51	-4,6335e-004
-22,103	99,97	-401,18	-5,2514e-004
-22,097	99,969	-398,73	-5,0685e-004
-20,179	99,831	-400,65	-5,0096e-004
-22,115	99,971	-406,13	-5,6276e-004
-22,109	99,97	-403,68	-5,44e-004
-20,271	99,837	-405,62	-5,3973e-004
-22,127	99,972	-411,08	-6,0132e-004
-22,121	99,971	-408,63	-5,8211e-004
-20,364	99,843	-410,59	-5,7943e-004
-22,14	99,973	-416,04	-6,4081e-004
-22,134	99,972	-413,58	-6,2112e-004
-20,457	99,85	-415,57	-6,2004e-004
-22,153	99,974	-420,99	-6,8119e-004
-22,147	99,973	-418,53	-6,6107e-004
-20,55	99,856	-420,54	-6,6155e-004
-22,167	99,975	-425,94	-7,2246e-004
-22,16	99,974	-423,48	-7,0191e-004
-20,52	99,854	-425,41	-7,0182e-004
-22,181	99,976	-430,89	-7,6452e-004
-22,174	99,975	-428,43	-7,4359e-004
-20,741	99,87	-430,48	-7,4712e-004
-22,195	99,977	-435,83	-8,0732e-004
-22,188	99,976	-433,38	-7,8606e-004
-20,853	99,878	-435,45	-7,9121e-004
-20,748	99,87	-432,98	-7,6872e-004
-22,21	99,978	-440,79	-8,5107e-004
-22,203	99,977	-438,32	-8,2924e-004
-20,927	99,883	-440,43	-8,3581e-004
-20,861	99,878	-437,95	-8,1321e-004
-22,225	99,979	-445,74	-8,9555e-004
-22,218	99,978	-443,29	-8,7342e-004
-20,857	99,878	-445,71	-8,826e-004
-20,935	99,884	-442,93	-8,5822e-004
-22,241	99,98	-450,69	-9,4081e-004
-22,233	99,98	-448,24	-9,1828e-004
-20,93	99,883	-450,66	-9,2858e-004
-20,865	99,879	-448,21	-9,0544e-004
-22,257	99,981	-455,64	-9,8678e-004
-22,249	99,981	-453,19	-9,6392e-004
-20,905	99,882	-455,48	-9,7311e-004
-20,938	99,884	-453,16	-9,5179e-004
-22,273	99,983	-460,59	-1,0334e-003
-22,265	99,982	-458,14	-1,0102e-003
-21,087	99,895	-460,52	-1,0223e-003
-20,913	99,882	-457,98	-9,9666e-004
-22,29	99,984	-465,54	-1,0807e-003
-22,281	99,983	-463,09	-1,0572e-003
-21,197	99,903	-465,55	-1,0713e-003
-21,095	99,895	-463,02	-1,0461e-003
-22,307	99,985	-470,49	-1,1287e-003
-22,298	99,985	-468,04	-1,1049e-003
-21,235	99,905	-470,45	-1,1191e-003
-21,206	99,903	-468,05	-1,0955e-003
-22,324	99,987	-475,44	-1,1773e-003
-22,316	99,986	-472,99	-1,1532e-003
-21,576	99,93	-475,34	-1,17e-003
-21,244	99,906	-472,95	-1,1437e-003
-22,342	99,988	-480,39	-1,2266e-003
-22,333	99,987	-477,94	-1,2021e-003
-21,393	99,917	-480,23	-1,217e-003
-21,585	99,931	-477,83	-1,1948e-003
-22,369	99,99	-487,53	-1,2987e-003
-22,352	99,989	-482,89	-1,2517e-003
-21,403	99,918	-482,72	-1,2422e-003
-20,003	99,819	-486,85	-1,2728e-003
-19,708	99,799	-484,5	-1,2464e-003
-22,388	99,991	-492,52	-1,3501e-003
-20,012	99,819	-489,35	-1,2985e-003
-19,995	99,818	-491,52	-1,3209e-003
-22,407	99,993	-497,52	-1,4024e-003
-20,004	99,819	-494,02	-1,3471e-003
-19,905	99,812	-496,55	-1,373e-003
-22,427	99,994	-502,51	-1,4559e-003
-19,915	99,813	-499,05	-1,3997e-003
-19,911	99,812	-501,48	-1,426e-003
-22,448	99,996	-507,51	-1,5107e-003
-19,921	99,813	-503,98	-1,4533e-003
-19,71	99,799	-506,82	-1,4833e-003
-22,468	99,998	-512,51	-1,5673e-003
-18,992	99,751	-512,12	-1,5385e-003
-19,72	99,799	-509,32	-1,5115e-003
-19,003	99,752	-514,62	-1,5677e-003
19,741	99,801	-260,22	2,2482e-004
21,933	99,957	-262,72	2,1261e-004
21,933	99,957	-257,76	2,1409e-004
15,354	99,538	-260,22	2,4667e-004
19,741	99,801	-262,72	2,2388e-004
19,741	99,801	-257,76	2,2535e-004
16,774	99,616	-257,92	2,4022e-004
16,451	99,597	-262,42	2,4046e-004
10,963	99,34	-260,22	2,6646e-004
14,579	99,498	-257,92	2,5087e-004
12,612	99,407	-257,46	2,6003e-004
14,256	99,482	-262,42	2,5109e-004
11,985	99,38	-262,52	2,6134e-004
6,5699	99,209	-260,22	2,8024e-004
10,416	99,32	-257,46	2,6921e-004
7,7903	99,239	-257,35	2,7807e-004
9,7885	99,299	-262,52	2,7017e-004
7,3568	99,228	-262,63	2,7769e-004
2,1754	99,143	-257,76	2,8233e-004
5,5933	99,189	-257,35	2,8257e-004
5,1597	99,181	-262,63	2,8162e-004
20,252	99,836	-520,	-1,4912e-003
22,5	99,999	-517,55	-1,461e-003
22,225	99,979	-445,74	-7,3224e-004
22,218	99,978	-443,29	-7,1017e-004
20,795	99,874	-445,6	-7,2827e-004
20,935	99,884	-442,93	-7,0442e-004
22,203	99,977	-438,32	-6,6613e-004
22,21	99,978	-440,79	-6,8791e-004
20,927	99,883	-440,43	-6,8209e-004
20,861	99,878	-437,95	-6,5998e-004
22,188	99,976	-433,38	-6,2305e-004
22,195	99,977	-435,83	-6,4425e-004
20,853	99,878	-435,45	-6,3803e-004
20,748	99,87	-432,98	-6,1632e-004
22,174	99,975	-428,43	-5,8069e-004
22,181	99,976	-430,89	-6,0157e-004
20,741	99,87	-430,48	-5,9477e-004
22,16	99,974	-423,48	-5,3912e-004
22,167	99,975	-425,94	-5,5962e-004
20,576	99,858	-425,16	-5,4916e-004
22,147	99,973	-418,53	-4,9839e-004
22,153	99,974	-420,99	-5,1845e-004
20,465	99,85	-420,19	-5,0747e-004
22,134	99,972	-413,58	-4,5855e-004
22,14	99,973	-416,04	-4,7818e-004
20,397	99,846	-415,21	-4,6678e-004
22,121	99,971	-408,63	-4,196e-004
22,127	99,972	-411,08	-4,3878e-004
20,332	99,841	-410,23	-4,2694e-004
22,109	99,97	-403,68	-3,8159e-004
22,115	99,971	-406,13	-4,0031e-004
20,269	99,837	-405,25	-3,8803e-004
22,097	99,969	-398,73	-3,4454e-004
22,103	99,97	-401,18	-3,6278e-004
20,209	99,833	-400,27	-3,5009e-004
22,086	99,968	-393,78	-3,0847e-004
22,091	99,969	-396,23	-3,2621e-004
20,305	99,839	-395,16	-3,1262e-004
22,075	99,968	-388,83	-2,7341e-004
22,08	99,968	-391,28	-2,9066e-004
20,246	99,835	-390,19	-2,7673e-004
22,064	99,967	-383,88	-2,3942e-004
22,069	99,967	-386,33	-2,5612e-004
20,276	99,837	-385,04	-2,4103e-004
22,054	99,966	-378,93	-2,0653e-004
22,059	99,966	-381,38	-2,2268e-004
20,151	99,829	-379,88	-2,0584e-004
22,044	99,965	-373,98	-1,747e-004
22,049	99,966	-376,43	-1,9034e-004
20,167	99,83	-374,74	-1,7249e-004
22,035	99,965	-369,03	-1,4394e-004
22,04	99,965	-371,48	-1,5904e-004
20,082	99,824	-369,58	-1,3977e-004
22,026	99,964	-364,07	-1,1433e-004
22,03	99,964	-366,53	-1,2886e-004
20,153	99,829	-364,61	-1,0999e-004
22,017	99,963	-359,12	-8,5874e-005
22,022	99,964	-361,58	-9,9826e-005
20,224	99,834	-359,63	-8,1405e-005
22,009	99,963	-354,17	-5,8621e-005
22,013	99,963	-356,63	-7,1971e-005
20,296	99,839	-354,66	-5,4092e-005
22,001	99,962	-349,21	-3,2527e-005
22,005	99,962	-351,68	-4,5339e-005
20,346	99,842	-349,68	-2,7837e-005
21,994	99,962	-344,26	-7,7084e-006
21,998	99,962	-346,71	-1,9848e-005
20,428	99,848	-344,71	-3,0299e-006
21,987	99,961	-339,32	1,5874e-005
21,991	99,961	-341,77	4,3614e-006
20,444	99,849	-339,39	2,243e-005
20,425	99,848	-342,21	9,1644e-006
21,981	99,96	-334,37	3,8242e-005
21,984	99,961	-336,82	2,732e-005
20,587	99,859	-334,76	4,2853e-005
20,441	99,849	-336,9	3,3939e-005
21,974	99,96	-329,42	5,9316e-005
21,977	99,96	-331,87	4,9043e-005
20,661	99,864	-329,79	6,3876e-005
20,584	99,859	-332,27	5,3757e-005
21,969	99,96	-324,47	7,9058e-005
21,972	99,96	-326,92	6,9443e-005
20,735	99,87	-324,82	8,3528e-005
20,658	99,864	-327,29	7,4101e-005
21,963	99,959	-319,52	9,747e-005
21,966	99,959	-321,97	8,8516e-005
20,625	99,862	-319,55	1,0377e-004
20,733	99,869	-322,32	9,3078e-005
21,959	99,959	-314,57	1,1458e-004
21,961	99,959	-317,02	1,0627e-004
20,575	99,858	-314,74	1,2071e-004
20,622	99,862	-317,06	1,1259e-004
21,954	99,958	-309,62	1,3041e-004
21,956	99,959	-312,07	1,2272e-004
20,753	99,871	-309,7	1,3603e-004
20,573	99,858	-312,24	1,2891e-004
21,95	99,958	-304,67	1,4488e-004
21,952	99,958	-307,12	1,3789e-004
20,832	99,876	-304,66	1,5041e-004
20,751	99,871	-307,2	1,4354e-004
21,946	99,958	-299,71	1,5798e-004
21,948	99,958	-302,17	1,5166e-004
20,898	99,881	-299,7	1,6323e-004
20,83	99,876	-302,16	1,5722e-004
21,943	99,958	-294,76	1,6971e-004
21,945	99,958	-297,22	1,6407e-004
20,919	99,883	-294,79	1,7477e-004
20,896	99,881	-297,2	1,6934e-004
21,941	99,957	-289,81	1,8009e-004
21,942	99,958	-292,27	1,7512e-004
21,226	99,905	-289,92	1,8349e-004
20,918	99,883	-292,3	1,8021e-004
21,938	99,957	-284,86	1,8913e-004
21,939	99,957	-287,32	1,8482e-004
21,039	99,891	-285,02	1,9342e-004
21,225	99,905	-287,42	1,8825e-004
21,936	99,957	-277,7	1,9975e-004
21,937	99,957	-282,36	1,9316e-004
21,038	99,891	-282,53	1,9747e-004
19,515	99,786	-278,42	2,1115e-004
19,259	99,769	-280,5	2,0957e-004
21,934	99,957	-272,71	2,0547e-004
19,514	99,786	-275,92	2,1432e-004
19,613	99,792	-273,75	2,1627e-004
21,933	99,957	-267,71	2,0974e-004
19,613	99,792	-271,25	2,1876e-004
19,824	99,806	-269,3	2,1936e-004
18,645	99,729	-264,92	2,2835e-004
19,823	99,806	-266,8	2,212e-004
6,7405	99,213	-520,	-1,5087e-003
5,7329	99,191	-517,11	-1,4724e-003
11,247	99,351	-520,	-1,5003e-003
7,9867	99,244	-517,11	-1,4684e-003
10,671	99,33	-517,25	-1,4663e-003
15,751	99,559	-520,	-1,4947e-003
12,924	99,42	-517,25	-1,4638e-003
14,99	99,519	-517,59	-1,4662e-003
20,252	99,836	-517,55	-1,4621e-003
17,241	99,643	-517,59	-1,4644e-003
-22,225	99,979	-74,323	-7,8844e-004
-20,797	99,874	-73,783	-7,7977e-004
-22,21	99,978	-79,278	-7,468e-004
-22,217	99,978	-76,778	-7,6771e-004
-20,929	99,883	-78,913	-7,3778e-004
-22,195	99,977	-84,242	-7,0589e-004
-22,202	99,977	-81,733	-7,2646e-004
-20,818	99,875	-83,849	-6,9592e-004
-22,181	99,976	-89,195	-6,6585e-004
-22,188	99,976	-86,697	-6,8595e-004
-20,726	99,869	-88,781	-6,5505e-004
-22,167	99,975	-94,142	-6,2664e-004
-22,174	99,975	-91,65	-6,4629e-004
-20,646	99,863	-93,709	-6,151e-004
-22,153	99,974	-99,097	-5,8822e-004
-22,16	99,974	-96,597	-6,0749e-004
-20,639	99,863	-96,164	-5,9581e-004
-20,467	99,851	-98,995	-5,722e-004
-22,14	99,973	-104,05	-5,5066e-004
-22,147	99,973	-101,55	-5,695e-004
-20,46	99,85	-101,45	-5,5337e-004
-20,399	99,846	-103,93	-5,3401e-004
-22,127	99,972	-109,01	-5,14e-004
-22,134	99,972	-106,51	-5,3238e-004
-20,392	99,845	-106,38	-5,1563e-004
-20,334	99,841	-108,87	-4,967e-004
-22,115	99,971	-113,96	-4,7828e-004
-22,121	99,971	-111,46	-4,9618e-004
-20,328	99,841	-111,32	-4,7876e-004
-20,272	99,837	-113,81	-4,6033e-004
-22,103	99,97	-118,92	-4,4349e-004
-22,109	99,97	-116,42	-4,6093e-004
-20,266	99,837	-116,26	-4,4286e-004
-20,211	99,833	-118,74	-4,2492e-004
-22,091	99,969	-123,87	-4,0968e-004
-22,097	99,969	-121,37	-4,2661e-004
-20,205	99,832	-121,2	-4,079e-004
-20,151	99,829	-123,68	-3,9045e-004
-22,08	99,968	-128,83	-3,7687e-004
-22,086	99,968	-126,33	-3,9329e-004
-20,146	99,828	-126,13	-3,7394e-004
-20,226	99,834	-128,77	-3,5737e-004
-22,069	99,967	-133,78	-3,451e-004
-22,075	99,968	-131,28	-3,61e-004
-20,22	99,833	-131,23	-3,4136e-004
-20,231	99,834	-133,85	-3,247e-004
-22,059	99,966	-138,74	-3,1443e-004
-22,064	99,967	-136,24	-3,2977e-004
-20,152	99,829	-138,97	-2,921e-004
-20,226	99,834	-136,31	-3,0928e-004
-22,049	99,966	-143,69	-2,8485e-004
-22,054	99,966	-141,19	-2,9964e-004
-20,251	99,836	-144,03	-2,6296e-004
-20,147	99,828	-141,43	-2,7721e-004
-22,039	99,965	-148,65	-2,5636e-004
-22,044	99,965	-146,15	-2,706e-004
-20,253	99,836	-149,02	-2,3426e-004
-20,246	99,835	-146,48	-2,4864e-004
-22,03	99,964	-153,6	-2,2896e-004
-22,035	99,965	-151,1	-2,4264e-004
-20,28	99,838	-153,95	-2,0731e-004
-20,249	99,835	-151,47	-2,2048e-004
-22,021	99,964	-158,56	-2,0273e-004
-22,026	99,964	-156,06	-2,1582e-004
-20,306	99,839	-158,86	-1,8155e-004
-20,276	99,837	-156,4	-1,941e-004
-22,013	99,963	-163,51	-1,7769e-004
-22,017	99,963	-161,01	-1,9017e-004
-20,332	99,841	-163,79	-1,5698e-004
-20,302	99,839	-161,32	-1,6894e-004
-22,005	99,962	-168,47	-1,5384e-004
-22,009	99,963	-165,97	-1,6572e-004
-20,365	99,843	-168,74	-1,3354e-004
-20,328	99,841	-166,24	-1,4497e-004
-21,997	99,962	-173,42	-1,3122e-004
-22,001	99,962	-170,92	-1,4249e-004
-20,441	99,849	-173,86	-1,1107e-004
-20,361	99,843	-171,19	-1,2212e-004
-21,99	99,961	-178,38	-1,0981e-004
-21,994	99,961	-175,88	-1,2046e-004
-20,438	99,849	-176,31	-1,003e-004
-21,984	99,961	-183,33	-8,966e-005
-21,987	99,961	-180,83	-9,9665e-005
-20,441	99,849	-181,59	-7,8306e-005
-21,977	99,96	-188,29	-7,0778e-005
-21,98	99,96	-185,79	-8,0145e-005
-20,489	99,852	-186,5	-5,9657e-005
-21,971	99,96	-193,24	-5,3201e-005
-21,974	99,96	-190,74	-6,1908e-005
-20,658	99,864	-191,11	-4,4787e-005
-21,966	99,959	-198,2	-3,6958e-005
-21,969	99,96	-195,69	-4,4985e-005
-20,733	99,869	-196,04	-2,8929e-005
-21,961	99,959	-203,15	-2,2016e-005
-21,963	99,959	-200,65	-2,9392e-005
-20,623	99,862	-201,26	-1,1258e-005
-21,956	99,959	-208,1	-8,3734e-006
-21,958	99,959	-205,6	-1,5087e-005
-20,573	99,858	-206,04	3,0041e-006
-21,952	99,958	-213,06	3,9339e-006
-21,954	99,958	-210,56	-2,1024e-006
-20,752	99,871	-211,04	1,3812e-005
-21,948	99,958	-218,01	1,4851e-005
-21,95	99,958	-215,51	9,5159e-006
-20,831	99,876	-216,04	2,4437e-005
-21,945	99,958	-222,97	2,4392e-005
-21,946	99,958	-220,47	1,9756e-005
-20,897	99,881	-220,95	3,3639e-005
-21,942	99,958	-227,92	3,258e-005
-21,943	99,958	-225,42	2,862e-005
-20,918	99,883	-225,82	4,196e-005
-21,939	99,957	-232,88	3,9436e-005
-21,94	99,957	-230,38	3,6149e-005
-21,225	99,905	-230,66	4,5407e-005
-21,937	99,957	-238,12	4,5223e-005
-21,938	99,957	-235,33	4,2337e-005
-21,033	99,891	-235,53	5,3793e-005
-21,935	99,957	-243,03	4,9223e-005
-21,033	99,891	-237,98	5,6333e-005
-19,353	99,775	-242,15	8,0766e-005
-19,137	99,761	-239,99	8,1715e-005
-21,934	99,957	-247,94	5,1867e-005
-19,352	99,775	-244,6	8,2417e-005
-19,596	99,791	-246,86	8,0593e-005
-21,933	99,957	-252,85	5,3115e-005
-19,595	99,791	-249,32	8,1539e-005
-19,812	99,806	-251,27	7,9405e-005
-18,651	99,729	-255,56	9,4229e-005
-19,812	99,806	-253,72	7,9714e-005
-2,2721	99,144	0,	-1,388e-003
-2,2142e-002	99,135	-2,4549	-1,3467e-003
2,2323	99,144	0,	-1,3714e-003
-15,765	99,56	0,	-1,4613e-003
-17,245	99,643	-2,425	-1,443e-003
-11,269	99,352	0,	-1,4339e-003
-14,999	99,519	-2,425	-1,4283e-003
-12,944	99,421	-2,755	-1,4112e-003
-6,7715	99,214	0,	-1,4091e-003
-10,696	99,331	-2,755	-1,3971e-003
-8,0127	99,245	-2,8653	-1,3798e-003
-2,2721	99,144	-2,4549	-1,3557e-003
-5,7633	99,192	-2,8653	-1,3674e-003
-2,2142e-002	99,135	-252,85	2,7676e-004
3,396	99,155	-254,9	2,8334e-004
-3,0017	99,151	-255,35	2,6149e-004
-2,0103	99,142	-253,42	2,6742e-004
-2,2142e-002	99,135	-247,94	2,7526e-004
3,396	99,155	-252,44	2,8325e-004
2,7225	99,148	-249,72	2,8194e-004
-2,0103	99,142	-250,96	2,6689e-004
-2,2006	99,144	-248,9	2,6522e-004
-2,2142e-002	99,135	-243,03	2,7226e-004
2,7225	99,148	-247,26	2,8111e-004
2,481	99,146	-244,48	2,792e-004
-2,2006	99,144	-246,45	2,6403e-004
-2,7668	99,148	-243,71	2,5893e-004
-2,2142e-002	99,135	-238,12	2,6799e-004
2,481	99,146	-242,02	2,7758e-004
2,4233	99,145	-239,53	2,752e-004
-2,7668	99,148	-241,26	2,5692e-004
-2,3273	99,145	-239,	2,576e-004
-2,2142e-002	99,135	-233,21	2,6226e-004
2,4233	99,145	-237,08	2,7288e-004
2,1738	99,143	-234,44	2,6939e-004
-2,3273	99,145	-236,54	2,5519e-004
-2,2181	99,144	-234,44	2,5336e-004
-2,2142e-002	99,135	-228,3	2,5517e-004
2,1738	99,143	-231,99	2,6637e-004
2,1738	99,143	-229,53	2,627e-004
-2,2181	99,144	-231,99	2,5004e-004
-2,2181	99,144	-229,53	2,4654e-004
-2,2142e-002	99,135	-223,39	2,4668e-004
2,1738	99,143	-227,08	2,5879e-004
2,1738	99,143	-224,62	2,5452e-004
-2,2181	99,144	-227,08	2,4263e-004
-2,2181	99,144	-224,62	2,3834e-004
-2,2142e-002	99,135	-218,48	2,3679e-004
2,1738	99,143	-222,17	2,4998e-004
2,1738	99,143	-219,71	2,4495e-004
-2,2181	99,144	-222,17	2,3384e-004
-2,2181	99,144	-219,71	2,2877e-004
-2,2142e-002	99,135	-213,57	2,2545e-004
2,1738	99,143	-217,26	2,3969e-004
2,1738	99,143	-214,8	2,3397e-004
-2,2181	99,144	-217,26	2,236e-004
-2,2181	99,144	-214,8	2,1787e-004
-2,2142e-002	99,135	-208,66	2,1269e-004
2,1738	99,143	-212,35	2,2796e-004
2,1738	99,143	-209,89	2,2158e-004
-2,2181	99,144	-212,35	2,1186e-004
-2,2181	99,144	-209,89	2,0549e-004
-2,2142e-002	99,135	-203,76	1,9852e-004
2,1738	99,143	-207,44	2,149e-004
2,1738	99,143	-204,98	2,0792e-004
-2,2181	99,144	-207,44	1,988e-004
-2,2181	99,144	-204,98	1,9172e-004
-2,2142e-002	99,135	-198,85	1,8287e-004
2,1738	99,143	-202,53	2,0035e-004
2,1738	99,143	-200,07	1,9263e-004
-2,2181	99,144	-202,53	1,8431e-004
-2,2181	99,144	-200,07	1,764e-004
-2,2142e-002	99,135	-193,94	1,6568e-004
2,1738	99,143	-197,62	1,843e-004
2,1738	99,143	-195,16	1,7592e-004
-2,2181	99,144	-197,62	1,6829e-004
-2,2181	99,144	-195,16	1,5962e-004
-2,2142e-002	99,135	-189,03	1,4728e-004
2,1738	99,143	-192,71	1,6704e-004
2,1738	99,143	-190,25	1,5766e-004
-2,2181	99,144	-192,71	1,5076e-004
-2,2181	99,144	-190,25	1,4167e-004
-2,2142e-002	99,135	-184,12	1,2745e-004
2,1738	99,143	-187,8	1,482e-004
2,1738	99,143	-185,34	1,3816e-004
-2,2181	99,144	-187,8	1,3193e-004
-2,2181	99,144	-185,34	1,2218e-004
-2,2142e-002	99,135	-179,21	1,0629e-004
2,1738	99,143	-182,89	1,2809e-004
2,1738	99,143	-180,43	1,1746e-004
-2,2181	99,144	-182,89	1,1192e-004
-2,2181	99,144	-180,43	1,0128e-004
-2,2142e-002	99,135	-174,3	8,3903e-005
2,1738	99,143	-177,98	1,0654e-004
2,1738	99,143	-175,52	9,5392e-005
-2,2181	99,144	-177,98	9,0473e-005
-2,2181	99,144	-175,52	7,92e-005
-2,2142e-002	99,135	-169,39	6,0257e-005
2,1738	99,143	-173,07	8,3849e-005
2,1738	99,143	-170,61	7,2027e-005
-2,2181	99,144	-173,07	6,7738e-005
-2,2181	99,144	-170,61	5,5945e-005
-2,2142e-002	99,135	-164,48	3,5402e-005
2,1738	99,143	-168,16	5,9966e-005
2,1738	99,143	-165,7	4,762e-005
-2,2181	99,144	-168,16	4,3804e-005
-2,2181	99,144	-165,7	3,1467e-005
-2,2142e-002	99,135	-159,57	9,3457e-006
2,1738	99,143	-163,25	3,475e-005
2,1738	99,143	-160,79	2,1841e-005
-2,2181	99,144	-163,25	1,8761e-005
-2,2181	99,144	-160,79	5,5421e-006
-2,2142e-002	99,135	-154,66	-1,795e-005
2,1738	99,143	-158,34	8,4804e-006
2,1738	99,143	-155,88	-5,1333e-006
-2,2181	99,144	-158,34	-7,5918e-006
-2,2181	99,144	-155,88	-2,1203e-005
-2,2142e-002	99,135	-149,75	-4,6383e-005
2,1738	99,143	-153,43	-1,9052e-005
2,1738	99,143	-150,98	-3,3234e-005
-2,2181	99,144	-153,43	-3,526e-005
-2,2181	99,144	-150,98	-4,9375e-005
-2,2142e-002	99,135	-144,84	-7,6081e-005
2,1738	99,143	-148,52	-4,7842e-005
2,1738	99,143	-146,07	-6,2675e-005
-2,2181	99,144	-148,52	-6,3963e-005
-2,2181	99,144	-146,07	-7,8727e-005
-2,2142e-002	99,135	-139,93	-1,07e-004
2,1738	99,143	-143,61	-7,7713e-005
2,1738	99,143	-141,16	-9,3225e-005
-2,2181	99,144	-143,61	-9,3891e-005
-2,2181	99,144	-141,16	-1,0927e-004
-2,2142e-002	99,135	-135,02	-1,3907e-004
2,1738	99,143	-138,7	-1,0888e-004
2,1738	99,143	-136,25	-1,2498e-004
-2,2181	99,144	-138,7	-1,251e-004
-2,2181	99,144	-136,25	-1,4102e-004
-2,2142e-002	99,135	-130,11	-1,7222e-004
2,1738	99,143	-133,79	-1,4122e-004
2,1738	99,143	-131,34	-1,5782e-004
-2,2181	99,144	-133,79	-1,5742e-004
-2,2181	99,144	-131,34	-1,7395e-004
-2,2142e-002	99,135	-125,2	-2,065e-004
2,1738	99,143	-128,88	-1,7456e-004
2,1738	99,143	-126,43	-1,9173e-004
-2,2181	99,144	-128,88	-1,9077e-004
-2,2181	99,144	-126,43	-2,0789e-004
-2,2142e-002	99,135	-120,29	-2,4166e-004
2,1738	99,143	-123,97	-2,0909e-004
2,1738	99,143	-121,52	-2,266e-004
-2,2181	99,144	-123,97	-2,2521e-004
-2,2181	99,144	-121,52	-2,4282e-004
-2,2142e-002	99,135	-115,38	-2,7793e-004
2,1738	99,143	-119,06	-2,4454e-004
2,1738	99,143	-116,61	-2,6247e-004
-2,2181	99,144	-119,06	-2,6061e-004
-2,2181	99,144	-116,61	-2,7877e-004
-2,2142e-002	99,135	-110,47	-3,1496e-004
2,1738	99,143	-114,15	-2,8078e-004
2,1738	99,143	-111,7	-2,9942e-004
-2,2181	99,144	-114,15	-2,971e-004
-2,2181	99,144	-111,7	-3,1553e-004
-2,2142e-002	99,135	-105,56	-3,5299e-004
2,1738	99,143	-109,24	-3,1814e-004
2,1738	99,143	-106,79	-3,372e-004
-2,2181	99,144	-109,24	-3,3438e-004
-2,2181	99,144	-106,79	-3,5336e-004
-2,2142e-002	99,135	-100,65	-3,9194e-004
2,1738	99,143	-104,33	-3,5645e-004
2,1738	99,143	-101,88	-3,7577e-004
-2,2181	99,144	-104,33	-3,7257e-004
-2,2181	99,144	-101,88	-3,9196e-004
-2,2142e-002	99,135	-95,74	-4,317e-004
2,1738	99,143	-99,423	-3,9544e-004
2,1738	99,143	-96,968	-4,1539e-004
-2,2181	99,144	-99,423	-4,1167e-004
-2,2181	99,144	-96,968	-4,3153e-004
-2,2142e-002	99,135	-90,831	-4,7236e-004
2,1738	99,143	-94,513	-4,3543e-004
2,1738	99,143	-92,058	-4,5584e-004
-2,2181	99,144	-94,513	-4,516e-004
-2,2181	99,144	-92,058	-4,7195e-004
-2,2142e-002	99,135	-85,921	-5,1391e-004
2,1738	99,143	-89,603	-4,7628e-004
2,1738	99,143	-87,148	-4,9708e-004
-2,2181	99,144	-89,603	-4,9242e-004
-2,2181	99,144	-87,148	-5,1328e-004
-2,2142e-002	99,135	-81,011	-5,5632e-004
2,1738	99,143	-84,693	-5,1797e-004
2,1738	99,143	-82,239	-5,3921e-004
-2,2181	99,144	-84,693	-5,3414e-004
-2,2181	99,144	-82,239	-5,5536e-004
-2,2142e-002	99,135	-76,101	-5,995e-004
2,1738	99,143	-79,784	-5,6056e-004
2,1738	99,143	-77,329	-5,8219e-004
-2,2181	99,144	-79,784	-5,7677e-004
-2,2181	99,144	-77,329	-5,9831e-004
-2,2142e-002	99,135	-71,192	-6,4352e-004
2,1738	99,143	-74,874	-6,0389e-004
2,1738	99,143	-72,419	-6,2591e-004
-2,2181	99,144	-74,874	-6,2011e-004
-2,2181	99,144	-72,419	-6,4207e-004
-2,2142e-002	99,135	-66,282	-6,8822e-004
2,1738	99,143	-69,964	-6,4808e-004
2,1738	99,143	-67,509	-6,7042e-004
-2,2181	99,144	-69,964	-6,6423e-004
-2,2181	99,144	-67,509	-6,8657e-004
-2,2142e-002	99,135	-61,372	-7,3361e-004
2,1738	99,143	-65,054	-6,9295e-004
2,1738	99,143	-62,599	-7,1555e-004
-2,2181	99,144	-65,054	-7,0907e-004
-2,2181	99,144	-62,599	-7,3171e-004
-2,2142e-002	99,135	-56,462	-7,7966e-004
2,1738	99,143	-60,145	-7,3848e-004
2,1738	99,143	-57,69	-7,6143e-004
-2,2181	99,144	-60,145	-7,5469e-004
-2,401	99,145	-57,873	-7,7677e-004
-2,2142e-002	99,135	-51,552	-8,2635e-004
2,1738	99,143	-55,235	-7,8466e-004
2,3567	99,145	-52,597	-8,0922e-004
-2,401	99,145	-55,418	-7,9991e-004
-2,2181	99,144	-52,78	-8,2412e-004
-2,2142e-002	99,135	-46,643	-8,7371e-004
2,3567	99,145	-50,142	-8,3279e-004
2,1738	99,143	-47,87	-8,551e-004
-2,2181	99,144	-50,325	-8,4761e-004
-2,4006	99,145	-47,694	-8,7381e-004
-2,2142e-002	99,135	-41,733	-9,2171e-004
2,1738	99,143	-45,415	-8,7894e-004
2,3563	99,145	-43,126	-9,0078e-004
-2,4006	99,145	-45,239	-8,9764e-004
-2,4314	99,145	-42,748	-9,2218e-004
-2,2142e-002	99,135	-36,823	-9,704e-004
2,3563	99,145	-40,671	-9,2492e-004
2,311	99,145	-38,261	-9,4893e-004
-2,4314	99,145	-40,293	-9,4635e-004
-2,4366	99,146	-37,832	-9,7072e-004
-2,2142e-002	99,135	-31,913	-1,0199e-003
2,311	99,145	-35,806	-9,7344e-004
2,1738	99,143	-33,141	-1,0006e-003
-2,4366	99,146	-35,377	-9,9528e-004
-2,4374	99,146	-32,921	-1,02e-003
-2,2142e-002	99,135	-27,004	-1,0702e-003
2,1738	99,143	-30,686	-1,0255e-003
2,1738	99,143	-28,231	-1,0506e-003
-2,4374	99,146	-30,467	-1,045e-003
-2,4376	99,146	-28,012	-1,0701e-003
-2,2142e-002	99,135	-22,094	-1,1217e-003
2,1738	99,143	-25,776	-1,076e-003
2,268	99,144	-23,62	-1,0984e-003
-2,4376	99,146	-25,557	-1,0955e-003
-2,5325	99,146	-23,059	-1,1222e-003
-2,2142e-002	99,135	-17,184	-1,1746e-003
2,268	99,144	-21,165	-1,1244e-003
2,362	99,145	-18,832	-1,1492e-003
-2,5325	99,146	-20,604	-1,1483e-003
-2,542	99,146	-18,196	-1,1743e-003
-2,2142e-002	99,135	-12,274	-1,2291e-003
2,362	99,145	-16,377	-1,1759e-003
2,7225	99,148	-14,051	-1,2006e-003
-2,542	99,146	-15,742	-1,2011e-003
-2,7668	99,148	-12,953	-1,2332e-003
-2,2142e-002	99,135	-7,3646	-1,286e-003
2,7225	99,148	-11,596	-1,2283e-003
2,032	99,142	-9,2008	-1,2577e-003
-3,5136	99,156	-7,7751	-1,2964e-003
-2,7668	99,148	-10,498	-1,2611e-003
2,2323	99,144	-2,4549	-1,3392e-003
2,995	99,151	-4,8625	-1,3069e-003
2,032	99,142	-6,746	-1,2867e-003
-3,5136	99,156	-5,3202	-1,3258e-003
6,7405	99,213	0,	-1,3594e-003
5,2492	99,182	-2,4076	-1,3319e-003
11,247	99,351	0,	-1,3511e-003
7,5031	99,231	-2,4076	-1,3274e-003
9,5701	99,292	-2,7548	-1,32e-003
15,751	99,559	0,	-1,3455e-003
11,823	99,374	-2,7548	-1,3172e-003
14,509	99,495	-2,864	-1,3134e-003
20,241	99,835	-2,4549	-1,3142e-003
16,76	99,615	-2,864	-1,3117e-003
22,5	99,981	-453,19	-8,0079e-004
22,5	99,98	-450,69	-7,7778e-004
21,16	99,9	-453,64	-8,0275e-004
21,378	99,916	-451,01	-7,7871e-004
22,5	99,982	-458,14	-8,4692e-004
22,5	99,981	-455,64	-8,2355e-004
21,16	99,9	-456,09	-8,2563e-004
22,5	99,983	-463,09	-8,9372e-004
22,5	99,983	-460,59	-8,7002e-004
21,239	99,906	-461,01	-8,7215e-004
22,5	99,985	-468,04	-9,412e-004
22,5	99,984	-465,54	-9,1715e-004
21,319	99,911	-465,93	-9,1931e-004
22,5	99,986	-472,99	-9,8931e-004
22,5	99,985	-470,49	-9,6495e-004
21,399	99,917	-470,85	-9,6711e-004
22,5	99,987	-477,94	-1,0381e-003
22,5	99,987	-475,44	-1,0134e-003
21,479	99,923	-475,76	-1,0154e-003
22,5	99,989	-483,21	-1,0907e-003
22,5	99,988	-480,39	-1,0625e-003
21,565	99,93	-480,55	-1,0632e-003
22,5	99,99	-488,11	-1,1403e-003
21,565	99,93	-483,	-1,0878e-003
20,128	99,827	-486,64	-1,1237e-003
20,339	99,842	-484,36	-1,1006e-003
22,5	99,992	-493,02	-1,1907e-003
20,251	99,836	-491,55	-1,1744e-003
20,128	99,827	-489,09	-1,1489e-003
22,5	99,993	-497,92	-1,242e-003
20,201	99,832	-496,34	-1,2246e-003
20,251	99,836	-494,	-1,2e-003
22,5	99,995	-502,83	-1,2944e-003
19,762	99,802	-501,05	-1,2749e-003
20,201	99,832	-498,8	-1,2507e-003
22,5	99,996	-507,74	-1,3482e-003
19,628	99,793	-506,27	-1,3323e-003
19,762	99,802	-503,51	-1,3017e-003
22,5	99,998	-512,64	-1,4037e-003
19,628	99,793	-508,72	-1,3598e-003
20,424	99,848	-510,87	-1,384e-003
19,491	99,784	-515,14	-1,434e-003
20,424	99,848	-513,32	-1,4123e-003
21,933	99,957	-252,85	2,1424e-004
18,967	99,75	-255,47	2,2954e-004
19,994	99,818	-253,7	2,2429e-004
21,934	99,957	-247,94	2,1299e-004
19,994	99,818	-251,24	2,2393e-004
19,206	99,765	-249,03	2,2735e-004
21,935	99,957	-243,03	2,1034e-004
19,207	99,765	-246,58	2,2635e-004
19,508	99,785	-243,92	2,2332e-004
21,937	99,957	-238,12	2,0634e-004
19,508	99,785	-241,46	2,2157e-004
19,666	99,796	-239,39	2,1903e-004
21,938	99,957	-235,33	2,0346e-004
21,055	99,892	-235,38	2,08e-004
19,667	99,796	-236,93	2,1665e-004
21,94	99,957	-230,38	1,973e-004
21,939	99,957	-232,88	2,0057e-004
21,056	99,892	-232,92	2,0509e-004
21,223	99,905	-230,5	2,0108e-004
21,943	99,958	-225,42	1,8977e-004
21,942	99,958	-227,92	1,9374e-004
21,225	99,905	-228,05	1,9752e-004
20,878	99,88	-225,67	1,9554e-004
21,946	99,958	-220,47	1,809e-004
21,945	99,958	-222,97	1,8553e-004
20,811	99,875	-220,83	1,8724e-004
21,95	99,958	-215,51	1,7066e-004
21,948	99,958	-218,01	1,76e-004
20,735	99,87	-215,91	1,7753e-004
21,954	99,958	-210,56	1,5906e-004
21,952	99,958	-213,06	1,6508e-004
20,731	99,869	-210,75	1,655e-004
21,958	99,959	-205,6	1,4612e-004
21,956	99,959	-208,1	1,5282e-004
20,733	99,869	-208,29	1,5924e-004
20,883	99,88	-205,91	1,5214e-004
21,963	99,959	-200,65	1,3185e-004
21,961	99,959	-203,15	1,3921e-004
20,808	99,875	-200,97	1,3836e-004
21,969	99,96	-195,69	1,1632e-004
21,966	99,959	-198,2	1,2432e-004
20,733	99,869	-196,04	1,2327e-004
21,974	99,96	-190,74	9,9464e-005
21,971	99,96	-193,24	1,0813e-004
20,658	99,864	-191,11	1,0686e-004
21,98	99,96	-185,79	8,128e-005
21,977	99,96	-188,29	9,0618e-005
20,584	99,859	-186,18	8,9124e-005
21,987	99,961	-180,83	6,181e-005
21,984	99,961	-183,33	7,1794e-005
20,401	99,846	-181,52	7,1709e-005
21,994	99,961	-175,88	4,1086e-005
21,99	99,961	-178,38	5,1698e-005
20,438	99,849	-176,31	4,9783e-005
22,001	99,962	-170,92	1,9118e-005
21,997	99,962	-173,42	3,036e-005
20,441	99,849	-173,86	3,9035e-005
20,292	99,838	-171,02	2,6901e-005
22,009	99,963	-165,97	-4,0591e-006
22,005	99,962	-168,47	7,7861e-006
20,296	99,839	-168,57	1,5509e-005
20,245	99,835	-166,09	3,9263e-006
22,017	99,963	-161,01	-2,8433e-005
22,013	99,963	-163,51	-1,598e-005
20,249	99,835	-163,63	-8,0807e-006
20,202	99,832	-161,15	-2,0315e-005
22,026	99,964	-156,06	-5,4008e-005
22,021	99,964	-158,56	-4,0951e-005
20,206	99,833	-158,69	-3,2915e-005
20,161	99,829	-156,21	-4,5752e-005
22,035	99,965	-151,1	-8,0771e-005
22,03	99,964	-153,6	-6,7125e-005
20,166	99,83	-153,76	-5,8936e-005
20,122	99,827	-151,28	-7,2377e-005
22,044	99,965	-146,15	-1,0866e-004
22,039	99,965	-148,65	-9,4449e-005
20,126	99,827	-148,82	-8,6136e-005
20,083	99,824	-146,34	-1,0011e-004
22,054	99,966	-141,19	-1,3765e-004
22,049	99,966	-143,69	-1,2288e-004
20,088	99,824	-143,89	-1,1442e-004
20,221	99,834	-141,1	-1,3148e-004
22,064	99,967	-136,24	-1,677e-004
22,059	99,966	-138,74	-1,5241e-004
20,226	99,834	-138,64	-1,4635e-004
20,166	99,83	-135,93	-1,6287e-004
22,075	99,968	-131,28	-1,9884e-004
22,069	99,967	-133,78	-1,8299e-004
20,263	99,836	-130,92	-1,95e-004
20,172	99,83	-133,48	-1,783e-004
22,086	99,968	-126,33	-2,3105e-004
22,08	99,968	-128,83	-2,1467e-004
20,277	99,837	-125,93	-2,2771e-004
20,269	99,837	-128,46	-2,1097e-004
22,097	99,969	-121,37	-2,643e-004
22,091	99,969	-123,87	-2,474e-004
20,322	99,841	-121,01	-2,6112e-004
20,283	99,838	-123,48	-2,4419e-004
22,109	99,97	-116,42	-2,9851e-004
22,103	99,97	-118,92	-2,8113e-004
20,367	99,844	-116,09	-2,9548e-004
20,328	99,841	-118,56	-2,7811e-004
22,121	99,971	-111,46	-3,337e-004
22,115	99,971	-113,96	-3,1583e-004
20,414	99,847	-111,16	-3,3086e-004
20,373	99,844	-113,64	-3,1293e-004
22,134	99,972	-106,51	-3,6979e-004
22,127	99,972	-109,01	-3,5147e-004
20,464	99,85	-106,22	-3,6725e-004
20,42	99,847	-108,71	-3,4877e-004
22,147	99,973	-101,55	-4,0681e-004
22,14	99,973	-104,05	-3,8802e-004
20,521	99,854	-101,27	-4,0467e-004
20,471	99,851	-103,77	-3,8561e-004
22,16	99,974	-96,597	-4,4472e-004
22,153	99,974	-99,097	-4,2548e-004
20,639	99,863	-96,164	-4,4422e-004
20,528	99,855	-98,81	-4,2345e-004
22,174	99,975	-91,65	-4,8344e-004
22,167	99,975	-94,142	-4,6383e-004
20,646	99,863	-93,709	-4,6346e-004
22,188	99,976	-86,697	-5,2298e-004
22,181	99,976	-89,195	-5,0294e-004
20,726	99,869	-88,781	-5,0284e-004
22,202	99,977	-81,733	-5,6338e-004
22,195	99,977	-84,242	-5,4286e-004
20,818	99,875	-83,849	-5,4302e-004
22,217	99,978	-76,778	-6,0451e-004
22,21	99,978	-79,278	-5,8365e-004
20,929	99,883	-78,913	-5,8405e-004
22,233	99,98	-71,823	-6,4644e-004
22,225	99,979	-74,323	-6,2517e-004
20,859	99,878	-73,673	-6,2808e-004
22,249	99,981	-66,868	-6,8916e-004
22,241	99,98	-69,368	-6,6752e-004
20,932	99,884	-68,763	-6,7042e-004
22,265	99,982	-61,913	-7,3249e-004
22,257	99,981	-64,413	-7,1055e-004
20,907	99,882	-63,988	-7,1206e-004
22,281	99,983	-56,958	-7,7655e-004
22,273	99,983	-59,458	-7,5424e-004
21,088	99,895	-58,987	-7,5668e-004
22,298	99,985	-52,003	-8,2126e-004
22,29	99,984	-54,503	-7,9861e-004
21,199	99,903	-53,995	-8,0174e-004
22,316	99,986	-47,049	-8,6662e-004
22,307	99,985	-49,548	-8,4366e-004
21,236	99,905	-49,137	-8,4614e-004
22,333	99,987	-42,094	-9,1262e-004
22,324	99,987	-44,594	-8,8932e-004
21,541	99,928	-44,308	-8,9115e-004
22,353	99,989	-36,823	-9,6226e-004
22,342	99,988	-39,639	-9,3565e-004
21,404	99,918	-39,467	-9,364e-004
22,371	99,99	-31,914	-1,0092e-003
21,413	99,918	-37,012	-9,5968e-004
19,96	99,816	-32,809	-9,9892e-004
19,616	99,792	-35,101	-9,7655e-004
22,39	99,992	-27,004	-1,0568e-003
19,969	99,816	-30,354	-1,0228e-003
19,977	99,817	-27,985	-1,046e-003
22,409	99,993	-22,094	-1,1053e-003
19,987	99,817	-25,53	-1,0703e-003
19,903	99,812	-23,048	-1,095e-003
22,429	99,995	-17,184	-1,1549e-003
19,913	99,812	-20,593	-1,1198e-003
19,913	99,812	-18,184	-1,1445e-003
22,448	99,996	-12,274	-1,206e-003
19,923	99,813	-15,729	-1,1699e-003
19,708	99,799	-12,941	-1,1993e-003
22,469	99,998	-7,3646	-1,2587e-003
18,99	99,751	-7,7737	-1,2554e-003
19,718	99,799	-10,487	-1,2255e-003
19,	99,752	-5,3189	-1,2826e-003
21,565	99,93	-480,19	-1,0596e-003
21,479	99,923	-477,85	-1,0362e-003
21,479	99,923	-475,35	-1,0114e-003
21,399	99,917	-472,89	-9,8715e-004
21,399	99,917	-470,4	-9,6271e-004
21,319	99,911	-467,93	-9,3865e-004
21,319	99,911	-465,43	-9,1454e-004
21,239	99,906	-462,97	-8,908e-004
21,239	99,906	-460,47	-8,6702e-004
21,16	99,9	-458,01	-8,436e-004
21,16	99,9	-455,51	-8,2015e-004
22,233	99,98	-448,24	-7,5492e-004
21,378	99,916	-450,37	-7,7291e-004
20,933	99,884	-448,1	-7,5126e-004
20,797	99,874	-446,28	-7,3441e-004
21,402	99,918	-39,827	-9,33e-004
21,548	99,928	-42,214	-9,1072e-004
21,539	99,928	-44,713	-8,8737e-004
21,244	99,906	-47,088	-8,6504e-004
21,235	99,905	-49,588	-8,42e-004
21,206	99,903	-51,992	-8,1997e-004
21,197	99,903	-54,492	-7,9724e-004
21,095	99,895	-57,028	-7,7424e-004
21,087	99,895	-59,528	-7,5185e-004
20,913	99,882	-62,074	-7,2896e-004
20,905	99,882	-64,574	-7,0691e-004
20,938	99,884	-66,894	-6,8668e-004
20,93	99,883	-69,394	-6,6495e-004
20,865	99,879	-71,849	-6,4368e-004
20,857	99,878	-74,349	-6,2232e-004
20,935	99,884	-77,134	-5,9896e-004
20,927	99,883	-79,634	-5,7804e-004
20,823	99,876	-82,116	-5,5727e-004
20,816	99,875	-84,625	-5,3669e-004
20,73	99,869	-87,102	-5,1638e-004
20,723	99,869	-89,601	-4,9627e-004
20,65	99,864	-92,074	-4,7639e-004
20,643	99,863	-94,566	-4,5673e-004
20,525	99,855	-99,713	-4,1653e-004
20,468	99,851	-104,71	-3,7851e-004
20,418	99,847	-109,7	-3,4149e-004
20,37	99,844	-114,68	-3,0552e-004
20,325	99,841	-119,64	-2,7058e-004
20,28	99,838	-124,61	-2,3659e-004
20,266	99,837	-129,63	-2,0332e-004
20,169	99,83	-134,69	-1,7061e-004
20,223	99,834	-139,91	-1,3866e-004
20,085	99,824	-145,2	-1,0677e-004
20,124	99,827	-150,17	-7,8521e-005
20,163	99,83	-155,15	-5,1389e-005
20,204	99,832	-160,14	-2,5474e-005
20,247	99,835	-165,12	-7,6824e-007
20,293	99,839	-170,1	2,266e-005
20,439	99,849	-175,44	4,5985e-005
20,402	99,846	-180,69	6,8325e-005
20,436	99,848	-177,94	5,6724e-005
20,585	99,859	-185,39	8,6129e-005
20,399	99,846	-183,19	7,8388e-005
20,659	99,864	-190,37	1,0423e-004
20,582	99,859	-187,89	9,556e-005
20,734	99,869	-195,35	1,2097e-004
20,656	99,864	-192,87	1,1299e-004
20,808	99,875	-200,32	1,3639e-004
20,731	99,869	-197,85	1,2907e-004
20,884	99,88	-205,3	1,5047e-004
20,806	99,875	-202,82	1,4381e-004
20,731	99,869	-210,19	1,641e-004
20,735	99,87	-215,4	1,7638e-004
20,729	99,869	-212,69	1,7019e-004
20,811	99,875	-220,36	1,8633e-004
20,734	99,869	-217,9	1,8176e-004
20,878	99,88	-225,25	1,9482e-004
20,809	99,875	-222,86	1,9101e-004
21,223	99,905	-230,12	2,0055e-004
21,055	99,892	-235,04	2,0762e-004
21,039	99,891	-284,69	1,9398e-004
21,226	99,905	-289,54	1,8423e-004
20,919	99,883	-294,37	1,7572e-004
20,898	99,881	-299,23	1,6441e-004
20,832	99,876	-304,14	1,5184e-004
20,752	99,871	-309,14	1,3774e-004
20,574	99,858	-314,14	1,2273e-004
20,624	99,862	-318,9	1,0609e-004
20,735	99,869	-324,12	8,6214e-005
20,66	99,864	-329,05	6,6947e-005
20,586	99,859	-333,98	4,6317e-005
20,443	99,849	-338,56	2,6282e-005
20,427	99,848	-343,83	1,3163e-006
20,431	99,848	-346,27	-1,0835e-005
20,344	99,842	-348,75	-2,3018e-005
20,348	99,842	-351,21	-3,5874e-005
20,294	99,839	-353,69	-4,8866e-005
20,298	99,839	-356,15	-6,2233e-005
20,222	99,834	-358,62	-7,5692e-005
20,227	99,834	-361,07	-8,9666e-005
20,151	99,829	-363,55	-1,0376e-004
20,155	99,829	-366,	-1,1832e-004
20,08	99,824	-368,48	-1,3301e-004
20,084	99,824	-370,93	-1,4815e-004
20,165	99,83	-373,6	-1,652e-004
20,17	99,83	-376,05	-1,8089e-004
20,149	99,829	-378,69	-1,9799e-004
20,154	99,829	-381,14	-2,1424e-004
20,273	99,837	-383,8	-2,3259e-004
20,244	99,835	-388,91	-2,6769e-004
20,279	99,838	-386,26	-2,494e-004
20,302	99,839	-393,84	-3,03e-004
20,249	99,835	-391,36	-2,8505e-004
20,206	99,832	-398,9	-3,3985e-004
20,307	99,84	-396,29	-3,2085e-004
20,266	99,837	-403,84	-3,7718e-004
20,211	99,833	-401,36	-3,5823e-004
20,328	99,841	-408,77	-4,1547e-004
20,272	99,837	-406,29	-3,9603e-004
20,393	99,845	-413,71	-4,5468e-004
20,334	99,841	-411,22	-4,3477e-004
20,461	99,85	-418,64	-4,9474e-004
20,399	99,846	-416,16	-4,7443e-004
20,572	99,858	-423,57	-5,3579e-004
20,467	99,851	-421,09	-5,1493e-004
20,736	99,87	-428,84	-5,8073e-004
20,579	99,858	-426,02	-5,5639e-004
20,743	99,87	-431,29	-6,0173e-004
20,855	99,878	-436,21	-6,4464e-004
20,929	99,883	-441,15	-6,8851e-004
-21,395	99,917	-480,59	-1,2207e-003
-21,577	99,93	-475,74	-1,174e-003
-21,236	99,905	-470,9	-1,1236e-003
-21,199	99,903	-466,05	-1,0761e-003
-21,088	99,895	-461,06	-1,0274e-003
-20,907	99,882	-456,07	-9,7862e-004
-20,932	99,884	-451,3	-9,3443e-004
-20,859	99,878	-446,39	-8,8876e-004
-21,559	99,929	-39,47	-1,0949e-003
-21,478	99,923	-44,278	-1,0491e-003
-21,398	99,917	-49,194	-1,003e-003
-21,317	99,911	-54,117	-9,5737e-004
-21,237	99,906	-59,039	-9,1242e-004
-21,158	99,9	-63,96	-8,681e-004
-21,158	99,9	-66,415	-8,466e-004
-21,376	99,916	-69,052	-8,2567e-004
-21,034	99,891	-235,2	5,3417e-005
-21,224	99,905	-232,78	4,8191e-005
-21,225	99,905	-230,28	4,4889e-005
-20,917	99,882	-227,89	4,5232e-005
-20,918	99,883	-225,39	4,1253e-005
-20,895	99,881	-222,98	3,7386e-005
-20,897	99,881	-220,48	3,2733e-005
-20,829	99,876	-218,02	2,8653e-005
-20,831	99,876	-215,52	2,33e-005
-20,75	99,871	-212,98	1,8494e-005
-20,752	99,871	-210,48	1,2414e-005
-20,571	99,858	-207,93	8,1033e-006
-20,573	99,858	-205,43	1,3419e-006
-20,621	99,861	-203,11	-5,8055e-006
-20,623	99,862	-200,61	-1,3223e-005
-20,731	99,869	-197,85	-2,3097e-005
-20,734	99,869	-195,35	-3,1209e-005
-20,656	99,864	-192,87	-3,865e-005
-20,659	99,864	-190,37	-4,7429e-005
-20,487	99,852	-188,21	-5,3217e-005
-20,49	99,852	-185,71	-6,2652e-005
-20,439	99,849	-183,25	-7,1615e-005
-20,442	99,849	-180,75	-8,1691e-005
-20,436	99,848	-177,94	-9,3345e-005
-20,439	99,849	-175,44	-1,041e-004
-20,362	99,843	-170,27	-1,2638e-004
-20,329	99,841	-165,27	-1,4966e-004
-20,303	99,839	-160,31	-1,7409e-004
-20,278	99,837	-155,34	-1,9976e-004
-20,251	99,836	-150,37	-2,2663e-004
-20,248	99,835	-145,33	-2,553e-004
-20,15	99,829	-140,24	-2,844e-004
-20,228	99,834	-135,07	-3,1701e-004
-20,223	99,834	-129,94	-3,4968e-004
-20,149	99,829	-124,8	-3,8284e-004
-20,208	99,833	-119,83	-4,1737e-004
-20,269	99,837	-114,84	-4,5291e-004
-20,331	99,841	-109,86	-4,8942e-004
-20,396	99,846	-104,88	-5,269e-004
-20,464	99,85	-99,897	-5,6525e-004
-20,643	99,863	-94,566	-6,0834e-004
-20,723	99,869	-89,601	-6,4846e-004
-20,65	99,864	-92,074	-6,2806e-004
-20,816	99,875	-84,625	-6,8957e-004
-20,73	99,869	-87,102	-6,6863e-004
-20,927	99,883	-79,634	-7,3174e-004
-20,823	99,876	-82,116	-7,1021e-004
-20,795	99,874	-74,459	-7,7401e-004
-20,935	99,884	-77,134	-7,5272e-004
-20,929	99,883	-441,15	-8,4227e-004
-20,855	99,878	-436,21	-7,9783e-004
-20,743	99,87	-431,29	-7,541e-004
-20,736	99,87	-428,84	-7,3305e-004
-20,523	99,855	-426,26	-7,0906e-004
-20,516	99,854	-423,81	-6,8838e-004
-20,552	99,857	-421,44	-6,6903e-004
-20,546	99,856	-418,99	-6,4876e-004
-20,459	99,85	-416,51	-6,2772e-004
-20,453	99,85	-414,06	-6,079e-004
-20,366	99,844	-411,58	-5,873e-004
-20,36	99,843	-409,13	-5,6792e-004
-20,274	99,837	-406,66	-5,4776e-004
-20,268	99,837	-404,2	-5,2884e-004
-20,182	99,831	-401,73	-5,0914e-004
-20,176	99,83	-399,28	-4,9068e-004
-20,224	99,834	-396,63	-4,7162e-004
-20,218	99,833	-394,18	-4,5369e-004
-20,185	99,831	-391,69	-4,3543e-004
-20,179	99,831	-389,24	-4,1801e-004
-20,172	99,83	-386,64	-3,9977e-004
-20,284	99,838	-381,49	-3,6596e-004
-20,167	99,83	-384,18	-3,8289e-004
-20,234	99,834	-376,38	-3,3186e-004
-20,279	99,838	-379,03	-3,4965e-004
-20,273	99,837	-371,45	-3,0099e-004
-20,23	99,834	-373,93	-3,161e-004
-20,167	99,83	-366,37	-2,6872e-004
-20,269	99,837	-369,	-2,8577e-004
-20,208	99,833	-361,44	-2,4015e-004
-20,163	99,83	-363,92	-2,541e-004
-20,25	99,835	-356,5	-2,1275e-004
-20,204	99,832	-358,99	-2,2609e-004
-20,289	99,838	-351,57	-1,8657e-004
-20,246	99,835	-354,05	-1,993e-004
-20,431	99,848	-346,27	-1,609e-004
-20,285	99,838	-349,11	-1,7364e-004
-20,427	99,848	-343,83	-1,4874e-004
-20,41	99,847	-338,65	-1,2387e-004
-20,464	99,85	-333,75	-1,0242e-004
-20,66	99,864	-329,05	-8,4835e-005
-20,735	99,869	-324,12	-6,6081e-005
-20,809	99,875	-319,19	-4,8666e-005
-20,734	99,869	-311,88	-2,2939e-005
-20,885	99,88	-314,27	-3,2537e-005
-20,732	99,869	-309,43	-1,5235e-005
-20,736	99,87	-304,27	-2,4985e-007
-20,812	99,875	-299,36	1,1744e-005
-21,226	99,905	-292,15	2,3141e-005
-20,879	99,88	-294,52	2,2336e-005
-21,066	99,893	-287,29	3,4648e-005
-21,225	99,905	-289,69	2,8134e-005
-21,065	99,893	-284,84	3,8992e-005
20,339	99,842	-232,66	2,0837e-004
18,784	99,738	-236,64	2,2075e-004
17,668	99,668	-233,51	2,2274e-004
20,609	99,861	-42,041	-9,1142e-004
18,667	99,73	-37,744	-9,505e-004
17,793	99,676	-40,044	-9,278e-004
20,159	99,829	-227,87	2,0258e-004
17,835	99,678	-231,09	2,1882e-004
17,756	99,674	-228,61	2,1561e-004
20,46	99,85	-46,802	-8,6683e-004
17,939	99,685	-42,431	-9,0527e-004
18,059	99,692	-45,1	-8,8021e-004
19,744	99,801	-223,11	1,9673e-004
17,565	99,662	-224,04	2,0906e-004
17,409	99,653	-226,24	2,1357e-004
20,135	99,828	-51,58	-8,224e-004
17,763	99,674	-47,474	-8,5769e-004
17,958	99,686	-49,911	-8,3522e-004
19,598	99,791	-218,26	1,8807e-004
17,496	99,658	-221,65	2,0506e-004
17,086	99,634	-219,1	2,02e-004
20,004	99,819	-56,52	-7,7731e-004
17,929	99,684	-52,315	-8,1301e-004
17,478	99,657	-54,634	-7,9116e-004
19,514	99,786	-213,09	1,7704e-004
17,009	99,629	-216,64	1,9721e-004
17,295	99,646	-214,19	1,9032e-004
19,728	99,8	-61,603	-7,3135e-004
17,376	99,651	-57,17	-7,6791e-004
17,623	99,666	-59,92	-7,4335e-004
19,658	99,795	-207,99	1,6362e-004
17,288	99,646	-211,48	1,8388e-004
16,943	99,625	-208,77	1,7859e-004
19,588	99,79	-66,469	-6,8815e-004
17,449	99,655	-62,467	-7,2025e-004
17,29	99,646	-64,98	-6,9761e-004
19,73	99,8	-203,13	1,4981e-004
17,016	99,63	-203,9	1,6488e-004
17,094	99,634	-206,38	1,7154e-004
19,555	99,788	-71,244	-6,4654e-004
17,323	99,648	-67,299	-6,7716e-004
17,048	99,631	-69,667	-6,5591e-004
19,575	99,79	-198,17	1,3551e-004
16,938	99,625	-201,42	1,5793e-004
17,179	99,639	-199,08	1,4958e-004
19,568	99,789	-76,485	-6,0178e-004
16,983	99,628	-72,123	-6,3442e-004
16,895	99,623	-74,6	-6,1285e-004
19,42	99,779	-193,21	1,1989e-004
17,102	99,635	-196,61	1,4197e-004
16,936	99,625	-194,31	1,35e-004
19,542	99,787	-81,752	-5,576e-004
16,973	99,627	-77,385	-5,8917e-004
16,882	99,622	-79,848	-5,6814e-004
19,266	99,769	-188,26	1,0291e-004
16,859	99,62	-191,84	1,2673e-004
16,719	99,612	-189,42	1,1866e-004
19,353	99,775	-86,71	-5,1645e-004
16,778	99,616	-82,33	-5,4714e-004
16,856	99,62	-85,127	-5,2406e-004
19,002	99,752	-183,58	8,6145e-005
16,642	99,608	-186,94	1,0971e-004
16,553	99,603	-184,47	1,0048e-004
19,195	99,764	-91,66	-4,7621e-004
16,771	99,615	-87,604	-5,0356e-004
16,68	99,61	-90,019	-4,8368e-004
18,849	99,742	-178,63	6,6548e-005
16,366	99,593	-182,27	9,2441e-005
16,285	99,588	-179,79	8,254e-005
19,01	99,752	-96,78	-4,3541e-004
16,607	99,606	-92,492	-4,6363e-004
16,577	99,604	-94,957	-4,4388e-004
18,733	99,734	-173,04	4,2669e-005
16,319	99,59	-177,04	7,0611e-005
16,238	99,585	-174,56	6,0025e-005
18,849	99,742	-101,93	-3,9527e-004
16,466	99,598	-97,603	-4,2276e-004
16,404	99,595	-100,08	-4,0331e-004
18,533	99,722	-167,72	1,8841e-005
16,088	99,577	-171,73	4,7758e-005
16,034	99,574	-169,24	3,6335e-005
18,754	99,736	-106,92	-3,5741e-004
16,354	99,592	-102,58	-3,839e-004
16,281	99,588	-105,09	-3,6458e-004
18,435	99,716	-162,76	-5,0715e-006
15,984	99,571	-166,76	2,4616e-005
15,955	99,57	-164,25	1,2324e-005
18,669	99,73	-111,88	-3,2069e-004
16,237	99,585	-107,57	-3,4576e-004
16,158	99,581	-110,08	-3,2686e-004
18,343	99,71	-157,79	-3,0249e-005
15,908	99,567	-161,76	-6,3455e-008
15,806	99,562	-159,3	-1,2431e-005
18,588	99,725	-116,82	-2,8507e-004
16,116	99,579	-112,56	-3,0858e-004
16,051	99,575	-115,	-2,9065e-004
18,254	99,704	-152,83	-5,6628e-005
15,761	99,559	-156,82	-2,5449e-005
15,71	99,557	-154,34	-3,8676e-005
18,51	99,72	-121,75	-2,5045e-004
16,013	99,573	-117,47	-2,729e-004
15,953	99,57	-119,91	-2,555e-004
18,166	99,699	-147,87	-8,419e-005
15,666	99,554	-151,86	-5,2259e-005
15,65	99,553	-149,32	-6,663e-005
18,462	99,717	-126,74	-2,1646e-004
15,913	99,568	-122,37	-2,3822e-004
15,836	99,563	-124,84	-2,2099e-004
18,256	99,704	-142,6	-1,1537e-004
15,607	99,551	-146,84	-8,0801e-005
15,393	99,54	-143,9	-9,7444e-005
18,362	99,711	-131,83	-1,8273e-004
15,828	99,563	-127,37	-2,0389e-004
15,975	99,571	-130,18	-1,8564e-004
18,33	99,709	-137,1	-1,492e-004
15,526	99,547	-141,11	-1,1477e-004
15,939	99,569	-138,24	-1,3392e-004
15,883	99,566	-132,74	-1,6865e-004
15,88	99,566	-135,53	-1,5076e-004
14,032	99,471	-255,16	2,5377e-004
17,027	99,63	-253,86	2,3923e-004
9,4397	99,287	-254,6	2,7297e-004
15,06	99,522	-253,4	2,4889e-004
11,518	99,362	-252,	2,6471e-004
6,1404	99,2	-251,77	2,8147e-004
8,8925	99,27	-251,89	2,7451e-004
8,0792	99,247	-5,1625	-1,293e-003
5,049	99,179	-6,6987	-1,2798e-003
12,833	99,416	-5,6188	-1,2828e-003
7,1164	99,222	-7,0459	-1,2722e-003
10,722	99,332	-8,2644	-1,2541e-003
16,247	99,586	-8,4409	-1,2491e-003
13,408	99,442	-8,3736	-1,2511e-003
17,564	99,662	-28,88	-1,036e-003
17,213	99,641	-33,541	-9,901e-004
15,225	99,531	-29,707	-1,0268e-003
15,219	99,531	-32,04	-1,0037e-003
17,489	99,657	-24,029	-1,0845e-003
15,233	99,531	-27,339	-1,0505e-003
15,27	99,533	-25,078	-1,0733e-003
17,406	99,653	-19,138	-1,1344e-003
15,187	99,529	-22,595	-1,0985e-003
15,243	99,532	-20,29	-1,1223e-003
17,191	99,64	-13,942	-1,189e-003
15,243	99,532	-17,882	-1,1474e-003
15,521	99,547	-15,789	-1,1695e-003
5,2255	99,182	-246,25	2,8063e-004
8,2192	99,251	-249,17	2,7576e-004
7,1567	99,223	-247,2	2,7778e-004
4,9264	99,177	-240,98	2,7729e-004
6,9153	99,217	-244,41	2,7668e-004
7,1659	99,223	-242,28	2,7467e-004
4,6192	99,172	-235,85	2,7238e-004
7,1082	99,222	-239,79	2,7264e-004
7,3128	99,227	-236,74	2,6916e-004
4,3697	99,168	-230,76	2,6582e-004
7,0633	99,22	-234,1	2,6666e-004
6,4878	99,207	-231,71	2,6463e-004
4,3697	99,168	-225,85	2,5809e-004
6,4878	99,207	-229,25	2,611e-004
6,3938	99,205	-227,32	2,582e-004
4,3697	99,168	-220,94	2,4887e-004
6,3938	99,205	-224,87	2,5407e-004
6,3721	99,205	-222,57	2,499e-004
4,3697	99,168	-216,03	2,3834e-004
6,3721	99,205	-220,12	2,4497e-004
6,8205	99,215	-217,57	2,3869e-004
4,3697	99,168	-211,12	2,264e-004
6,8205	99,215	-215,12	2,3319e-004
6,4057	99,205	-212,59	2,2784e-004
4,3697	99,168	-206,21	2,1297e-004
6,4057	99,205	-210,13	2,2155e-004
6,8874	99,216	-207,49	2,1346e-004
4,3697	99,168	-201,3	1,9808e-004
6,8874	99,216	-205,04	2,0653e-004
6,729	99,213	-202,75	1,9991e-004
4,3697	99,168	-196,39	1,8175e-004
6,729	99,213	-200,3	1,9225e-004
6,334	99,204	-197,84	1,8478e-004
4,3697	99,168	-191,48	1,6405e-004
6,334	99,204	-195,38	1,7633e-004
6,8788	99,216	-192,91	1,6664e-004
4,3697	99,168	-186,57	1,4503e-004
6,8788	99,216	-190,46	1,5745e-004
6,7477	99,213	-187,61	1,4676e-004
4,3697	99,168	-181,66	1,2453e-004
6,7477	99,213	-185,15	1,3694e-004
6,693	99,212	-182,87	1,2756e-004
4,3697	99,168	-176,75	1,03e-004
6,693	99,212	-180,42	1,1712e-004
6,6541	99,211	-177,97	1,065e-004
4,3697	99,168	-171,84	8,0101e-005
6,6541	99,211	-175,51	9,5327e-005
6,6323	99,21	-173,01	8,3774e-005
4,3697	99,168	-166,93	5,5921e-005
6,6323	99,21	-170,55	7,2057e-005
6,5807	99,209	-168,05	5,9804e-005
4,3697	99,168	-162,02	3,0577e-005
6,5807	99,209	-165,59	4,7516e-005
6,5438	99,208	-163,06	3,4543e-005
4,3697	99,168	-157,11	3,9997e-006
6,5438	99,208	-160,61	2,1575e-005
6,5028	99,208	-158,5	1,026e-005
4,3697	99,168	-152,2	-2,3814e-005
6,5028	99,208	-156,04	-3,2279e-006
6,472	99,207	-153,08	-1,9894e-005
4,3697	99,168	-147,29	-5,277e-005
6,472	99,207	-150,62	-3,4149e-005
6,4304	99,206	-148,25	-4,8007e-005
4,3697	99,168	-142,38	-8,2986e-005
6,4304	99,206	-145,8	-6,2751e-005
6,0912	99,199	-143,54	-7,6331e-005
4,3697	99,168	-137,47	-1,1432e-004
6,0912	99,199	-141,08	-9,1607e-005
6,5408	99,208	-139,02	-1,0516e-004
4,3697	99,168	-132,56	-1,4684e-004
6,5408	99,208	-136,57	-1,2096e-004
6,5773	99,209	-133,99	-1,3794e-004
4,3697	99,168	-127,65	-1,8044e-004
6,5773	99,209	-131,54	-1,5438e-004
6,5672	99,209	-128,95	-1,7194e-004
4,3697	99,168	-122,74	-2,1493e-004
6,5672	99,209	-126,5	-1,8888e-004
6,6174	99,21	-123,82	-2,0772e-004
4,3697	99,168	-117,83	-2,5052e-004
6,6174	99,21	-121,36	-2,2523e-004
6,6328	99,21	-119,08	-2,4169e-004
4,3697	99,168	-112,92	-2,8704e-004
6,6328	99,21	-116,62	-2,5965e-004
6,6527	99,211	-114,14	-2,7801e-004
4,3697	99,168	-108,01	-3,2445e-004
6,6527	99,211	-111,69	-2,9641e-004
6,696	99,212	-109,18	-3,1544e-004
4,3697	99,168	-103,1	-3,6283e-004
6,696	99,212	-106,73	-3,3431e-004
6,7778	99,214	-104,08	-3,5488e-004
4,3697	99,168	-98,195	-4,0204e-004
6,7778	99,214	-101,63	-3,7431e-004
6,777	99,214	-99,383	-3,9212e-004
4,3697	99,168	-93,285	-4,4213e-004
6,777	99,214	-96,928	-4,1186e-004
6,8024	99,214	-94,464	-4,3195e-004
4,3697	99,168	-88,376	-4,8307e-004
6,8024	99,214	-92,009	-4,5208e-004
6,8304	99,215	-89,572	-4,7235e-004
4,3697	99,168	-83,466	-5,2489e-004
6,8304	99,215	-87,117	-4,9289e-004
6,8982	99,217	-84,518	-5,15e-004
4,3697	99,168	-78,556	-5,6754e-004
6,8982	99,217	-82,064	-5,3601e-004
6,8854	99,216	-79,842	-5,5522e-004
4,3697	99,168	-73,646	-6,1099e-004
6,8854	99,216	-77,388	-5,7665e-004
6,9408	99,218	-74,869	-5,9884e-004
4,3697	99,168	-68,737	-6,552e-004
6,9408	99,218	-72,414	-6,2062e-004
7,0294	99,22	-69,464	-6,4707e-004
4,3697	99,168	-63,827	-7,0016e-004
7,0294	99,22	-67,009	-6,693e-004
6,3665	99,205	-64,97	-6,8803e-004
4,3697	99,168	-58,917	-7,4572e-004
6,3665	99,205	-62,515	-7,1062e-004
6,3694	99,205	-60,378	-7,3037e-004
4,5525	99,171	-53,824	-7,9345e-004
6,3694	99,205	-57,923	-7,5325e-004
7,0069	99,219	-55,058	-7,7987e-004
4,5525	99,171	-48,915	-8,4032e-004
7,1897	99,224	-52,42	-8,0467e-004
6,8411	99,215	-50,087	-8,2701e-004
4,5521	99,171	-44,354	-8,8444e-004
6,6583	99,211	-47,815	-8,489e-004
6,5426	99,208	-45,622	-8,7011e-004
4,6894	99,173	-39,655	-9,3032e-004
6,725	99,213	-43,333	-8,9218e-004
7,2098	99,224	-40,937	-9,1526e-004
4,5069	99,17	-34,579	-9,8109e-004
7,1646	99,223	-38,527	-9,3895e-004
6,7459	99,213	-36,007	-9,642e-004
4,3697	99,168	-29,459	-1,0331e-003
6,6087	99,21	-33,342	-9,9094e-004
6,4994	99,207	-31,06	-1,0141e-003
4,4639	99,169	-24,848	-1,0806e-003
6,4994	99,207	-28,605	-1,039e-003
6,5035	99,208	-26,163	-1,0641e-003
4,652	99,172	-20,358	-1,1276e-003
6,5976	99,21	-24,007	-1,0864e-003
6,7297	99,213	-21,764	-1,1098e-003
5,1065	99,18	-15,698	-1,1773e-003
6,8237	99,215	-19,43	-1,1345e-003
7,0808	99,221	-17,163	-1,1586e-003
4,7765	99,174	-10,977	-1,2306e-003
8,3828	99,255	-12,196	-1,2117e-003
7,4412	99,23	-14,837	-1,1835e-003
7,6925	99,236	-9,8007	-1,2395e-003
17,266	99,644	-249,88	2,3735e-004
14,513	99,495	-250,69	2,5105e-004
16,778	99,616	-245,	2,3755e-004
13,725	99,457	-248,48	2,5394e-004
14,622	99,5	-245,72	2,4844e-004
17,237	99,643	-240,27	2,3188e-004
14,922	99,515	-243,06	2,453e-004
15,244	99,532	-240,4	2,4169e-004
14,138	99,476	-11,087	-1,2206e-003
15,306	99,535	-13,001	-1,1994e-003
15,995	99,572	-38,133	-9,448e-004
14,875	99,513	-34,332	-9,8106e-004
14,871	99,513	-36,225	-9,6256e-004
16,279	99,588	-235,07	2,3136e-004
15,402	99,54	-238,33	2,3905e-004
15,084	99,524	-229,46	2,2967e-004
12,46	99,4	-233,46	2,471e-004
14,286	99,484	-235,2	2,4098e-004
13,415	99,442	-230,67	2,3916e-004
15,241	99,532	-43,103	-8,9662e-004
12,403	99,398	-40,122	-9,234e-004
13,997	99,47	-38,525	-9,3974e-004
13,68	99,455	-41,876	-9,0719e-004
15,161	99,528	-224,78	2,2181e-004
14,906	99,515	-220,03	2,1411e-004
13,62	99,452	-221,68	2,2322e-004
13,605	99,451	-223,73	2,2713e-004
13,336	99,439	-228,19	2,3579e-004
13,449	99,444	-225,92	2,3161e-004
15,556	99,548	-48,208	-8,4864e-004
13,8	99,46	-44,546	-8,8177e-004
13,838	99,462	-46,584	-8,6243e-004
15,3	99,535	-52,965	-8,0405e-004
14,033	99,471	-49,021	-8,396e-004
13,958	99,468	-51,059	-8,2041e-004
14,782	99,508	-215,03	2,0395e-004
11,884	99,376	-217,07	2,2122e-004
13,21	99,433	-219,13	2,1997e-004
13,144	99,43	-215,59	2,1258e-004
15,096	99,524	-58,034	-7,5721e-004
12,246	99,391	-54,469	-7,8711e-004
13,507	99,447	-53,379	-7,9839e-004
13,427	99,443	-56,794	-7,667e-004
14,723	99,505	-209,87	1,9168e-004
13,43	99,443	-213,14	2,0561e-004
13,376	99,441	-211,4	2,0155e-004
15,184	99,529	-63,297	-7,0965e-004
13,675	99,454	-59,544	-7,4176e-004
13,401	99,442	-61,82	-7,2071e-004
14,75	99,507	-68,178	-6,6547e-004
12,357	99,396	-66,773	-6,7479e-004
13,241	99,435	-64,333	-6,9779e-004
14,299	99,484	-204,68	1,7942e-004
14,463	99,492	-199,86	1,6417e-004
11,813	99,373	-204,26	1,8875e-004
11,655	99,367	-201,98	1,8251e-004
12,777	99,414	-200,52	1,7346e-004
11,891	99,377	-206,74	1,9551e-004
13,03	99,425	-208,69	1,9605e-004
14,387	99,489	-73,024	-6,2234e-004
11,993	99,381	-72,091	-6,2707e-004
12,082	99,384	-69,141	-6,5332e-004
14,539	99,496	-195,23	1,4869e-004
13,019	99,425	-198,18	1,6498e-004
13,162	99,431	-196,56	1,5905e-004
14,207	99,48	-77,963	-5,7935e-004
11,85	99,375	-77,087	-5,8322e-004
11,905	99,377	-74,569	-6,0522e-004
14,234	99,481	-190,52	1,3338e-004
11,881	99,376	-192,41	1,4979e-004
12,997	99,424	-194,27	1,519e-004
14,195	99,479	-83,223	-5,3474e-004
11,771	99,372	-81,771	-5,4293e-004
11,759	99,371	-79,55	-5,6189e-004
14,005	99,47	-185,63	1,1574e-004
11,741	99,371	-189,99	1,4148e-004
11,61	99,365	-187,15	1,311e-004
14,182	99,479	-88,436	-4,9144e-004
11,782	99,372	-87,167	-4,9753e-004
11,85	99,375	-84,569	-5,1939e-004
13,835	99,462	-180,68	9,6305e-005
11,521	99,362	-184,67	1,2167e-004
11,466	99,36	-182,39	1,1255e-004
14,061	99,473	-93,316	-4,5148e-004
11,663	99,367	-92,019	-4,5739e-004
11,691	99,369	-89,582	-4,7739e-004
13,673	99,454	-175,73	7,5499e-005
11,385	99,357	-179,92	1,024e-004
11,346	99,355	-177,47	9,187e-005
13,97	99,468	-98,253	-4,1195e-004
11,608	99,365	-96,948	-4,1749e-004
11,633	99,366	-94,484	-4,373e-004
13,538	99,448	-170,77	5,324e-005
11,266	99,352	-174,99	8,1055e-005
11,244	99,351	-172,48	6,958e-005
13,835	99,462	-103,23	-3,7281e-004
11,547	99,363	-101,67	-3,8006e-004
11,546	99,363	-99,421	-3,9773e-004
13,455	99,444	-165,77	2,9372e-005
11,19	99,349	-170,	5,8004e-005
11,138	99,347	-167,49	4,6008e-005
13,683	99,455	-108,25	-3,3425e-004
11,393	99,357	-106,82	-3,3996e-004
11,474	99,36	-104,17	-3,6044e-004
13,325	99,438	-160,79	4,4846e-006
11,109	99,346	-164,98	3,359e-005
11,072	99,345	-162,45	2,0765e-005
13,539	99,448	-113,21	-2,9707e-004
11,27	99,352	-111,83	-3,0193e-004
11,313	99,354	-109,33	-3,2077e-004
13,172	99,431	-155,85	-2,1346e-005
10,97	99,341	-159,99	8,1853e-006
10,929	99,339	-157,88	-3,0093e-006
13,415	99,442	-118,09	-2,6139e-004
11,185	99,349	-116,76	-2,6554e-004
11,205	99,35	-114,28	-2,8372e-004
13,105	99,428	-150,83	-4,9161e-005
10,879	99,337	-155,4	-1,6361e-005
10,848	99,336	-152,44	-3,2859e-005
13,278	99,436	-123,	-2,2636e-004
11,11	99,346	-121,48	-2,3153e-004
11,126	99,347	-119,2	-2,4786e-004
12,876	99,418	-145,34	-8,0463e-005
10,832	99,336	-149,89	-4,7413e-005
10,791	99,334	-147,52	-6,1226e-005
13,348	99,439	-128,28	-1,9039e-004
10,983	99,341	-126,64	-1,9531e-004
11,033	99,343	-123,95	-2,1402e-004
13,075	99,427	-139,53	-1,1652e-004
10,577	99,326	-144,58	-7,8215e-005
10,238	99,314	-142,32	-9,1149e-005
10,687	99,33	-140,26	-1,0512e-004
13,492	99,446	-133,88	-1,5382e-004
11,14	99,347	-132,03	-1,5931e-004
11,13	99,347	-129,45	-1,7657e-004
11,101	99,346	-137,39	-1,2435e-004
11,137	99,347	-134,82	-1,4101e-004
9,9086	99,303	-247,33	2,6941e-004
11,868	99,376	-246,53	2,6125e-004
12,467	99,401	-12,933	-1,201e-003
10,356	99,318	-13,66	-1,194e-003
12,886	99,419	-30,498	-1,0182e-003
12,93	99,421	-25,905	-1,0645e-003
10,761	99,333	-29,186	-1,0311e-003
10,765	99,333	-26,744	-1,0559e-003
10,864	99,337	-33,8	-9,8494e-004
10,755	99,333	-31,518	-1,0077e-003
12,877	99,418	-34,723	-9,7632e-004
13,023	99,425	-21,339	-1,1114e-003
10,802	99,334	-24,483	-1,079e-003
10,934	99,339	-22,24	-1,1022e-003
13,357	99,44	-16,94	-1,1576e-003
10,99	99,341	-19,935	-1,1264e-003
11,247	99,351	-17,667	-1,1503e-003
11,526	99,362	-15,574	-1,1727e-003
9,0968	99,277	-243,22	2,6984e-004
10,806	99,335	-244,57	2,6449e-004
9,5519	99,291	-238,04	2,6386e-004
11,056	99,344	-242,43	2,6201e-004
11,378	99,356	-239,78	2,5848e-004
9,1811	99,279	-232,59	2,5875e-004
11,583	99,364	-236,73	2,5461e-004
10,712	99,331	-232,2	2,5264e-004
8,5116	99,259	-228,27	2,5461e-004
10,136	99,311	-229,8	2,5148e-004
8,3959	99,256	-224,05	2,477e-004
10,042	99,307	-227,88	2,4879e-004
10,155	99,311	-225,61	2,4466e-004
8,8226	99,268	-219,21	2,37e-004
10,149	99,311	-221,27	2,3669e-004
10,133	99,311	-223,31	2,4055e-004
8,8562	99,269	-214,13	2,2553e-004
10,597	99,327	-218,72	2,2985e-004
10,532	99,325	-215,18	2,2226e-004
8,923	99,271	-208,96	2,1226e-004
10,117	99,31	-212,66	2,1774e-004
10,062	99,308	-210,92	2,136e-004
9,2463	99,281	-204,04	1,9734e-004
10,544	99,325	-208,27	2,0489e-004
8,693	99,264	-199,29	1,8419e-004
10,211	99,313	-200,29	1,8257e-004
8,8428	99,269	-194,36	1,6703e-004
9,8157	99,3	-197,84	1,7595e-004
9,9591	99,305	-196,22	1,7002e-004
9,2564	99,282	-189,04	1,4628e-004
10,504	99,324	-193,75	1,5958e-004
9,0705	99,276	-183,91	1,2653e-004
8,977	99,273	-179,18	1,0677e-004
8,9164	99,271	-174,22	8,4681e-005
8,843	99,269	-169,21	6,1081e-005
8,7545	99,266	-164,18	3,6157e-005
8,6766	99,264	-159,54	1,2045e-005
8,6048	99,262	-154,47	-1,5667e-005
8,5324	99,26	-149,13	-4,6156e-005
8,1517	99,249	-144,5	-7,3169e-005
8,2621	99,252	-140,18	-1,002e-004
8,748	99,266	-135,54	-1,3082e-004
8,7744	99,267	-130,38	-1,6511e-004
8,8145	99,268	-125,11	-2,0135e-004
8,8801	99,27	-120,15	-2,366e-004
8,9154	99,271	-115,38	-2,7132e-004
8,9786	99,273	-110,4	-3,0855e-004
9,1037	99,277	-105,25	-3,4806e-004
9,1847	99,279	-100,36	-3,8647e-004
9,2093	99,28	-95,651	-4,2421e-004
9,2626	99,282	-90,75	-4,643e-004
9,3584	99,285	-85,715	-5,064e-004
9,4134	99,287	-80,895	-5,4752e-004
9,456	99,288	-76,155	-5,8864e-004
9,6	99,293	-70,686	-6,371e-004
9,0259	99,274	-65,697	-6,8165e-004
10,573	99,326	-65,296	-6,8633e-004
8,3659	99,255	-61,521	-7,1956e-004
9,9105	99,303	-63,257	-7,0438e-004
9,0061	99,274	-56,519	-7,6607e-004
10,188	99,312	-58,844	-7,4506e-004
9,9134	99,303	-61,12	-7,2395e-004
9,295	99,283	-51,321	-8,1502e-004
10,904	99,338	-52,564	-8,0396e-004
10,825	99,335	-55,978	-7,7202e-004
8,8308	99,268	-46,794	-8,5803e-004
10,631	99,328	-48,193	-8,4515e-004
10,556	99,325	-50,231	-8,2577e-004
9,1998	99,28	-42,205	-9,0235e-004
10,477	99,323	-43,96	-8,8559e-004
10,515	99,324	-45,999	-8,6603e-004
9,2659	99,282	-37,29	-9,5043e-004
11,279	99,352	-38,213	-9,4155e-004
10,962	99,34	-41,565	-9,0889e-004
8,738	99,266	-32,488	-9,9823e-004
10,86	99,337	-35,693	-9,6621e-004
8,6328	99,263	-27,764	-1,0461e-003
8,769	99,267	-23,079	-1,0943e-003
9,1581	99,278	-18,568	-1,1417e-003
13,087	99,428	-241,12	2,5227e-004
11,779	99,372	-227,14	2,4084e-004
12,277	99,393	-45,358	-8,7301e-004
11,907	99,377	-222,82	2,3281e-004
12,239	99,391	-49,435	-8,3429e-004
11,738	99,37	-211,97	2,0983e-004
11,732	99,37	-60,58	-7,3028e-004
11,476	99,36	-197,22	1,6791e-004
-20,319	99,84	-232,97	5,9642e-005
-18,233	99,703	-237,39	9,0428e-005
-17,681	99,669	-234,76	9,434e-005
-18,927	99,747	-233,65	7,7677e-005
-20,538	99,856	-42,016	-1,0624e-003
-19,014	99,753	-38,27	-1,0854e-003
-18,114	99,696	-41,102	-1,051e-003
-20,201	99,832	-228,17	5,4487e-005
-19,117	99,759	-231,23	7,2246e-005
-20,377	99,844	-46,829	-1,0161e-003
-18,033	99,691	-43,455	-1,0281e-003
-18,23	99,703	-45,975	-1,0061e-003
-19,87	99,809	-223,38	5,0711e-005
-17,404	99,652	-227,74	8,8271e-005
-17,669	99,668	-224,89	8,0388e-005
-18,809	99,739	-228,85	7,2668e-005
-20,216	99,833	-51,758	-9,6935e-004
-18,15	99,698	-48,436	-9,8242e-004
-17,802	99,676	-51,117	-9,5461e-004
-19,779	99,803	-218,51	4,2533e-005
-17,646	99,667	-222,48	7,6397e-005
-17,504	99,658	-219,97	7,3334e-005
-20,056	99,822	-56,693	-9,2311e-004
-17,722	99,671	-53,585	-9,312e-004
-17,98	99,687	-55,98	-9,1154e-004
-19,63	99,793	-213,5	3,3404e-005
-17,436	99,654	-217,51	6,913e-005
-17,217	99,641	-214,94	6,6164e-005
-19,897	99,811	-61,627	-8,775e-004
-17,9	99,682	-58,448	-8,8846e-004
-17,748	99,673	-60,772	-8,6619e-004
-19,368	99,776	-208,41	2,4013e-005
-17,136	99,637	-212,39	6,1184e-005
-17,01	99,629	-209,85	5,6405e-005
-20,036	99,821	-66,731	-8,3371e-004
-17,669	99,668	-63,238	-8,4342e-004
-17,248	99,643	-65,637	-8,1833e-004
-19,235	99,767	-203,55	1,224e-005
-16,829	99,619	-207,3	5,1853e-005
-16,762	99,615	-204,87	4,5924e-005
-19,81	99,805	-71,644	-7,8901e-004
-17,466	99,656	-68,275	-7,9703e-004
-17,371	99,65	-70,912	-7,7309e-004
-19,39	99,777	-198,46	-4,9926e-006
-16,809	99,618	-202,55	3,8613e-005
-16,709	99,612	-200,33	3,3106e-005
-19,506	99,785	-76,594	-7,4397e-004
-16,927	99,624	-73,187	-7,4936e-004
-16,794	99,617	-75,807	-7,2562e-004
-19,42	99,779	-193,21	-2,2637e-005
-16,817	99,618	-197,57	2,307e-005
-16,914	99,624	-194,77	1,2655e-005
-19,542	99,787	-81,752	-7,0112e-004
-16,934	99,625	-78,482	-7,041e-004
-16,836	99,619	-80,944	-6,8243e-004
-19,171	99,763	-188,58	-3,6187e-005
-16,836	99,619	-192,29	4,9839e-006
-16,766	99,615	-189,83	-3,0451e-006
-19,353	99,775	-86,71	-6,5861e-004
-16,732	99,613	-83,426	-6,6073e-004
-16,64	99,608	-85,925	-6,392e-004
-18,947	99,748	-183,97	-5,1157e-005
-16,594	99,605	-187,67	-9,048e-006
-16,523	99,601	-185,31	-1,7331e-005
-19,195	99,764	-91,66	-6,1719e-004
-16,555	99,603	-88,402	-6,1809e-004
-16,478	99,599	-90,891	-5,9718e-004
-18,889	99,744	-178,69	-7,2017e-005
-16,471	99,598	-182,85	-2,6555e-005
-16,434	99,596	-180,31	-3,6538e-005
-18,949	99,748	-96,964	-5,7296e-004
-16,405	99,595	-93,364	-5,7659e-004
-16,322	99,59	-95,824	-5,5626e-004
-18,802	99,739	-173,21	-9,49e-005
-16,428	99,596	-177,49	-4,8481e-005
-16,365	99,592	-174,98	-5,876e-005
-18,716	99,733	-102,27	-5,2972e-004
-16,15	99,581	-98,655	-5,3233e-004
-16,215	99,584	-100,76	-5,1659e-004
-18,684	99,731	-168,05	-1,1742e-004
-16,285	99,588	-172,32	-6,9872e-005
-16,224	99,585	-169,83	-8,0761e-005
-18,596	99,726	-107,24	-4,9115e-004
-16,153	99,581	-103,24	-4,9694e-004
-16,096	99,578	-105,71	-4,7755e-004
-18,617	99,727	-163,08	-1,4087e-004
-16,187	99,583	-167,34	-9,2254e-005
-16,134	99,58	-164,88	-1,0362e-004
-18,481	99,718	-112,21	-4,5349e-004
-16,037	99,574	-108,19	-4,5831e-004
-15,77	99,56	-111,05	-4,3447e-004
-18,557	99,723	-158,15	-1,6545e-004
-16,103	99,578	-162,42	-1,1571e-004
-16,046	99,575	-159,99	-1,2751e-004
-18,37	99,711	-117,17	-4,1684e-004
-15,714	99,557	-113,54	-4,1574e-004
-16,383	99,593	-115,94	-4,0516e-004
-18,495	99,719	-153,22	-1,9124e-004
-16,015	99,573	-157,53	-1,4016e-004
-15,955	99,57	-155,06	-1,5277e-004
-18,262	99,705	-122,13	-3,8117e-004
-16,328	99,59	-118,42	-3,8697e-004
-15,758	99,559	-120,66	-3,6539e-004
-18,457	99,717	-148,21	-2,1888e-004
-15,924	99,568	-152,59	-1,6606e-004
-16,037	99,574	-149,88	-1,8252e-004
-18,288	99,706	-127,25	-3,4679e-004
-15,704	99,556	-123,14	-3,4761e-004
-15,641	99,553	-125,65	-3,2976e-004
-18,346	99,71	-143,07	-2,4764e-004
-16,029	99,574	-147,35	-1,9707e-004
-16,017	99,573	-144,69	-2,125e-004
-18,379	99,712	-132,52	-3,133e-004
-15,721	99,557	-128,29	-3,1281e-004
-15,517	99,546	-131,23	-2,9118e-004
-18,316	99,708	-137,81	-2,7923e-004
-15,914	99,568	-142,1	-2,2697e-004
-15,875	99,565	-139,43	-2,4285e-004
-15,527	99,547	-133,86	-2,7424e-004
-15,948	99,569	-136,76	-2,6024e-004
-8,2351	99,251	-255,29	2,1655e-004
-4,9897	99,178	-253,46	2,4682e-004
-7,1618	99,223	-252,89	2,2721e-004
-12,928	99,421	-255,5	1,6404e-004
-9,4157	99,287	-252,79	2,0392e-004
-12,013	99,382	-253,29	1,7469e-004
-16,528	99,602	-253,97	1,2037e-004
-14,452	99,492	-253,59	1,4564e-004
-14,425	99,49	-5,1799	-1,3928e-003
-17,443	99,655	-6,7689	-1,3954e-003
-9,6879	99,296	-5,6203	-1,3569e-003
-15,389	99,54	-7,0989	-1,3775e-003
-11,797	99,373	-8,2649	-1,34e-003
-6,2579	99,202	-8,4535	-1,303e-003
-9,1142	99,277	-8,3752	-1,3212e-003
-17,012	99,629	-245,97	1,1205e-004
-16,552	99,603	-241,55	1,1481e-004
-14,702	99,504	-245,29	1,3994e-004
-14,163	99,478	-242,83	1,4481e-004
-17,473	99,657	-250,19	1,0807e-004
-15,397	99,54	-249,81	1,3345e-004
-14,946	99,517	-247,55	1,3811e-004
-15,613	99,551	-251,76	1,3134e-004
-4,1886	99,165	-249,46	2,5219e-004
-6,1706	99,2	-250,96	2,3609e-004
-4,9451	99,177	-244,67	2,4376e-004
-6,3608	99,204	-248,9	2,3376e-004
-6,3623	99,204	-246,48	2,3249e-004
-5,0717	99,179	-239,67	2,389e-004
-8,5346	99,26	-241,94	2,0813e-004
-6,9284	99,217	-243,74	2,2552e-004
-7,437	99,23	-239,89	2,1751e-004
-4,5231	99,17	-235,31	2,3869e-004
-6,9976	99,219	-237,62	2,1958e-004
-6,4123	99,206	-235,99	2,2329e-004
-4,4139	99,169	-230,76	2,336e-004
-6,3032	99,203	-233,89	2,2172e-004
-6,8984	99,217	-231,81	2,1351e-004
-4,4139	99,169	-225,85	2,2579e-004
-6,8984	99,217	-229,36	2,0992e-004
-6,6858	99,212	-226,74	2,078e-004
-4,4139	99,169	-220,94	2,166e-004
-6,6858	99,212	-224,28	2,0347e-004
-6,7187	99,212	-222,04	1,9903e-004
-4,4139	99,169	-216,03	2,0608e-004
-6,7187	99,212	-219,58	1,9404e-004
-7,1087	99,222	-217,72	1,8642e-004
-4,4139	99,169	-211,12	1,9414e-004
-7,1087	99,222	-215,27	1,8094e-004
-7,0191	99,219	-212,44	1,7493e-004
-4,4139	99,169	-206,21	1,8065e-004
-7,0191	99,219	-209,98	1,6869e-004
-6,9621	99,218	-207,41	1,6218e-004
-4,4139	99,169	-201,3	1,6586e-004
-6,9621	99,218	-204,95	1,5512e-004
-6,9281	99,217	-202,49	1,4805e-004
-4,4139	99,169	-196,39	1,4955e-004
-6,9281	99,217	-200,03	1,4031e-004
-6,9395	99,218	-197,79	1,3279e-004
-4,4139	99,169	-191,48	1,3171e-004
-6,9395	99,218	-195,33	1,2442e-004
-6,8747	99,216	-192,74	1,1569e-004
-4,4139	99,169	-186,57	1,1272e-004
-6,8747	99,216	-190,28	1,0649e-004
-6,8202	99,215	-187,9	9,7858e-005
-4,4139	99,169	-181,66	9,2312e-005
-6,8202	99,215	-185,44	8,8001e-005
-6,8115	99,215	-182,92	7,7737e-005
-4,4139	99,169	-176,75	7,0675e-005
-6,8115	99,215	-180,46	6,73e-005
-6,7951	99,214	-178,07	5,6874e-005
-4,4139	99,169	-171,84	4,7757e-005
-6,7951	99,214	-175,61	4,5824e-005
-6,7596	99,213	-173,14	3,4663e-005
-4,4139	99,169	-166,93	2,356e-005
-6,7596	99,213	-170,69	2,3003e-005
-6,7256	99,213	-168,21	1,1183e-005
-4,4139	99,169	-162,02	-1,792e-006
-6,7256	99,213	-165,75	-1,1868e-006
-6,7292	99,213	-163,44	-1,3034e-005
-4,4139	99,169	-157,11	-2,8348e-005
-6,7292	99,213	-160,99	-2,5965e-005
-6,6786	99,211	-158,36	-3,9627e-005
-4,4139	99,169	-152,2	-5,6121e-005
-6,6786	99,211	-155,91	-5,3149e-005
-6,6767	99,211	-153,33	-6,7648e-005
-4,4139	99,169	-147,29	-8,5107e-005
-6,6767	99,211	-150,88	-8,1782e-005
-6,6409	99,211	-148,39	-9,6115e-005
-4,4139	99,169	-142,38	-1,1537e-004
-6,6409	99,211	-145,94	-1,1084e-004
-6,6896	99,212	-143,37	-1,2699e-004
-4,4139	99,169	-137,47	-1,4671e-004
-6,6896	99,212	-140,91	-1,4232e-004
-6,7064	99,212	-138,71	-1,5647e-004
-4,4139	99,169	-132,56	-1,7914e-004
-6,7064	99,212	-136,25	-1,7236e-004
-6,1358	99,2	-133,87	-1,833e-004
-4,4139	99,169	-127,65	-2,1269e-004
-6,1358	99,2	-131,42	-1,9984e-004
-6,4539	99,206	-129,16	-2,1767e-004
-4,4139	99,169	-122,74	-2,473e-004
-6,4539	99,206	-126,71	-2,3462e-004
-6,5007	99,207	-124,31	-2,5184e-004
-4,4139	99,169	-117,83	-2,8284e-004
-6,5007	99,207	-121,85	-2,6929e-004
-6,8765	99,216	-118,88	-2,9366e-004
-4,4139	99,169	-112,92	-3,1936e-004
-6,8765	99,216	-116,43	-3,1162e-004
-6,282	99,203	-114,02	-3,2469e-004
-4,4139	99,169	-108,01	-3,5678e-004
-6,282	99,203	-111,57	-3,4319e-004
-6,6233	99,21	-109,38	-3,6243e-004
-4,4139	99,169	-103,1	-3,9512e-004
-6,6233	99,21	-106,93	-3,8128e-004
-6,6781	99,211	-104,4	-4,014e-004
-4,4139	99,169	-98,195	-4,3434e-004
-6,6781	99,211	-101,94	-4,2067e-004
-6,7096	99,212	-99,678	-4,3896e-004
-4,4139	99,169	-93,285	-4,7445e-004
-6,7096	99,212	-97,223	-4,5863e-004
-6,725	99,213	-94,864	-4,7795e-004
-4,4139	99,169	-88,376	-5,154e-004
-6,725	99,213	-92,409	-4,981e-004
-6,7714	99,214	-89,932	-5,1899e-004
-4,4139	99,169	-83,466	-5,572e-004
-6,7714	99,214	-87,477	-5,3955e-004
-6,8951	99,216	-84,586	-5,6494e-004
-4,4139	99,169	-78,556	-5,9986e-004
-6,8951	99,216	-82,131	-5,8597e-004
-6,7551	99,213	-79,557	-6,0722e-004
-4,4139	99,169	-73,646	-6,433e-004
-6,7551	99,213	-77,102	-6,2868e-004
-6,8299	99,215	-74,52	-6,5196e-004
-4,4139	99,169	-68,737	-6,8752e-004
-6,8299	99,215	-72,065	-6,7384e-004
-6,8836	99,216	-69,489	-6,9735e-004
-4,4139	99,169	-63,827	-7,3251e-004
-6,8836	99,216	-67,034	-7,1954e-004
-6,4944	99,207	-64,77	-7,3746e-004
-4,5968	99,171	-59,1	-7,7741e-004
-6,4944	99,207	-62,316	-7,6003e-004
-6,5177	99,208	-60,08	-7,8085e-004
-4,5968	99,171	-54,19	-8,2359e-004
-6,7006	99,212	-57,808	-8,0332e-004
-7,2078	99,224	-55,245	-8,3085e-004
-4,5964	99,171	-48,922	-8,7388e-004
-7,0249	99,22	-52,608	-8,5449e-004
-6,8342	99,215	-49,979	-8,7816e-004
-4,8097	99,175	-43,8	-9,2477e-004
-7,0167	99,219	-47,348	-9,0462e-004
-7,3406	99,227	-44,69	-9,3249e-004
-4,8457	99,175	-38,847	-9,736e-004
-7,3714	99,228	-42,199	-9,5693e-004
-7,1411	99,222	-39,531	-9,8146e-004
-4,8517	99,176	-33,931	-1,0227e-003
-7,1462	99,223	-37,071	-1,0058e-003
-7,1238	99,222	-34,735	-1,0289e-003
-4,8527	99,176	-29,02	-1,0725e-003
-7,1246	99,222	-32,279	-1,0535e-003
-7,1799	99,223	-30,057	-1,0763e-003
-4,9477	99,177	-24,067	-1,1243e-003
-7,18	99,223	-27,602	-1,1014e-003
-7,1569	99,223	-25,217	-1,1258e-003
-5,0521	99,179	-19,161	-1,1769e-003
-7,2518	99,225	-22,72	-1,1525e-003
-7,2117	99,224	-20,336	-1,1774e-003
-5,2864	99,183	-13,965	-1,2349e-003
-7,2212	99,224	-17,928	-1,2032e-003
-6,9558	99,218	-15,821	-1,2243e-003
-8,3677	99,255	-11,098	-1,2855e-003
-7,1806	99,223	-13,033	-1,2565e-003
-17,717	99,671	-11,142	-1,3491e-003
-14,816	99,51	-9,8539	-1,3427e-003
-17,354	99,649	-15,905	-1,2957e-003
-14,127	99,476	-12,308	-1,311e-003
-15,049	99,522	-14,994	-1,2886e-003
-17,847	99,679	-20,619	-1,2503e-003
-15,375	99,539	-17,302	-1,2665e-003
-15,598	99,551	-19,805	-1,2419e-003
-18,068	99,693	-25,263	-1,205e-003
-15,765	99,56	-22,212	-1,2183e-003
-15,885	99,566	-24,536	-1,1956e-003
-18,123	99,696	-30,	-1,1584e-003
-15,94	99,569	-26,773	-1,1734e-003
-15,997	99,572	-28,934	-1,1523e-003
-17,765	99,674	-34,689	-1,1098e-003
-15,997	99,572	-31,434	-1,1276e-003
-15,898	99,567	-33,53	-1,1062e-003
-16,509	99,601	-39,71	-1,0512e-003
-15,54	99,548	-35,719	-1,082e-003
-15,326	99,536	-37,854	-1,0596e-003
-15,784	99,561	-236,76	1,1975e-004
-13,947	99,467	-240,67	1,4575e-004
-14,599	99,499	-238,4	1,3582e-004
-15,073	99,523	-231,91	1,2257e-004
-14,048	99,472	-235,77	1,3965e-004
-13,446	99,444	-234,07	1,4486e-004
-16,479	99,599	-233,02	1,0694e-004
-15,806	99,562	-45,061	-9,9454e-004
-12,756	99,413	-42,816	-9,9122e-004
-14,426	99,491	-40,685	-1,025e-003
-14,093	99,474	-44,417	-9,8666e-004
-15,655	99,554	-50,263	-9,4444e-004
-14,291	99,484	-46,936	-9,6436e-004
-14,295	99,484	-48,744	-9,4736e-004
-15,179	99,529	-226,84	1,1382e-004
-12,148	99,387	-230,05	1,5472e-004
-13,286	99,437	-231,85	1,4389e-004
-13,509	99,447	-228,	1,3567e-004
-16,319	99,59	-230,8	1,0595e-004
-15,302	99,535	-221,48	1,0292e-004
-13,775	99,459	-225,15	1,2786e-004
-13,494	99,446	-222,79	1,2696e-004
-15,565	99,549	-55,339	-8,967e-004
-12,472	99,401	-53,304	-8,8966e-004
-13,947	99,467	-51,426	-9,1935e-004
-13,734	99,457	-54,913	-8,8517e-004
-14,94	99,516	-216,4	9,6832e-005
-12,482	99,401	-217,97	1,2928e-004
-13,352	99,44	-220,28	1,2388e-004
-15,672	99,555	-60,059	-8,5456e-004
-13,992	99,469	-57,308	-8,6526e-004
-13,993	99,469	-59,231	-8,4768e-004
-14,595	99,499	-211,29	8,8938e-005
-12,262	99,392	-215,39	1,2618e-004
-12,173	99,388	-212,56	1,2053e-004
-15,098	99,524	-64,783	-8,0705e-004
-13,841	99,462	-61,556	-8,2522e-004
-13,841	99,462	-63,326	-8,092e-004
-14,581	99,498	-69,819	-7,5775e-004
-12,015	99,382	-67,484	-7,5621e-004
-13,419	99,443	-65,726	-7,84e-004
-14,402	99,489	-206,31	7,8084e-005
-12,047	99,383	-210,02	1,1553e-004
-11,99	99,381	-207,45	1,0933e-004
-14,235	99,481	-201,66	6,6458e-005
-11,923	99,378	-205,01	1,0326e-004
-11,889	99,377	-202,55	9,6281e-005
-14,354	99,487	-75,075	-7,098e-004
-11,866	99,376	-72,697	-7,0864e-004
-11,92	99,378	-70,121	-7,3187e-004
-14,232	99,481	-196,64	5,0483e-005
-11,789	99,372	-200,33	9,0563e-005
-11,8	99,373	-198,08	8,3191e-005
-14,123	99,476	-80,156	-6,6414e-004
-11,659	99,367	-77,898	-6,6147e-004
-11,734	99,37	-75,316	-6,8454e-004
-14,258	99,482	-191,38	3,1911e-005
-11,897	99,377	-195,29	7,2728e-005
-11,832	99,374	-192,69	6,437e-005
-13,933	99,467	-85,118	-6,2066e-004
-11,7	99,369	-82,935	-6,1879e-004
-11,561	99,363	-80,36	-6,3945e-004
-14,117	99,475	-186,56	1,5426e-005
-11,762	99,371	-190,23	5,6139e-005
-11,707	99,369	-187,84	4,7657e-005
-13,764	99,459	-90,106	-5,7792e-004
-11,485	99,36	-88,325	-5,7169e-004
-11,609	99,365	-85,434	-5,9694e-004
-14,009	99,47	-181,66	-3,0714e-006
-11,636	99,366	-185,48	3,9196e-005
-11,628	99,366	-182,96	2,9019e-005
-13,604	99,451	-95,055	-5,364e-004
-11,361	99,356	-93,291	-5,2985e-004
-11,408	99,357	-90,815	-5,505e-004
-13,909	99,466	-176,6	-2,3586e-005
-11,59	99,365	-180,42	1,8805e-005
-11,574	99,364	-178,02	8,615e-006
-13,586	99,45	-99,617	-5,0008e-004
-11,264	99,352	-98,11	-4,9023e-004
-11,279	99,352	-95,751	-5,0924e-004
-13,786	99,46	-171,6	-4,4904e-005
-11,512	99,361	-175,51	-1,8746e-006
-11,476	99,36	-173,04	-1,2818e-005
-13,593	99,451	-104,19	-4,6464e-004
-11,297	99,353	-102,48	-4,5616e-004
-11,328	99,354	-100,21	-4,7417e-004
-13,672	99,454	-166,67	-6,7295e-005
-11,416	99,358	-170,56	-2,3809e-005
-11,382	99,356	-168,08	-3,5436e-005
-13,268	99,436	-109,52	-4,2109e-004
-11,184	99,349	-107,48	-4,166e-004
-11,239	99,351	-104,95	-4,3647e-004
-13,561	99,449	-161,79	-9,0654e-005
-11,328	99,354	-165,63	-4,7016e-005
-11,332	99,354	-163,31	-5,8753e-005
-13,671	99,454	-114,78	-3,8623e-004
-11,17	99,348	-114,93	-3,6079e-004
-10,576	99,326	-112,53	-3,7292e-004
-10,917	99,339	-110,34	-3,9246e-004
-13,443	99,444	-156,9	-1,1521e-004
-11,274	99,352	-160,89	-7,0708e-005
-11,223	99,35	-158,26	-8,4139e-005
-13,77	99,459	-119,43	-3,5387e-004
-11,84	99,375	-117,33	-3,4978e-004
-13,496	99,446	-151,73	-1,4441e-004
-11,163	99,348	-155,8	-9,6939e-005
-11,161	99,348	-153,22	-1,1126e-004
-13,136	99,43	-124,18	-3,1421e-004
-10,894	99,338	-122,54	-3,0347e-004
-11,269	99,352	-119,57	-3,2816e-004
-13,596	99,451	-146,37	-1,7649e-004
-11,274	99,352	-150,52	-1,2783e-004
-11,238	99,351	-148,03	-1,4192e-004
-12,869	99,418	-129,63	-2,7443e-004
-10,783	99,334	-127,45	-2,684e-004
-10,83	99,335	-125,05	-2,8535e-004
-13,546	99,448	-141,05	-2,0806e-004
-11,226	99,35	-145,38	-1,5758e-004
-11,275	99,352	-142,81	-1,7364e-004
-13,086	99,428	-135,47	-2,3832e-004
-10,832	99,336	-135,03	-2,1831e-004
-10,261	99,315	-132,65	-2,2834e-004
-10,579	99,326	-130,39	-2,4647e-004
-11,236	99,351	-140,14	-1,8978e-004
-11,253	99,351	-137,93	-2,0384e-004
-10,94	99,34	-250,89	1,866e-004
-10,489	99,323	-248,63	1,9097e-004
-8,344	99,254	-247,97	2,1385e-004
-13,086	99,428	-249,13	1,6107e-004
-10,037	99,307	-12,954	-1,2757e-003
-12,146	99,387	-13,705	-1,2819e-003
-12,096	99,385	-244,41	1,7043e-004
-10,491	99,323	-246,21	1,8984e-004
-9,9514	99,304	-243,75	1,9433e-004
-10,46	99,322	-239,89	1,8564e-004
-12,21	99,39	-239,68	1,6532e-004
-8,7773	99,267	-236,2	2,0011e-004
-11,113	99,346	-237,63	1,76e-004
-10,51	99,324	-235,92	1,8099e-004
-8,7872	99,267	-232,49	1,9549e-004
-9,9253	99,303	-234,29	1,8552e-004
-9,1698	99,279	-227,79	1,8451e-004
-10,52	99,324	-232,21	1,7629e-004
-10,744	99,332	-228,36	1,6819e-004
-8,9902	99,273	-222,92	1,7798e-004
-10,531	99,325	-225,74	1,6632e-004
-10,25	99,315	-223,38	1,6523e-004
-9,4129	99,287	-218,82	1,6539e-004
-10,283	99,316	-221,13	1,6062e-004
-9,7132	99,296	-214,13	1,5171e-004
-10,673	99,33	-219,27	1,5256e-004
-9,5667	99,292	-208,73	1,3961e-004
-9,4757	99,289	-203,69	1,2625e-004
-9,4532	99,288	-198,97	1,1175e-004
-9,3997	99,286	-194,14	9,5856e-005
-9,2805	99,282	-189,16	7,875e-005
-9,2174	99,28	-184,25	5,9935e-005
-9,1923	99,28	-179,32	3,9427e-005
-9,1403	99,278	-174,46	1,8179e-005
-9,0707	99,276	-169,51	-4,5687e-006
-9,0404	99,275	-164,72	-2,8102e-005
-8,9935	99,273	-159,79	-5,3389e-005
-8,9409	99,272	-154,59	-8,1331e-005
-8,9032	99,271	-149,52	-1,0994e-004
-8,9161	99,271	-144,47	-1,4025e-004
-8,9817	99,273	-139,69	-1,705e-004
-8,4279	99,257	-135,11	-1,9494e-004
-8,1754	99,249	-130,47	-2,2346e-004
-8,5403	99,26	-125,81	-2,5865e-004
-8,9629	99,272	-120,45	-3,0033e-004
-8,7442	99,266	-115,07	-3,374e-004
-8,491	99,258	-110,48	-3,6951e-004
-8,887	99,27	-105,76	-4,0901e-004
-8,9734	99,273	-100,97	-4,472e-004
-9,0202	99,274	-96,346	-4,845e-004
-9,082	99,276	-91,51	-5,2443e-004
-9,2522	99,281	-86,143	-5,7057e-004
-9,2358	99,281	-80,677	-6,1697e-004
-9,1706	99,279	-75,52	-6,6124e-004
-9,2991	99,283	-70,362	-7,0795e-004
-8,9637	99,272	-65,523	-7,4892e-004
-10,757	99,333	-66,028	-7,5879e-004
-8,5978	99,261	-61,024	-7,8726e-004
-10,368	99,319	-61,994	-7,9224e-004
-10,368	99,319	-63,764	-7,7611e-004
-9,1283	99,278	-56,226	-8,3583e-004
-10,391	99,32	-57,835	-8,3074e-004
-10,391	99,32	-59,759	-8,1298e-004
-9,4447	99,288	-51,034	-8,8701e-004
-11,111	99,346	-51,785	-8,9295e-004
-10,898	99,338	-55,272	-8,586e-004
-9,5778	99,292	-45,748	-9,3844e-004
-10,916	99,339	-47,349	-9,3339e-004
-10,921	99,339	-49,157	-9,1625e-004
-9,6714	99,295	-40,422	-9,9069e-004
-11,572	99,364	-40,96	-9,9987e-004
-11,24	99,351	-44,691	-9,6131e-004
-9,4188	99,287	-35,419	-1,038e-003
-11,557	99,363	-36,157	-1,0466e-003
-11,342	99,355	-38,292	-1,0241e-003
-9,4515	99,288	-30,861	-1,0838e-003
-11,634	99,366	-31,726	-1,0911e-003
-11,534	99,362	-33,822	-1,0695e-003
-9,4837	99,289	-26,254	-1,1308e-003
-11,632	99,366	-27,342	-1,1352e-003
-11,689	99,369	-29,503	-1,1138e-003
-9,4205	99,287	-21,486	-1,1798e-003
-11,488	99,361	-22,634	-1,1824e-003
-11,609	99,365	-24,958	-1,1593e-003
-9,1151	99,277	-16,996	-1,2255e-003
-11,225	99,35	-17,747	-1,2319e-003
-11,448	99,359	-20,25	-1,207e-003
-10,96	99,34	-15,64	-1,2527e-003
-13,292	99,437	-18,894	-1,2345e-003
-13,635	99,453	-23,722	-1,187e-003
-13,814	99,461	-28,207	-1,1428e-003
-13,772	99,459	-32,464	-1,1001e-003
-13,457	99,444	-36,694	-1,056e-003
-12,26	99,392	-235,71	1,6069e-004
-12,582	99,406	-48,099	-9,3946e-004
-11,824	99,374	-223,95	1,4852e-004
-12,16	99,388	-58,805	-8,362e-004
-12,161	99,388	-62,499	-8,0244e-004
20,326	99,841	-287,25	1,9309e-004
18,361	99,711	-282,82	2,105e-004
17,507	99,659	-285,15	2,1091e-004
20,545	99,856	-478,01	-1,0368e-003
19,405	99,778	-481,7	-1,073e-003
18,229	99,703	-479,42	-1,0489e-003
20,203	99,832	-292,02	1,8436e-004
17,693	99,67	-287,54	2,0571e-004
17,795	99,676	-290,33	1,9986e-004
20,379	99,844	-473,21	-9,8911e-004
18,143	99,697	-477,08	-1,0253e-003
18,21	99,701	-474,14	-9,9608e-004
19,872	99,81	-296,81	1,7534e-004
17,486	99,657	-292,71	1,9636e-004
17,744	99,673	-295,27	1,8941e-004
20,218	99,833	-468,28	-9,4072e-004
18,13	99,696	-471,69	-9,7166e-004
18,09	99,694	-469,15	-9,4663e-004
19,781	99,803	-301,68	1,6364e-004
17,721	99,671	-297,68	1,8383e-004
17,306	99,647	-300,07	1,7989e-004
20,058	99,822	-463,35	-8,9287e-004
18,01	99,689	-466,68	-9,2243e-004
17,644	99,667	-463,98	-8,9572e-004
19,632	99,793	-306,68	1,5051e-004
17,238	99,643	-302,53	1,7376e-004
17,503	99,658	-304,97	1,6571e-004
19,899	99,811	-458,42	-8,4563e-004
17,564	99,662	-461,52	-8,7182e-004
17,79	99,676	-459,11	-8,4905e-004
19,37	99,776	-311,77	1,3627e-004
17,421	99,653	-307,52	1,5872e-004
17,	99,629	-310,02	1,5308e-004
20,039	99,821	-453,32	-7,9794e-004
17,711	99,671	-456,65	-8,2551e-004
17,325	99,648	-454,1	-8,0088e-004
19,238	99,767	-316,62	1,2073e-004
16,82	99,618	-312,57	1,4581e-004
16,742	99,614	-315,04	1,3796e-004
19,812	99,806	-448,42	-7,5213e-004
17,543	99,661	-451,47	-7,7646e-004
17,491	99,658	-449,36	-7,5677e-004
19,393	99,777	-321,71	1,0169e-004
16,79	99,617	-317,36	1,2968e-004
16,712	99,612	-319,83	1,2115e-004
19,507	99,785	-443,47	-7,065e-004
17,046	99,631	-447,09	-7,3499e-004
16,918	99,624	-444,52	-7,112e-004
19,424	99,78	-326,95	8,1206e-005
16,82	99,618	-322,6	1,1027e-004
16,743	99,614	-325,07	1,0102e-004
19,579	99,79	-438,32	-6,6051e-004
17,057	99,632	-441,85	-6,8714e-004
17,039	99,631	-439,33	-6,6441e-004
19,269	99,769	-331,9	6,132e-005
16,665	99,609	-327,55	9,1392e-005
16,457	99,598	-330,21	8,1251e-005
19,408	99,778	-433,36	-6,1665e-004
16,972	99,627	-436,85	-6,421e-004
16,91	99,623	-434,37	-6,2006e-004
19,046	99,755	-336,51	4,1929e-005
16,379	99,593	-332,68	7,0868e-005
16,596	99,605	-335,35	5,8004e-005
19,145	99,761	-428,07	-5,7037e-004
16,806	99,617	-431,9	-5,9816e-004
16,732	99,613	-429,42	-5,7645e-004
18,88	99,744	-341,45	1,9526e-005
16,45	99,597	-337,48	4,8847e-005
16,922	99,624	-339,82	3,5806e-005
18,883	99,744	-422,77	-5,249e-004
16,575	99,604	-426,59	-5,5177e-004
16,489	99,599	-424,05	-5,2989e-004
18,774	99,737	-346,74	-6,1163e-006
16,903	99,623	-342,64	2,2298e-005
16,1	99,578	-344,86	1,4623e-005
18,716	99,733	-417,81	-4,8346e-004
16,384	99,594	-421,57	-5,0875e-004
16,304	99,589	-419,03	-4,8735e-004
18,634	99,728	-351,7	-3,1277e-005
16,013	99,573	-347,33	2,415e-006
15,936	99,569	-349,85	-1,0374e-005
18,596	99,726	-412,85	-4,4293e-004
16,242	99,586	-416,55	-4,6671e-004
16,182	99,582	-414,06	-4,4627e-004
18,504	99,72	-356,65	-5,7739e-005
15,882	99,566	-352,33	-2,3444e-005
16,197	99,583	-354,91	-3,8774e-005
18,482	99,718	-407,89	-4,0328e-004
16,124	99,579	-411,58	-4,2609e-004
16,068	99,576	-409,1	-4,0614e-004
18,352	99,71	-361,61	-8,5294e-005
16,121	99,579	-357,38	-5,2329e-005
15,67	99,554	-359,74	-6,3989e-005
18,371	99,712	-402,93	-3,646e-004
16,012	99,573	-406,62	-3,8642e-004
15,956	99,57	-404,14	-3,6694e-004
18,201	99,701	-366,56	-1,1411e-004
15,594	99,55	-362,21	-7,8171e-005
15,693	99,556	-365,06	-9,5478e-005
18,418	99,714	-397,83	-3,2635e-004
15,902	99,567	-401,66	-3,4769e-004
15,846	99,564	-399,19	-3,2872e-004
18,206	99,701	-371,7	-1,4589e-004
15,617	99,552	-367,53	-1,1034e-004
15,707	99,556	-370,34	-1,2809e-004
18,467	99,718	-392,74	-2,8916e-004
15,948	99,569	-396,58	-3,0939e-004
15,891	99,566	-394,09	-2,9087e-004
18,266	99,705	-377,	-1,8015e-004
15,788	99,561	-373,	-1,4532e-004
15,784	99,561	-375,52	-1,6156e-004
18,449	99,716	-387,62	-2,5262e-004
15,838	99,563	-391,62	-2,7261e-004
15,764	99,56	-388,97	-2,5334e-004
18,365	99,711	-382,31	-2,1577e-004
15,763	99,559	-378,16	-1,7889e-004
15,877	99,566	-380,69	-1,962e-004
15,799	99,561	-386,32	-2,3473e-004
15,996	99,572	-383,35	-2,1477e-004
13,082	99,427	-264,73	2,5541e-004
16,533	99,602	-266,51	2,3787e-004
14,242	99,481	-267,	2,4861e-004
8,3787	99,255	-264,93	2,736e-004
11,97	99,38	-267,11	2,5885e-004
9,6558	99,294	-267,17	2,6797e-004
4,9914	99,178	-266,95	2,7926e-004
7,2241	99,224	-267,27	2,7525e-004
9,6641	99,295	-514,36	-1,4315e-003
6,2204	99,201	-511,42	-1,3999e-003
9,0881	99,276	-511,6	-1,3985e-003
14,414	99,49	-514,84	-1,4332e-003
15,349	99,537	-513,02	-1,411e-003
11,772	99,372	-511,74	-1,3978e-003
17,414	99,653	-513,37	-1,4141e-003
17,551	99,661	-509,4	-1,3681e-003
16,888	99,622	-504,5	-1,3127e-003
13,976	99,469	-508,12	-1,3543e-003
14,147	99,477	-505,17	-1,3206e-003
14,773	99,508	-510,26	-1,3789e-003
17,461	99,656	-499,47	-1,2575e-003
14,282	99,483	-502,41	-1,2896e-003
15,114	99,525	-500,06	-1,2636e-003
17,951	99,685	-494,87	-1,2083e-003
15,553	99,548	-497,8	-1,2391e-003
16,123	99,579	-495,79	-1,2176e-003
17,878	99,681	-490,08	-1,1579e-003
16,173	99,582	-493,45	-1,1926e-003
15,319	99,536	-491,	-1,1664e-003
17,967	99,686	-485,34	-1,109e-003
15,196	99,529	-488,54	-1,1406e-003
15,589	99,55	-485,79	-1,1121e-003
17,191	99,64	-274,47	2,2756e-004
16,837	99,619	-278,72	2,2407e-004
14,511	99,495	-275,28	2,3966e-004
15,272	99,533	-277,34	2,3349e-004
5,5493	99,188	-505,7	-1,3329e-003
8,3295	99,254	-508,79	-1,3657e-003
8,501	99,259	-505,85	-1,3311e-003
5,0012	99,178	-500,16	-1,2703e-003
8,5887	99,261	-502,94	-1,2977e-003
7,3038	99,226	-501,11	-1,2781e-003
4,3654	99,168	-495,02	-1,2142e-003
6,668	99,211	-498,47	-1,2492e-003
6,906	99,217	-496,01	-1,2216e-003
4,3654	99,168	-490,03	-1,1598e-003
6,906	99,217	-493,51	-1,1942e-003
6,142	99,2	-491,22	-1,1702e-003
4,3654	99,168	-485,03	-1,1064e-003
6,142	99,2	-488,72	-1,1433e-003
6,4777	99,207	-486,48	-1,1192e-003
4,3654	99,168	-480,03	-1,0539e-003
6,4777	99,207	-483,98	-1,0928e-003
7,1068	99,222	-480,73	-1,0583e-003
4,5481	99,171	-475,22	-1,0037e-003
7,1068	99,222	-478,24	-1,0324e-003
6,2622	99,202	-476,35	-1,0135e-003
4,7612	99,174	-470,43	-9,5443e-004
6,4449	99,206	-474,04	-9,8959e-004
6,6946	99,212	-472,02	-9,6881e-004
4,7967	99,175	-465,42	-9,0375e-004
6,7251	99,213	-469,54	-9,4366e-004
6,7637	99,213	-467,11	-9,1919e-004
4,5836	99,171	-460,22	-8,5225e-004
6,7688	99,214	-464,57	-8,9381e-004
7,1871	99,224	-461,95	-8,676e-004
4,3654	99,168	-455,05	-8,0172e-004
6,9689	99,218	-459,29	-8,4137e-004
6,5641	99,209	-456,57	-8,1488e-004
4,3654	99,168	-450,06	-7,5333e-004
6,5641	99,209	-454,07	-7,9057e-004
7,0657	99,221	-451,65	-7,6711e-004
4,3654	99,168	-445,06	-7,0565e-004
7,0657	99,221	-449,16	-7,4316e-004
7,0063	99,219	-446,51	-7,1804e-004
4,3654	99,168	-440,07	-6,5881e-004
7,0063	99,219	-444,01	-6,9446e-004
6,9691	99,218	-441,3	-6,6915e-004
4,3654	99,168	-435,07	-6,1277e-004
6,9691	99,218	-438,8	-6,4604e-004
6,9264	99,217	-436,34	-6,2345e-004
4,3654	99,168	-430,08	-5,6765e-004
6,9264	99,217	-433,84	-6,007e-004
6,8839	99,216	-431,39	-5,7869e-004
4,3654	99,168	-425,08	-5,2341e-004
6,8839	99,216	-428,89	-5,5641e-004
6,8326	99,215	-426,35	-5,3404e-004
4,3654	99,168	-420,08	-4,8001e-004
6,8326	99,215	-423,86	-5,1224e-004
6,7917	99,214	-421,38	-4,9074e-004
4,3654	99,168	-415,09	-4,3755e-004
6,7917	99,214	-418,88	-4,6941e-004
6,7577	99,213	-416,43	-4,4861e-004
4,3654	99,168	-410,09	-3,96e-004
6,7577	99,213	-413,93	-4,2775e-004
6,7197	99,212	-411,46	-4,0722e-004
4,3654	99,168	-405,1	-3,5542e-004
6,7197	99,212	-408,96	-3,8675e-004
6,6818	99,212	-406,48	-3,667e-004
4,3654	99,168	-400,1	-3,1582e-004
6,6818	99,212	-403,98	-3,4669e-004
6,6396	99,211	-401,51	-3,2716e-004
4,3654	99,168	-395,1	-2,7711e-004
6,6396	99,211	-399,01	-3,0762e-004
6,5962	99,21	-396,55	-2,886e-004
4,3654	99,168	-390,11	-2,3952e-004
6,5962	99,21	-394,05	-2,6959e-004
6,5501	99,209	-391,52	-2,5056e-004
4,3654	99,168	-385,11	-2,0301e-004
6,5501	99,209	-389,02	-2,321e-004
6,6438	99,211	-386,23	-2,1186e-004
4,3654	99,168	-380,12	-1,6761e-004
6,6438	99,211	-383,73	-1,9395e-004
6,554	99,209	-381,09	-1,7528e-004
4,3654	99,168	-375,12	-1,3346e-004
6,554	99,209	-378,59	-1,5796e-004
6,3874	99,205	-376,12	-1,4099e-004
4,3654	99,168	-370,13	-1,0049e-004
6,3874	99,205	-373,62	-1,2434e-004
6,4403	99,206	-370,87	-1,0633e-004
4,3654	99,168	-365,13	-6,8787e-005
6,4403	99,206	-368,37	-9,0251e-005
6,4735	99,207	-365,93	-7,4999e-005
4,3654	99,168	-360,13	-3,8412e-005
6,4735	99,207	-363,43	-5,9507e-005
6,1424	99,2	-361,32	-4,6399e-005
4,3654	99,168	-355,14	-9,1089e-006
6,1424	99,2	-358,82	-3,1505e-005
6,8687	99,216	-356,43	-1,8476e-005
4,3654	99,168	-350,14	1,8862e-005
6,8687	99,216	-353,93	-4,2855e-006
6,5864	99,209	-351,04	1,2285e-005
4,3654	99,168	-345,15	4,5577e-005
6,5864	99,209	-348,54	2,5845e-005
6,3245	99,204	-346,49	3,7072e-005
4,3654	99,168	-340,15	7,1061e-005
6,3245	99,204	-343,99	5,013e-005
6,9924	99,219	-341,5	6,168e-005
4,3654	99,168	-335,15	9,5109e-005
6,9924	99,219	-339,	7,4079e-005
6,7639	99,213	-336,07	8,8498e-005
4,3654	99,168	-330,16	1,179e-004
6,7639	99,213	-333,57	1,0011e-004
6,4745	99,207	-331,24	1,1112e-004
4,3654	99,168	-325,16	1,3931e-004
6,4745	99,207	-328,74	1,2217e-004
6,6494	99,211	-326,44	1,3164e-004
4,3654	99,168	-320,17	1,5925e-004
6,6494	99,211	-323,94	1,4185e-004
6,7022	99,212	-321,53	1,5134e-004
4,3654	99,168	-315,17	1,777e-004
6,7022	99,212	-319,03	1,6095e-004
6,7222	99,212	-316,43	1,7047e-004
4,3654	99,168	-310,18	1,9453e-004
6,7222	99,212	-313,93	1,7922e-004
6,766	99,213	-311,4	1,8764e-004
4,3654	99,168	-305,18	2,0991e-004
6,766	99,213	-308,9	1,9566e-004
6,3867	99,205	-306,38	2,041e-004
4,3654	99,168	-300,18	2,2386e-004
6,3867	99,205	-303,88	2,1138e-004
6,8233	99,215	-301,48	2,1722e-004
4,3654	99,168	-295,19	2,3635e-004
6,8233	99,215	-298,98	2,2383e-004
6,4944	99,207	-296,49	2,3075e-004
4,5475	99,171	-290,01	2,4771e-004
6,4944	99,207	-293,99	2,3656e-004
6,9637	99,218	-291,55	2,4107e-004
4,8001	99,175	-285,03	2,5698e-004
7,1458	99,222	-288,87	2,4616e-004
7,2345	99,225	-286,07	2,5125e-004
5,1661	99,181	-280,77	2,6366e-004
7,3051	99,226	-283,78	2,5508e-004
6,761	99,213	-281,86	2,5945e-004
5,4616	99,186	-276,3	2,6953e-004
7,0564	99,22	-279,89	2,618e-004
7,5151	99,232	-278,28	2,6296e-004
4,7488	99,174	-271,34	2,7576e-004
6,9816	99,219	-271,66	2,7213e-004
8,6957	99,264	-273,87	2,6507e-004
7,5151	99,232	-275,78	2,6618e-004
6,2689	99,202	-269,19	2,7567e-004
17,501	99,658	-270,34	2,3013e-004
15,21	99,53	-270,84	2,4097e-004
14,61	99,5	-273,11	2,4162e-004
15,421	99,541	-268,88	2,4161e-004
15,727	99,557	-283,12	2,2291e-004
15,016	99,52	-279,42	2,3188e-004
14,348	99,487	-281,	2,3275e-004
17,002	99,629	-480,78	-1,0617e-003
15,801	99,561	-483,51	-1,0887e-003
14,974	99,518	-288,23	2,175e-004
12,217	99,39	-287,93	2,3056e-004
12,306	99,394	-285,13	2,3532e-004
13,493	99,446	-283,33	2,3303e-004
15,893	99,566	-475,56	-1,0081e-003
14,624	99,5	-481,23	-1,0646e-003
12,837	99,417	-478,72	-1,0378e-003
14,048	99,472	-476,69	-1,018e-003
15,921	99,568	-470,09	-9,5352e-004
14,116	99,475	-473,75	-9,8841e-004
14,127	99,476	-471,03	-9,6121e-004
15,334	99,537	-293,58	2,0479e-004
12,319	99,394	-290,71	2,2462e-004
13,567	99,449	-292,48	2,1536e-004
15,177	99,528	-298,53	1,9386e-004
13,825	99,462	-295,04	2,0849e-004
13,803	99,46	-296,74	2,0457e-004
15,515	99,546	-464,85	-9,0159e-004
14,088	99,474	-468,49	-9,3593e-004
14,087	99,474	-466,36	-9,1484e-004
15,026	99,521	-303,36	1,8185e-004
12,022	99,382	-300,6	2,0264e-004
13,388	99,441	-299,13	2,0051e-004
13,251	99,435	-302,14	1,9326e-004
15,375	99,539	-459,74	-8,5188e-004
12,361	99,396	-461,59	-8,6634e-004
13,72	99,457	-463,66	-8,8799e-004
13,673	99,454	-460,11	-8,5332e-004
14,87	99,513	-308,32	1,6822e-004
13,515	99,447	-304,58	1,8529e-004
13,506	99,447	-306,38	1,8013e-004
15,214	99,53	-454,79	-8,0427e-004
13,899	99,465	-457,7	-8,3036e-004
13,901	99,465	-456,04	-8,1442e-004
14,775	99,508	-450,14	-7,5972e-004
12,297	99,393	-451,5	-7,6914e-004
13,514	99,447	-453,5	-7,8968e-004
14,371	99,488	-313,3	1,5458e-004
11,764	99,372	-313,01	1,6673e-004
11,808	99,373	-310,47	1,7484e-004
13,085	99,428	-308,89	1,7441e-004
14,216	99,48	-318,25	1,3811e-004
11,666	99,368	-318,09	1,4937e-004
11,686	99,368	-315,48	1,5859e-004
14,595	99,499	-445,46	-7,159e-004
12,245	99,391	-449,39	-7,4911e-004
12,185	99,389	-446,74	-7,2415e-004
14,06	99,473	-323,2	1,202e-004
11,536	99,362	-322,98	1,3145e-004
11,589	99,365	-320,56	1,4052e-004
14,449	99,492	-440,38	-6,6908e-004
12,057	99,383	-444,18	-7,0011e-004
12,02	99,382	-441,46	-6,7507e-004
13,774	99,459	-328,33	1,0064e-004
11,284	99,353	-327,75	1,13e-004
11,458	99,359	-325,45	1,2184e-004
14,369	99,488	-435,38	-6,2397e-004
12,002	99,381	-438,95	-6,52e-004
11,959	99,379	-436,48	-6,2963e-004
13,782	99,459	-333,66	7,748e-005
11,364	99,356	-332,73	9,1037e-005
11,074	99,345	-330,4	1,0237e-004
14,234	99,481	-430,42	-5,7992e-004
11,897	99,377	-434,	-6,0728e-004
11,855	99,375	-431,55	-5,8542e-004
14,471	99,493	-338,67	5,1544e-005
11,809	99,373	-338,34	6,3501e-005
11,581	99,364	-335,4	7,8135e-005
14,141	99,477	-343,23	3,069e-005
12,282	99,393	-340,68	5,0449e-005
14,075	99,473	-425,39	-5,3602e-004
11,782	99,372	-429,07	-5,6345e-004
11,73	99,37	-426,53	-5,4124e-004
13,909	99,465	-420,31	-4,9244e-004
11,645	99,367	-423,99	-5,191e-004
11,604	99,365	-421,51	-4,9783e-004
13,259	99,435	-347,97	9,9078e-006
11,073	99,345	-347,44	2,0467e-005
10,811	99,335	-345,39	3,2042e-005
11,478	99,36	-342,9	4,2372e-005
13,769	99,459	-415,28	-4,5033e-004
11,523	99,362	-418,97	-4,7617e-004
11,489	99,361	-416,52	-4,5561e-004
13,497	99,446	-353,06	-1,8274e-005
11,277	99,352	-352,85	-9,3324e-006
10,995	99,342	-349,96	7,3503e-006
13,653	99,453	-410,32	-4,0967e-004
11,43	99,358	-414,03	-4,3493e-004
11,392	99,357	-411,56	-4,1457e-004
13,361	99,44	-357,99	-4,5426e-005
11,593	99,365	-355,43	-2,4735e-005
13,541	99,448	-405,36	-3,6997e-004
11,336	99,355	-409,08	-3,9439e-004
11,298	99,353	-406,6	-3,7445e-004
13,009	99,424	-363,19	-7,466e-005
10,746	99,332	-362,29	-6,1932e-005
10,415	99,32	-360,18	-4,8391e-005
11,141	99,347	-357,78	-3,6643e-005
13,43	99,443	-400,41	-3,3122e-004
11,242	99,351	-404,12	-3,5474e-004
11,2	99,349	-401,65	-3,353e-004
13,198	99,433	-368,84	-1,0994e-004
10,812	99,335	-367,57	-9,448e-005
10,845	99,336	-365,14	-7,9492e-005
13,317	99,438	-395,45	-2,9343e-004
11,144	99,347	-399,18	-3,1607e-004
11,101	99,346	-396,71	-2,9722e-004
13,284	99,436	-374,15	-1,4419e-004
10,849	99,336	-373,13	-1,3005e-004
10,902	99,338	-370,37	-1,1241e-004
13,187	99,432	-390,32	-2,5529e-004
11,044	99,343	-394,23	-2,7842e-004
10,998	99,342	-391,7	-2,5953e-004
13,393	99,441	-379,2	-1,7804e-004
11,011	99,342	-378,12	-1,6359e-004
10,844	99,336	-375,64	-1,4658e-004
13,31	99,438	-384,7	-2,1558e-004
10,924	99,339	-389,05	-2,4001e-004
11,018	99,342	-386,26	-2,2012e-004
11,215	99,35	-383,29	-1,9966e-004
11,125	99,347	-380,65	-1,8115e-004
10,816	99,335	-269,44	2,6181e-004
12,529	99,403	-271,65	2,5259e-004
10,215	99,313	-271,72	2,6203e-004
11,368	99,356	-506,03	-1,3313e-003
12,372	99,397	-500,74	-1,2713e-003
10,255	99,315	-501,25	-1,2776e-003
13,775	99,459	-496,38	-1,2235e-003
11,088	99,345	-498,9	-1,2512e-003
11,326	99,354	-496,44	-1,2241e-003
13,49	99,446	-491,92	-1,1756e-003
11,896	99,377	-494,43	-1,2023e-003
13,029	99,425	-486,72	-1,1205e-003
11,041	99,343	-491,98	-1,1759e-003
10,277	99,316	-489,69	-1,1515e-003
10,613	99,328	-487,45	-1,1278e-003
11,006	99,342	-484,7	-1,0989e-003
11,635	99,366	-481,45	-1,0653e-003
12,69	99,41	-275,99	2,471e-004
10,749	99,332	-275,84	2,5545e-004
11,51	99,361	-277,9	2,4973e-004
12,783	99,414	-279,63	2,4181e-004
9,2082	99,28	-496,96	-1,2304e-003
8,6824	99,264	-492,2	-1,1788e-003
8,2542	99,252	-487,67	-1,1305e-003
9,2188	99,28	-482,19	-1,0726e-003
9,0033	99,274	-477,05	-1,0196e-003
11,059	99,344	-476,91	-1,0185e-003
8,4085	99,256	-473,15	-9,7981e-004
10,215	99,313	-475,03	-9,9905e-004
8,6968	99,264	-468,7	-9,3482e-004
10,465	99,322	-473,01	-9,7863e-004
10,476	99,323	-470,29	-9,5122e-004
9,1537	99,278	-463,64	-8,8446e-004
10,515	99,324	-467,85	-9,2687e-004
10,514	99,324	-465,72	-9,0564e-004
9,1673	99,279	-458,31	-8,3201e-004
10,932	99,339	-463,1	-8,7997e-004
10,884	99,338	-459,54	-8,4515e-004
9,264	99,282	-453,17	-7,8229e-004
10,48	99,323	-456,83	-8,1844e-004
10,481	99,323	-455,17	-8,024e-004
9,7061	99,296	-448,1	-7,3428e-004
10,983	99,341	-452,75	-7,7962e-004
9,6095	99,293	-442,74	-6,8398e-004
9,5296	99,29	-437,57	-6,3628e-004
9,4444	99,288	-432,65	-5,9183e-004
9,3507	99,285	-427,67	-5,4753e-004
9,2585	99,282	-422,65	-5,0386e-004
9,1836	99,279	-417,72	-4,6182e-004
9,1116	99,277	-412,8	-4,2067e-004
9,0358	99,275	-407,84	-3,802e-004
8,9557	99,272	-402,89	-3,4066e-004
8,87	99,27	-397,96	-3,0216e-004
8,7805	99,267	-392,96	-2,6423e-004
8,8282	99,268	-387,64	-2,2512e-004
8,8321	99,268	-382,2	-1,8649e-004
8,5758	99,261	-377,09	-1,5085e-004
8,4621	99,258	-371,86	-1,1596e-004
8,5481	99,26	-366,67	-8,3072e-005
8,2503	99,252	-362,12	-5,4524e-005
8,6453	99,263	-357,62	-2,8746e-005
9,0893	99,276	-352,33	4,1443e-008
8,5453	99,26	-347,38	2,8165e-005
8,9512	99,272	-342,84	5,0598e-005
9,3905	99,286	-337,42	7,5928e-005
8,8726	99,27	-332,15	1,0178e-004
8,7582	99,266	-327,52	1,2222e-004
8,9859	99,273	-322,81	1,4081e-004
9,0586	99,275	-317,8	1,5962e-004
9,1223	99,277	-312,66	1,7746e-004
8,7869	99,267	-307,6	1,9462e-004
10,444	99,321	-308,54	1,861e-004
8,8443	99,269	-302,68	2,0875e-004
10,074	99,309	-304,22	2,0025e-004
10,065	99,308	-306,02	1,9504e-004
8,9519	99,272	-297,79	2,2124e-004
10,647	99,329	-298,81	2,1271e-004
10,51	99,324	-301,81	2,0532e-004
9,0923	99,276	-292,85	2,3235e-004
10,34	99,318	-294,62	2,2398e-004
10,318	99,317	-296,32	2,2006e-004
9,6503	99,294	-287,61	2,4124e-004
10,809	99,335	-292,18	2,2761e-004
9,1951	99,28	-282,9	2,5107e-004
10,927	99,339	-283,01	2,445e-004
9,1097	99,277	-279,37	2,5672e-004
10,383	99,319	-281,1	2,4963e-004
10,841	99,336	-279,48	2,5025e-004
12,282	99,393	-472,16	-9,7106e-004
12,293	99,393	-467,31	-9,226e-004
12,035	99,383	-295,64	2,1482e-004
11,73	99,37	-305,16	1,9121e-004
12,198	99,389	-456,41	-8,1597e-004
-20,351	99,843	-287,55	4,3035e-005
-17,778	99,675	-284,07	8,0988e-005
-17,679	99,669	-286,71	7,7601e-005
-20,637	99,863	-478,03	-1,1888e-003
-18,75	99,736	-482,19	-1,2152e-003
-17,993	99,688	-479,82	-1,185e-003
-20,162	99,829	-292,32	3,5928e-005
-17,837	99,678	-289,11	7,1138e-005
-17,759	99,674	-291,58	6,7105e-005
-20,496	99,853	-473,25	-1,1403e-003
-18,184	99,7	-477,43	-1,1625e-003
-18,095	99,694	-474,95	-1,137e-003
-19,746	99,801	-297,08	3,0393e-005
-17,332	99,648	-296,43	6,1566e-005
-17,411	99,653	-293,95	6,6277e-005
-20,135	99,828	-468,46	-1,0903e-003
-17,763	99,674	-472,57	-1,1105e-003
-17,674	99,669	-470,09	-1,0853e-003
-19,6	99,791	-301,92	2,0026e-005
-17,264	99,644	-298,81	5,6644e-005
-17,185	99,639	-301,29	5,1259e-005
-20,004	99,819	-463,53	-1,0415e-003
-17,645	99,667	-467,69	-1,0615e-003
-17,891	99,682	-465,11	-1,0385e-003
-19,516	99,786	-307,09	6,6222e-006
-17,108	99,635	-303,75	4,5582e-005
-17,03	99,63	-306,23	3,948e-005
-19,728	99,8	-458,45	-9,906e-004
-17,789	99,676	-462,58	-1,0131e-003
-17,365	99,65	-460,2	-9,8652e-004
-19,66	99,795	-312,19	-1,0823e-005
-17,023	99,63	-308,93	3,148e-005
-16,945	99,625	-311,41	2,4625e-005
-19,588	99,79	-453,59	-9,4358e-004
-17,192	99,64	-457,66	-9,6069e-004
-17,385	99,651	-455,22	-9,3926e-004
-19,733	99,8	-317,04	-2,7982e-005
-17,019	99,63	-316,27	7,5327e-006
-17,096	99,634	-313,79	1,5049e-005
-19,556	99,788	-448,82	-8,9901e-004
-17,418	99,653	-452,91	-9,1771e-004
-17,048	99,631	-450,39	-8,9086e-004
-19,578	99,79	-322,	-4,404e-005
-16,941	99,625	-318,74	-2,984e-007
-17,025	99,63	-321,02	-9,6875e-006
-19,568	99,789	-443,58	-8,5135e-004
-16,983	99,628	-447,94	-8,6747e-004
-16,895	99,623	-445,46	-8,4385e-004
-19,424	99,78	-326,95	-6,1465e-005
-16,947	99,626	-323,5	-1,8192e-005
-16,91	99,623	-325,93	-2,7339e-005
-19,579	99,79	-438,32	-8,0432e-004
-16,973	99,627	-442,68	-8,1915e-004
-16,891	99,622	-440,18	-7,9575e-004
-19,147	99,761	-331,66	-7,7766e-005
-16,833	99,619	-328,41	-3,654e-005
-16,779	99,616	-330,89	-4,636e-005
-19,408	99,778	-433,36	-7,5918e-004
-16,824	99,618	-437,7	-7,7289e-004
-16,604	99,606	-435,04	-7,4716e-004
-18,89	99,745	-336,35	-9,5417e-005
-16,579	99,605	-333,13	-5,3762e-005
-16,52	99,601	-335,62	-6,4254e-005
-19,089	99,757	-428,31	-7,1253e-004
-16,499	99,6	-432,57	-7,2447e-004
-16,783	99,616	-429,66	-7,0189e-004
-18,847	99,742	-341,53	-1,1914e-004
-16,463	99,598	-338,07	-7,4814e-005
-16,398	99,594	-340,54	-8,5798e-005
-18,912	99,746	-423,36	-6,6888e-004
-16,569	99,604	-427,08	-6,7763e-004
-16,919	99,624	-424,91	-6,6247e-004
-18,715	99,733	-347,1	-1,4517e-004
-16,412	99,595	-343,28	-9,9297e-005
-16,337	99,591	-345,84	-1,1122e-004
-18,862	99,743	-418,52	-6,2815e-004
-16,956	99,626	-422,54	-6,4281e-004
-16,188	99,583	-420,4	-6,1736e-004
-18,526	99,721	-352,42	-1,7075e-004
-16,192	99,583	-348,67	-1,2416e-004
-16,124	99,579	-351,22	-1,3684e-004
-18,689	99,732	-413,57	-5,8617e-004
-16,101	99,578	-417,93	-5,9593e-004
-16,014	99,573	-415,45	-5,7469e-004
-18,437	99,716	-357,38	-1,969e-004
-16,08	99,577	-353,7	-1,4978e-004
-16,034	99,574	-356,18	-1,629e-004
-18,516	99,721	-408,62	-5,4507e-004
-15,928	99,568	-412,98	-5,5373e-004
-16,031	99,574	-410,66	-5,3608e-004
-18,346	99,71	-362,34	-2,2423e-004
-15,988	99,572	-358,66	-1,7641e-004
-15,941	99,569	-361,14	-1,9024e-004
-18,343	99,71	-403,67	-5,0486e-004
-15,944	99,569	-408,18	-5,1559e-004
-15,907	99,567	-405,68	-4,9546e-004
-18,402	99,713	-367,44	-2,5541e-004
-15,896	99,567	-363,62	-2,0433e-004
-15,847	99,564	-366,1	-2,1876e-004
-18,305	99,707	-398,55	-4,657e-004
-15,821	99,563	-403,2	-4,7539e-004
-15,496	99,545	-400,6	-4,5209e-004
-18,46	99,717	-372,54	-2,8773e-004
-15,949	99,57	-368,72	-2,3597e-004
-15,9	99,567	-371,21	-2,5098e-004
-18,319	99,708	-393,42	-4,2805e-004
-15,544	99,548	-397,95	-4,3259e-004
-15,804	99,562	-394,78	-4,1158e-004
-18,461	99,717	-377,68	-3,2078e-004
-15,857	99,564	-373,69	-2,6635e-004
-15,8	99,561	-376,32	-2,8282e-004
-18,279	99,706	-388,32	-3,9123e-004
-15,771	99,56	-392,29	-3,9304e-004
-15,775	99,56	-389,79	-3,7501e-004
-18,389	99,713	-383,03	-3,5576e-004
-15,845	99,564	-378,97	-3,0086e-004
-15,997	99,572	-381,89	-3,222e-004
-15,768	99,56	-387,19	-3,5648e-004
-15,88	99,566	-384,59	-3,3945e-004
-9,0096	99,274	-265,53	2,0533e-004
-5,9341	99,195	-268,76	2,3333e-004
-8,6407	99,263	-268,27	2,0733e-004
-13,789	99,46	-264,94	1,5106e-004
-11,287	99,353	-267,89	1,7854e-004
-16,946	99,626	-266,59	1,1156e-004
-13,421	99,443	-267,69	1,5373e-004
-12,847	99,417	-514,36	-1,5229e-003
-16,252	99,586	-511,43	-1,5114e-003
-13,42	99,443	-511,6	-1,4938e-003
-8,1117	99,248	-514,82	-1,4987e-003
-7,1472	99,223	-512,9	-1,4692e-003
-10,742	99,332	-511,74	-1,4775e-003
-5,0902	99,18	-513,24	-1,4617e-003
-17,628	99,666	-490,84	-1,2953e-003
-17,35	99,649	-486,32	-1,2461e-003
-15,385	99,539	-490,11	-1,2701e-003
-15,452	99,543	-487,9	-1,2475e-003
-17,511	99,659	-495,55	-1,344e-003
-15,367	99,538	-492,29	-1,2929e-003
-15,32	99,536	-494,49	-1,316e-003
-17,407	99,653	-500,51	-1,3967e-003
-15,22	99,531	-497,02	-1,3424e-003
-15,266	99,533	-499,33	-1,3679e-003
-17,192	99,64	-505,79	-1,4535e-003
-15,262	99,533	-501,77	-1,3946e-003
-15,48	99,544	-503,92	-1,4202e-003
-14,149	99,477	-508,8	-1,4661e-003
-15,269	99,533	-506,76	-1,4507e-003
-16,614	99,607	-275,36	1,0764e-004
-16,072	99,576	-280,36	1,0767e-004
-14,069	99,473	-278,7	1,3435e-004
-14,503	99,494	-276,84	1,3163e-004
-4,8157	99,175	-508,87	-1,4069e-003
-7,721	99,237	-510,15	-1,4392e-003
-5,155	99,181	-504,06	-1,3524e-003
-8,411	99,256	-507,7	-1,4144e-003
-7,4501	99,23	-504,82	-1,3749e-003
-4,6406	99,172	-499,32	-1,2956e-003
-7,0993	99,221	-502,46	-1,3457e-003
-6,8608	99,216	-500,23	-1,319e-003
-4,4434	99,169	-494,73	-1,2435e-003
-6,6974	99,212	-497,85	-1,2915e-003
-6,5762	99,209	-495,56	-1,2654e-003
-4,4096	99,169	-490,03	-1,1921e-003
-6,5424	99,208	-493,35	-1,2409e-003
-6,6995	99,212	-491,06	-1,217e-003
-4,5923	99,171	-484,85	-1,1379e-003
-6,6995	99,212	-488,56	-1,1903e-003
-6,6835	99,212	-486,14	-1,1645e-003
-4,6241	99,172	-479,82	-1,0852e-003
-6,8661	99,216	-483,46	-1,1374e-003
-6,8057	99,214	-481,02	-1,1114e-003
-4,4414	99,169	-475,	-1,0342e-003
-6,6548	99,211	-478,67	-1,086e-003
-6,6225	99,21	-476,3	-1,0614e-003
-4,4096	99,169	-470,04	-9,8329e-004
-6,5908	99,209	-473,84	-1,0359e-003
-6,9394	99,218	-471,18	-1,0111e-003
-4,4096	99,169	-465,05	-9,3288e-004
-6,9394	99,218	-468,68	-9,8583e-004
-6,5303	99,208	-466,16	-9,577e-004
-4,4096	99,169	-460,05	-8,8313e-004
-6,5303	99,208	-463,67	-9,3279e-004
-6,8407	99,215	-461,25	-9,1093e-004
-4,4096	99,169	-455,05	-8,3408e-004
-6,8407	99,215	-458,75	-8,8626e-004
-6,4335	99,206	-456,34	-8,5986e-004
-4,4096	99,169	-450,06	-7,8562e-004
-6,4335	99,206	-453,84	-8,3555e-004
-6,7715	99,214	-451,29	-8,1327e-004
-4,4096	99,169	-445,06	-7,3794e-004
-6,7715	99,214	-448,79	-7,8938e-004
-6,7776	99,214	-446,12	-7,6402e-004
-4,4096	99,169	-440,07	-6,9106e-004
-6,7776	99,214	-443,62	-7,4052e-004
-6,7159	99,212	-441,26	-7,1804e-004
-4,4096	99,169	-435,07	-6,4503e-004
-6,7159	99,212	-438,77	-6,9494e-004
-6,4975	99,207	-436,48	-6,7228e-004
-4,4096	99,169	-430,08	-5,9991e-004
-6,4975	99,207	-433,98	-6,4961e-004
-6,6961	99,212	-431,67	-6,3022e-004
-4,4096	99,169	-425,08	-5,5564e-004
-6,6961	99,212	-429,17	-6,0797e-004
-7,0799	99,221	-426,23	-5,8494e-004
-4,4096	99,169	-420,08	-5,1228e-004
-7,0799	99,221	-423,73	-5,6315e-004
-6,6557	99,211	-420,91	-5,3547e-004
-4,4096	99,169	-415,09	-4,6983e-004
-6,6557	99,211	-418,41	-5,1413e-004
-6,6059	99,21	-415,79	-4,9161e-004
-4,4096	99,169	-410,09	-4,2829e-004
-6,6059	99,21	-413,29	-4,7076e-004
-6,6312	99,21	-410,78	-4,5017e-004
-4,4096	99,169	-405,1	-3,877e-004
-6,6312	99,21	-408,28	-4,2978e-004
-6,5288	99,208	-405,88	-4,0961e-004
-4,4096	99,169	-400,1	-3,4807e-004
-6,5288	99,208	-403,38	-3,8965e-004
-6,2372	99,202	-401,44	-3,7205e-004
-4,4096	99,169	-395,1	-3,0944e-004
-6,2372	99,202	-398,94	-3,5252e-004
-6,4474	99,206	-396,63	-3,3635e-004
-4,4096	99,169	-390,11	-2,7181e-004
-6,4474	99,206	-394,13	-3,1724e-004
-6,4054	99,205	-391,68	-2,9856e-004
-4,4096	99,169	-385,11	-2,3531e-004
-6,4054	99,205	-389,18	-2,8002e-004
-6,6	99,21	-386,71	-2,6362e-004
-4,4096	99,169	-380,12	-1,9993e-004
-6,6	99,21	-384,22	-2,4574e-004
-6,6369	99,211	-381,5	-2,2685e-004
-4,4096	99,169	-375,12	-1,6574e-004
-6,6369	99,211	-379,	-2,0947e-004
-6,5996	99,21	-376,26	-1,9056e-004
-4,4096	99,169	-370,13	-1,3281e-004
-6,5996	99,21	-373,76	-1,7379e-004
-6,6331	99,21	-371,29	-1,579e-004
-4,4096	99,169	-365,13	-1,011e-004
-6,6331	99,21	-368,79	-1,4174e-004
-6,6799	99,212	-366,27	-1,2628e-004
-4,4096	99,169	-360,13	-7,066e-005
-6,6799	99,212	-363,77	-1,1078e-004
-6,7166	99,212	-361,29	-9,6113e-005
-4,4096	99,169	-355,14	-4,1427e-005
-6,7166	99,212	-358,79	-8,1265e-005
-6,7472	99,213	-356,32	-6,7119e-005
-4,4096	99,169	-350,14	-1,3415e-005
-6,7472	99,213	-353,83	-5,295e-005
-6,7607	99,213	-351,44	-3,9688e-005
-4,4096	99,169	-345,15	1,3301e-005
-6,7607	99,213	-348,94	-2,6101e-005
-6,8199	99,215	-346,33	-1,2835e-005
-4,4096	99,169	-340,15	3,8754e-005
-6,8199	99,215	-343,84	1,4215e-007
-6,8483	99,215	-341,39	1,2284e-005
-4,4096	99,169	-335,15	6,2773e-005
-6,8483	99,215	-338,89	2,4694e-005
-6,8956	99,217	-336,41	3,6119e-005
-4,4096	99,169	-330,16	8,5586e-005
-6,8956	99,217	-333,91	4,774e-005
-6,9072	99,217	-331,34	5,9286e-005
-4,4096	99,169	-325,16	1,07e-004
-6,9072	99,217	-328,84	7,0271e-005
-6,9522	99,218	-326,4	8,0249e-005
-4,4096	99,169	-320,17	1,2694e-004
-6,9522	99,218	-323,9	9,0551e-005
-6,984	99,219	-321,41	1,0011e-004
-4,4096	99,169	-315,17	1,4538e-004
-6,984	99,219	-318,91	1,0967e-004
-7,0243	99,22	-316,45	1,1832e-004
-4,4096	99,169	-310,18	1,6227e-004
-7,0243	99,22	-313,95	1,2709e-004
-7,074	99,221	-311,53	1,3476e-004
-4,4096	99,169	-305,18	1,7771e-004
-7,074	99,221	-309,03	1,4289e-004
-7,0111	99,219	-306,54	1,5112e-004
-4,4096	99,169	-300,18	1,9163e-004
-7,0111	99,219	-304,04	1,5846e-004
-7,1678	99,223	-301,3	1,6456e-004
-4,4096	99,169	-295,19	2,0407e-004
-7,1678	99,223	-298,81	1,711e-004
-6,4978	99,207	-296,1	1,8403e-004
-4,4096	99,169	-290,19	2,1509e-004
-6,4978	99,207	-293,61	1,8987e-004
-6,484	99,207	-291,15	1,9547e-004
-4,4096	99,169	-285,2	2,2469e-004
-6,484	99,207	-288,65	2,0049e-004
-6,88	99,216	-285,99	2,0191e-004
-5,2523	99,182	-279,97	2,2635e-004
-6,88	99,216	-283,49	2,0621e-004
-5,8004	99,193	-274,42	2,29e-004
-8,7257	99,265	-278,46	1,9548e-004
-9,16	99,279	-276,59	1,934e-004
-7,7225	99,237	-280,76	2,0249e-004
-8,2126	99,25	-271,12	2,0924e-004
-8,8656	99,269	-273,78	1,9982e-004
-17,209	99,641	-270,72	1,0514e-004
-14,445	99,491	-269,54	1,4007e-004
-13,684	99,455	-271,82	1,4713e-004
-14,337	99,486	-274,48	1,3643e-004
-16,297	99,589	-481,59	-1,1892e-003
-15,157	99,527	-485,54	-1,2207e-003
-14,848	99,512	-483,04	-1,1924e-003
-15,264	99,533	-285,63	1,0897e-004
-13,36	99,44	-281,34	1,3899e-004
-12,357	99,396	-283,63	1,4711e-004
-13,747	99,458	-285,11	1,2813e-004
-15,085	99,524	-290,74	1,0134e-004
-13,647	99,453	-287,75	1,2451e-004
-13,628	99,452	-289,94	1,2042e-004
-15,449	99,543	-476,74	-1,1331e-003
-14,09	99,474	-480,67	-1,1621e-003
-13,895	99,465	-478,27	-1,136e-003
-14,928	99,516	-295,69	9,238e-005
-14,771	99,508	-300,64	8,2067e-005
-12,388	99,397	-299,04	1,1433e-004
-13,483	99,446	-296,88	1,0681e-004
-13,549	99,449	-292,42	1,162e-004
-13,562	99,449	-294,41	1,1162e-004
-15,271	99,533	-471,79	-1,082e-003
-13,806	99,461	-475,79	-1,1102e-003
-13,86	99,463	-473,78	-1,0903e-003
-15,429	99,542	-466,74	-1,0334e-003
-12,326	99,395	-469,57	-1,0356e-003
-13,771	99,459	-471,31	-1,0648e-003
-13,651	99,453	-467,81	-1,029e-003
-14,614	99,5	-305,59	7,0336e-005
-12,153	99,387	-304,26	1,0309e-004
-12,309	99,394	-301,52	1,0883e-004
-15,251	99,532	-461,79	-9,8356e-004
-13,897	99,465	-465,24	-1,0057e-003
-13,877	99,464	-463,51	-9,8862e-004
-14,458	99,492	-310,54	5,7148e-005
-12,137	99,387	-309,23	8,8461e-005
-12,074	99,384	-306,73	9,6807e-005
-15,021	99,52	-456,98	-9,3521e-004
-12,05	99,383	-459,68	-9,3595e-004
-13,453	99,444	-461,14	-9,6188e-004
-13,326	99,438	-458,11	-9,3146e-004
-14,844	99,511	-452,03	-8,8661e-004
-13,519	99,447	-455,67	-9,0972e-004
-13,541	99,448	-453,92	-8,9319e-004
-14,302	99,484	-315,49	4,2526e-005
-14,309	99,485	-320,24	2,5364e-005
-11,891	99,377	-319,06	5,7687e-005
-11,932	99,378	-316,6	6,6149e-005
-12,01	99,381	-314,13	7,3897e-005
-12,059	99,384	-311,7	8,1431e-005
-14,387	99,489	-447,04	-8,3578e-004
-11,804	99,373	-449,77	-8,3875e-004
-11,81	99,373	-447,09	-8,1366e-004
-13,172	99,431	-451,41	-8,6611e-004
-14,355	99,487	-324,96	6,6013e-006
-11,944	99,379	-323,83	3,8851e-005
-11,976	99,38	-321,34	4,8202e-005
-14,216	99,48	-442,06	-7,8834e-004
-11,722	99,37	-444,62	-7,8977e-004
-11,661	99,367	-442,26	-7,6743e-004
-14,264	99,483	-329,88	-1,2667e-005
-11,862	99,375	-328,71	1,9728e-005
-11,906	99,377	-326,26	2,9408e-005
-13,914	99,466	-436,9	-7,388e-004
-11,578	99,364	-439,76	-7,4374e-004
-11,36	99,356	-437,47	-7,21e-004
-14,151	99,477	-334,85	-3,3306e-005
-11,796	99,373	-333,76	-1,7219e-006
-11,807	99,373	-331,19	9,6555e-006
-13,978	99,469	-431,34	-6,9e-004
-11,14	99,347	-434,81	-6,9508e-004
-11,338	99,355	-432,5	-6,7619e-004
-14,027	99,471	-339,82	-5,5077e-005
-11,69	99,369	-338,74	-2,3702e-005
-11,737	99,37	-336,26	-1,2515e-005
-13,888	99,464	-344,85	-7,8301e-005
-11,597	99,365	-343,66	-4,6874e-005
-11,625	99,366	-341,21	-3,5012e-005
-14,612	99,5	-426,26	-6,5189e-004
-11,623	99,366	-429,6	-6,5312e-004
-12,006	99,381	-426,66	-6,3089e-004
-14,194	99,479	-421,95	-6,1111e-004
-12,356	99,396	-424,49	-6,1536e-004
-13,745	99,458	-349,96	-1,033e-004
-11,462	99,36	-348,82	-7,216e-005
-11,522	99,362	-346,21	-5,9138e-005
-13,339	99,439	-417,33	-5,6419e-004
-11,588	99,364	-422,34	-5,8998e-004
-11,164	99,348	-419,52	-5,6207e-004
-13,631	99,452	-354,98	-1,2942e-004
-11,381	99,356	-353,76	-9,8215e-005
-11,395	99,357	-351,37	-8,517e-005
-13,355	99,44	-412,54	-5,2493e-004
-11,077	99,345	-417,04	-5,4048e-004
-11,027	99,343	-414,42	-5,1824e-004
-13,538	99,448	-359,94	-1,5666e-004
-11,304	99,353	-358,7	-1,2541e-004
-11,335	99,355	-356,24	-1,116e-004
-13,421	99,443	-407,72	-4,8677e-004
-11,13	99,347	-412,11	-5,0018e-004
-11,156	99,348	-409,59	-4,7996e-004
-13,442	99,444	-364,9	-1,8513e-004
-11,221	99,35	-363,66	-1,5395e-004
-11,258	99,352	-361,18	-1,3946e-004
-13,058	99,426	-402,61	-4,4303e-004
-11,118	99,346	-407,09	-4,5952e-004
-11,016	99,342	-404,69	-4,3945e-004
-13,344	99,439	-369,87	-2,1487e-004
-11,125	99,347	-368,66	-1,8386e-004
-11,172	99,348	-366,14	-1,6859e-004
-12,994	99,423	-396,83	-3,9816e-004
-10,691	99,33	-402,08	-4,1597e-004
-10,399	99,32	-400,15	-3,9813e-004
-10,61	99,327	-397,83	-3,8234e-004
-13,239	99,434	-374,99	-2,4664e-004
-11,043	99,343	-373,62	-2,1485e-004
-11,076	99,345	-371,15	-1,9914e-004
-13,259	99,435	-391,15	-3,588e-004
-10,87	99,337	-394,65	-3,6083e-004
-10,828	99,335	-392,2	-3,4218e-004
-13,335	99,439	-380,53	-2,8473e-004
-11,023	99,343	-379,	-2,5046e-004
-10,986	99,341	-376,26	-2,3164e-004
-13,376	99,441	-386,05	-3,2343e-004
-10,832	99,336	-389,7	-3,239e-004
-11,027	99,343	-387,24	-3,08e-004
-11,139	99,347	-384,63	-2,9061e-004
-11,176	99,348	-381,91	-2,7196e-004
-11,571	99,364	-273,3	1,7046e-004
-12,436	99,399	-506,94	-1,4326e-003
-10,355	99,318	-506,1	-1,4087e-003
-13,191	99,432	-489,34	-1,2451e-003
-13,076	99,427	-493,75	-1,2912e-003
-10,9	99,338	-492,87	-1,2655e-003
-11,057	99,344	-490,57	-1,2421e-003
-11,124	99,346	-488,36	-1,2191e-003
-11,108	99,346	-485,94	-1,1935e-003
-12,949	99,422	-484,62	-1,1938e-003
-13,075	99,427	-498,27	-1,3401e-003
-10,973	99,341	-497,36	-1,3149e-003
-10,852	99,336	-495,07	-1,289e-003
-13,339	99,439	-502,74	-1,3915e-003
-11,258	99,352	-501,91	-1,3673e-003
-11,019	99,343	-499,68	-1,3407e-003
-11,476	99,36	-504,06	-1,3931e-003
-11,79	99,373	-277,82	1,6239e-004
-10,353	99,318	-281,98	1,7265e-004
-9,1556	99,278	-501,	-1,3425e-003
-8,796	99,267	-496,48	-1,2899e-003
-8,8319	99,268	-491,89	-1,2403e-003
-8,9729	99,273	-487,17	-1,1909e-003
-8,8965	99,27	-482,31	-1,1394e-003
-10,799	99,334	-483,44	-1,1651e-003
-8,8039	99,268	-477,51	-1,089e-003
-10,739	99,332	-481,	-1,1393e-003
-10,544	99,325	-478,6	-1,1131e-003
-9,1201	99,277	-472,48	-1,0399e-003
-10,512	99,324	-476,23	-1,0886e-003
-10,566	99,326	-474,22	-1,0686e-003
-9,0596	99,275	-467,3	-9,8733e-004
-10,914	99,339	-471,56	-1,0443e-003
-10,794	99,334	-468,06	-1,0083e-003
-8,9609	99,272	-462,36	-9,3748e-004
-10,385	99,319	-465,55	-9,8008e-004
-10,365	99,319	-463,82	-9,6286e-004
-8,8642	99,269	-457,53	-8,8942e-004
-10,675	99,33	-461,4	-9,4151e-004
-10,548	99,325	-458,37	-9,1092e-004
-8,795	99,267	-452,57	-8,4086e-004
-10,141	99,311	-455,96	-8,8422e-004
-10,163	99,312	-454,21	-8,6754e-004
-9,139	99,278	-447,35	-7,9377e-004
-10,501	99,324	-451,66	-8,4585e-004
-9,0834	99,276	-442,32	-7,4621e-004
-8,8034	99,268	-437,68	-7,0115e-004
-8,7837	99,267	-433,08	-6,5934e-004
-9,3659	99,285	-427,82	-6,1759e-004
-9,3255	99,284	-422,05	-5,6724e-004
-8,8516	99,269	-416,61	-5,1693e-004
-8,8271	99,268	-411,48	-4,7414e-004
-8,75	99,266	-406,56	-4,3363e-004
-8,3561	99,255	-402,23	-3,9574e-004
-8,2747	99,252	-397,97	-3,6197e-004
-8,4429	99,257	-393,2	-3,2726e-004
-8,5955	99,261	-388,28	-2,9244e-004
-8,827	99,268	-383,1	-2,5741e-004
-8,8265	99,268	-377,64	-2,1976e-004
-8,8227	99,268	-372,42	-1,8506e-004
-8,903	99,271	-367,42	-1,5385e-004
-8,9865	99,273	-362,42	-1,239e-004
-9,0538	99,275	-357,48	-9,544e-005
-9,0978	99,277	-352,62	-6,833e-005
-9,1706	99,279	-347,63	-4,2012e-005
-9,2581	99,282	-342,58	-1,6775e-005
-9,3337	99,284	-337,65	6,5266e-006
-9,3927	99,286	-332,59	2,9392e-005
-9,4493	99,288	-327,57	5,065e-005
-9,526	99,29	-322,64	6,995e-005
-9,5981	99,293	-317,69	8,7889e-005
-9,6881	99,296	-312,81	1,0407e-004
-9,675	99,295	-307,9	1,1998e-004
-9,7687	99,298	-302,66	1,3417e-004
-9,2555	99,282	-297,22	1,5391e-004
-11,021	99,343	-297,77	1,3311e-004
-8,5719	99,261	-292,07	1,7287e-004
-10,339	99,318	-293,07	1,517e-004
-10,352	99,318	-295,07	1,4709e-004
-8,954	99,272	-286,95	1,7927e-004
-10,344	99,318	-288,42	1,6132e-004
-10,325	99,317	-290,62	1,5713e-004
-10,74	99,332	-285,76	1,6192e-004
-12,446	99,4	-479,72	-1,1394e-003
-12,111	99,386	-289,43	1,3926e-004
-12,104	99,385	-293,61	1,3054e-004
-12,306	99,394	-475,31	-1,0933e-003
-12,098	99,385	-464,58	-9,8435e-004
-11,846	99,375	-455,05	-8,8952e-004
