X-Position (mm)	Y-Position (mm)	Z-Position (mm)	Verschiebungskomponente (mm)
-22,5	100,	-520,	-1,3843e-003
-22,5	100,	0,	-1,2649e-003
-22,5	99,998	-5,	-1,22e-003
-22,5	99,997	-10,	-1,1763e-003
-22,5	99,995	-15,	-1,1342e-003
-22,5	99,994	-20,	-1,0934e-003
-22,5	99,992	-25,	-1,0535e-003
-22,5	99,991	-30,	-1,0144e-003
-22,5	99,989	-35,	-9,7599e-004
-22,5	99,988	-40,	-9,3812e-004
-22,5	99,986	-45,	-9,008e-004
-22,5	99,985	-50,	-8,6401e-004
-22,5	99,984	-55,	-8,2773e-004
-22,5	99,982	-60,	-7,9201e-004
-22,5	99,981	-65,	-7,5682e-004
-22,5	99,98	-70,	-7,222e-004
22,5	100,	0,	-1,1462e-003
-2,2142e-002	99,135	-260,22	1,5501e-004
-21,933	99,957	-260,22	-1,8161e-005
-4,4082	99,169	-260,22	1,3608e-004
-8,7933	99,267	-260,22	1,0464e-004
-13,176	99,432	-260,22	6,6035e-005
-17,557	99,662	-260,22	2,4398e-005
-2,2142e-002	99,135	-520,	-1,2886e-003
-2,2142e-002	99,135	-515,	-1,2347e-003
-2,2142e-002	99,135	-510,01	-1,1849e-003
-2,2142e-002	99,135	-505,01	-1,1374e-003
-2,2142e-002	99,135	-500,02	-1,0915e-003
-2,2142e-002	99,135	-495,02	-1,0468e-003
-2,2142e-002	99,135	-490,03	-1,0031e-003
-2,2142e-002	99,135	-485,03	-9,6031e-004
-2,2142e-002	99,135	-480,03	-9,1815e-004
-2,2142e-002	99,135	-475,04	-8,7661e-004
-2,2142e-002	99,135	-470,04	-8,3563e-004
-2,2142e-002	99,135	-465,05	-7,9518e-004
-2,2142e-002	99,135	-460,05	-7,5523e-004
-2,2142e-002	99,135	-455,05	-7,1585e-004
-2,2142e-002	99,135	-450,06	-6,7699e-004
-2,2142e-002	99,135	-445,06	-6,3872e-004
-2,2142e-002	99,135	-440,07	-6,011e-004
-2,2142e-002	99,135	-435,07	-5,6415e-004
-2,2142e-002	99,135	-430,08	-5,2792e-004
-2,2142e-002	99,135	-425,08	-4,924e-004
-2,2142e-002	99,135	-420,08	-4,576e-004
-2,2142e-002	99,135	-415,09	-4,2352e-004
-2,2142e-002	99,135	-410,09	-3,902e-004
-2,2142e-002	99,135	-405,1	-3,5758e-004
-2,2142e-002	99,135	-400,1	-3,2578e-004
-2,2142e-002	99,135	-395,1	-2,9475e-004
-2,2142e-002	99,135	-390,11	-2,6461e-004
-2,2142e-002	99,135	-385,11	-2,3523e-004
-2,2142e-002	99,135	-380,12	-2,0686e-004
-2,2142e-002	99,135	-375,12	-1,7941e-004
-2,2142e-002	99,135	-370,13	-1,5294e-004
-2,2142e-002	99,135	-365,13	-1,2747e-004
-2,2142e-002	99,135	-360,13	-1,0302e-004
-2,2142e-002	99,135	-355,14	-7,9548e-005
-2,2142e-002	99,135	-350,14	-5,7101e-005
-2,2142e-002	99,135	-345,15	-3,5609e-005
-2,2142e-002	99,135	-340,15	-1,5195e-005
-2,2142e-002	99,135	-335,15	4,1458e-006
-2,2142e-002	99,135	-330,16	2,2457e-005
-2,2142e-002	99,135	-325,16	3,9646e-005
-2,2142e-002	99,135	-320,17	5,5671e-005
-2,2142e-002	99,135	-315,17	7,0357e-005
-2,2142e-002	99,135	-310,18	8,4014e-005
-2,2142e-002	99,135	-305,18	9,6367e-005
-2,2142e-002	99,135	-300,18	1,0757e-004
-2,2142e-002	99,135	-295,19	1,1759e-004
-2,2142e-002	99,135	-290,19	1,2643e-004
-2,2142e-002	99,135	-285,2	1,3413e-004
-2,2142e-002	99,135	-280,2	1,4059e-004
-2,2142e-002	99,135	-275,2	1,4595e-004
-2,2142e-002	99,135	-270,21	1,5025e-004
-2,2142e-002	99,135	-265,21	1,5331e-004
-18,011	99,689	-520,	-1,3611e-003
-13,517	99,447	-520,	-1,3394e-003
-9,0207	99,274	-520,	-1,3196e-003
-4,522	99,17	-520,	-1,3024e-003
-21,933	99,957	-265,21	-1,9905e-005
-21,934	99,957	-270,21	-2,2715e-005
-21,935	99,957	-275,2	-2,6702e-005
-21,936	99,957	-280,2	-3,1873e-005
-21,938	99,957	-285,2	-3,8147e-005
-21,941	99,957	-290,19	-4,5523e-005
-21,944	99,958	-295,19	-5,4046e-005
-21,947	99,958	-300,18	-6,3635e-005
-21,951	99,958	-305,18	-7,4335e-005
-21,955	99,959	-310,18	-8,6165e-005
-21,959	99,959	-315,17	-9,9109e-005
-21,964	99,959	-320,17	-1,1309e-004
-21,97	99,96	-325,16	-1,2815e-004
-21,975	99,96	-330,16	-1,4429e-004
-21,982	99,961	-335,15	-1,615e-004
-21,988	99,961	-340,15	-1,7977e-004
-21,995	99,962	-345,15	-1,9903e-004
-22,003	99,962	-350,14	-2,193e-004
-22,011	99,963	-355,14	-2,4056e-004
-22,019	99,963	-360,13	-2,6281e-004
-22,028	99,964	-365,13	-2,8602e-004
-22,037	99,965	-370,13	-3,1018e-004
-22,047	99,965	-375,12	-3,3524e-004
-22,057	99,966	-380,12	-3,6119e-004
-22,067	99,967	-385,11	-3,8803e-004
-22,078	99,968	-390,11	-4,1576e-004
-22,089	99,969	-395,1	-4,4433e-004
-22,1	99,97	-400,1	-4,7374e-004
-22,112	99,97	-405,1	-5,0395e-004
-22,125	99,971	-410,09	-5,3492e-004
-22,138	99,972	-415,09	-5,6665e-004
-22,151	99,973	-420,08	-5,9911e-004
-22,165	99,974	-425,08	-6,323e-004
-22,179	99,975	-430,08	-6,6616e-004
-22,193	99,977	-435,07	-7,0067e-004
-22,208	99,978	-440,07	-7,3581e-004
-22,223	99,979	-445,06	-7,7163e-004
-22,239	99,98	-450,06	-8,0808e-004
-22,255	99,981	-455,05	-8,4512e-004
-22,271	99,982	-460,05	-8,8273e-004
-22,288	99,984	-465,05	-9,2084e-004
-22,305	99,985	-470,04	-9,5953e-004
-22,323	99,986	-475,04	-9,9872e-004
-22,341	99,988	-480,03	-1,0384e-003
-22,36	99,989	-485,03	-1,0787e-003
-22,378	99,991	-490,03	-1,1195e-003
-22,398	99,992	-495,02	-1,161e-003
-22,417	99,994	-500,02	-1,2032e-003
-22,437	99,995	-505,01	-1,2465e-003
-22,458	99,997	-510,01	-1,291e-003
-22,479	99,998	-515,	-1,3371e-003
21,933	99,957	-260,22	9,7483e-005
17,548	99,661	-260,22	1,1691e-004
13,159	99,431	-260,22	1,354e-004
8,7667	99,267	-260,22	1,5095e-004
4,3728	99,168	-260,22	1,592e-004
22,5	100,	-520,	-1,2656e-003
22,223	99,979	-445,06	-6,5438e-004
22,208	99,978	-440,07	-6,1867e-004
22,193	99,977	-435,07	-5,836e-004
22,179	99,975	-430,08	-5,4917e-004
22,165	99,974	-425,08	-5,1539e-004
22,151	99,973	-420,08	-4,8227e-004
22,138	99,972	-415,09	-4,4989e-004
22,125	99,971	-410,09	-4,1823e-004
22,112	99,97	-405,1	-3,8732e-004
22,1	99,97	-400,1	-3,5718e-004
22,089	99,969	-395,1	-3,2784e-004
22,078	99,968	-390,11	-2,9932e-004
22,067	99,967	-385,11	-2,7164e-004
22,057	99,966	-380,12	-2,4487e-004
22,047	99,965	-375,12	-2,1897e-004
22,037	99,965	-370,13	-1,9394e-004
22,028	99,964	-365,13	-1,6983e-004
22,019	99,963	-360,13	-1,4665e-004
22,011	99,963	-355,14	-1,2445e-004
22,003	99,962	-350,14	-1,0324e-004
21,995	99,962	-345,15	-8,3019e-005
21,988	99,961	-340,15	-6,3778e-005
21,982	99,961	-335,15	-4,5553e-005
21,975	99,96	-330,16	-2,8373e-005
21,97	99,96	-325,16	-1,2278e-005
21,964	99,959	-320,17	2,735e-006
21,959	99,959	-315,17	1,669e-005
21,955	99,959	-310,18	2,9585e-005
21,951	99,958	-305,18	4,1392e-005
21,947	99,958	-300,18	5,2073e-005
21,944	99,958	-295,19	6,1648e-005
21,941	99,957	-290,19	7,0118e-005
21,938	99,957	-285,2	7,7494e-005
21,936	99,957	-280,2	8,3729e-005
21,935	99,957	-275,2	8,8875e-005
21,934	99,957	-270,21	9,2867e-005
21,933	99,957	-265,21	9,5705e-005
4,4865	99,17	-520,	-1,2786e-003
8,9942	99,273	-520,	-1,272e-003
13,5	99,446	-520,	-1,2681e-003
18,002	99,689	-520,	-1,266e-003
-22,227	99,979	-73,646	-6,9543e-004
-22,212	99,978	-78,556	-6,6234e-004
-22,197	99,977	-83,466	-6,2987e-004
-22,183	99,976	-88,375	-5,9803e-004
-22,169	99,975	-93,285	-5,6679e-004
-22,156	99,974	-98,195	-5,3622e-004
-22,142	99,973	-103,1	-5,0632e-004
-22,13	99,972	-108,01	-4,7712e-004
-22,117	99,971	-112,92	-4,4865e-004
-22,105	99,97	-117,83	-4,2092e-004
-22,094	99,969	-122,74	-3,9394e-004
-22,083	99,968	-127,65	-3,6774e-004
-22,072	99,967	-132,56	-3,4237e-004
-22,061	99,967	-137,47	-3,1783e-004
-22,051	99,966	-142,38	-2,9417e-004
-22,042	99,965	-147,29	-2,7136e-004
-22,033	99,964	-152,2	-2,4939e-004
-22,024	99,964	-157,11	-2,2833e-004
-22,015	99,963	-162,02	-2,0821e-004
-22,007	99,963	-166,93	-1,8901e-004
-22,	99,962	-171,84	-1,7078e-004
-21,993	99,961	-176,75	-1,5349e-004
-21,986	99,961	-181,66	-1,3718e-004
-21,979	99,96	-186,57	-1,2187e-004
-21,973	99,96	-191,48	-1,0758e-004
-21,968	99,96	-196,39	-9,432e-005
-21,963	99,959	-201,3	-8,2092e-005
-21,958	99,959	-206,21	-7,089e-005
-21,954	99,958	-211,12	-6,0718e-005
-21,95	99,958	-216,03	-5,1626e-005
-21,946	99,958	-220,94	-4,3618e-005
-21,943	99,958	-225,85	-3,6687e-005
-21,94	99,957	-230,76	-3,0813e-005
-21,938	99,957	-235,67	-2,598e-005
-21,936	99,957	-240,58	-2,2236e-005
-21,935	99,957	-245,49	-1,9567e-005
-21,934	99,957	-250,4	-1,8007e-005
-21,933	99,957	-255,31	-1,757e-005
-2,2142e-002	99,135	0,	-1,1692e-003
-18,011	99,689	0,	-1,2417e-003
-13,517	99,447	0,	-1,22e-003
-9,0207	99,274	0,	-1,2002e-003
-4,522	99,17	0,	-1,183e-003
-2,2142e-002	99,135	-255,31	1,5563e-004
-2,2142e-002	99,135	-250,4	1,5502e-004
-2,2142e-002	99,135	-245,49	1,5321e-004
-2,2142e-002	99,135	-240,58	1,5027e-004
-2,2142e-002	99,135	-235,67	1,4634e-004
-2,2142e-002	99,135	-230,76	1,4118e-004
-2,2142e-002	99,135	-225,85	1,3498e-004
-2,2142e-002	99,135	-220,94	1,2761e-004
-2,2142e-002	99,135	-216,03	1,1913e-004
-2,2142e-002	99,135	-211,12	1,0955e-004
-2,2142e-002	99,135	-206,21	9,8668e-005
-2,2142e-002	99,135	-201,3	8,68e-005
-2,2142e-002	99,135	-196,39	7,3673e-005
-2,2142e-002	99,135	-191,48	5,9412e-005
-2,2142e-002	99,135	-186,57	4,4122e-005
-2,2142e-002	99,135	-181,66	2,7705e-005
-2,2142e-002	99,135	-176,75	1,0313e-005
-2,2142e-002	99,135	-171,84	-8,092e-006
-2,2142e-002	99,135	-166,93	-2,7534e-005
-2,2142e-002	99,135	-162,02	-4,7869e-005
-2,2142e-002	99,135	-157,11	-6,9272e-005
-2,2142e-002	99,135	-152,2	-9,1522e-005
-2,2142e-002	99,135	-147,29	-1,1474e-004
-2,2142e-002	99,135	-142,38	-1,3904e-004
-2,2142e-002	99,135	-137,47	-1,6424e-004
-2,2142e-002	99,135	-132,56	-1,9031e-004
-2,2142e-002	99,135	-127,65	-2,173e-004
-2,2142e-002	99,135	-122,74	-2,4506e-004
-2,2142e-002	99,135	-117,83	-2,7362e-004
-2,2142e-002	99,135	-112,92	-3,0296e-004
-2,2142e-002	99,135	-108,01	-3,3297e-004
-2,2142e-002	99,135	-103,1	-3,6381e-004
-2,2142e-002	99,135	-98,195	-3,9529e-004
-2,2142e-002	99,135	-93,285	-4,2746e-004
-2,2142e-002	99,135	-88,376	-4,6035e-004
-2,2142e-002	99,135	-83,466	-4,9392e-004
-2,2142e-002	99,135	-78,556	-5,2813e-004
-2,2142e-002	99,135	-73,646	-5,6306e-004
-2,2142e-002	99,135	-68,737	-5,985e-004
-2,2142e-002	99,135	-63,827	-6,3458e-004
-2,2142e-002	99,135	-58,917	-6,7116e-004
-2,2142e-002	99,135	-54,007	-7,0824e-004
-2,2142e-002	99,135	-49,098	-7,4586e-004
-2,2142e-002	99,135	-44,188	-7,8402e-004
-2,2142e-002	99,135	-39,278	-8,2269e-004
-2,2142e-002	99,135	-34,368	-8,6191e-004
-2,2142e-002	99,135	-29,459	-9,0186e-004
-2,2142e-002	99,135	-24,549	-9,4256e-004
-2,2142e-002	99,135	-19,639	-9,843e-004
-2,2142e-002	99,135	-14,729	-1,0272e-003
-2,2142e-002	99,135	-9,8195	-1,0717e-003
-2,2142e-002	99,135	-4,9098	-1,1185e-003
4,4865	99,17	0,	-1,1592e-003
8,9942	99,273	0,	-1,1526e-003
13,5	99,446	0,	-1,1486e-003
18,002	99,689	0,	-1,1466e-003
22,5	99,98	-451,32	-7,0041e-004
22,5	99,981	-456,23	-7,3676e-004
22,5	99,983	-461,13	-7,7366e-004
22,5	99,984	-466,04	-8,1108e-004
22,5	99,985	-470,94	-8,4902e-004
22,5	99,987	-475,85	-8,8746e-004
22,5	99,988	-480,75	-9,2641e-004
22,5	99,989	-485,66	-9,659e-004
22,5	99,991	-490,57	-1,0059e-003
22,5	99,992	-495,47	-1,0466e-003
22,5	99,994	-500,38	-1,088e-003
22,5	99,995	-505,28	-1,1305e-003
22,5	99,997	-510,19	-1,1741e-003
22,5	99,998	-515,09	-1,2193e-003
21,933	99,957	-255,31	9,8109e-005
21,934	99,957	-250,4	9,7681e-005
21,935	99,957	-245,49	9,6116e-005
21,936	99,957	-240,58	9,3454e-005
21,938	99,957	-235,67	8,9709e-005
21,94	99,957	-230,76	8,4895e-005
21,943	99,958	-225,85	7,9024e-005
21,946	99,958	-220,94	7,208e-005
21,95	99,958	-216,03	6,4073e-005
21,954	99,958	-211,12	5,499e-005
21,958	99,959	-206,21	4,4853e-005
21,963	99,959	-201,3	3,3679e-005
21,968	99,96	-196,39	2,1493e-005
21,973	99,96	-191,48	8,281e-006
21,979	99,96	-186,57	-5,9745e-006
21,986	99,961	-181,66	-2,1242e-005
21,993	99,961	-176,75	-3,7505e-005
22,	99,962	-171,84	-5,4743e-005
22,007	99,963	-166,93	-7,2945e-005
22,015	99,963	-162,02	-9,2081e-005
22,024	99,964	-157,11	-1,1216e-004
22,033	99,964	-152,2	-1,3318e-004
22,042	99,965	-147,29	-1,5509e-004
22,051	99,966	-142,38	-1,7787e-004
22,061	99,967	-137,47	-2,0149e-004
22,072	99,967	-132,56	-2,2595e-004
22,083	99,968	-127,65	-2,5127e-004
22,094	99,969	-122,74	-2,7741e-004
22,105	99,97	-117,83	-3,0432e-004
22,117	99,971	-112,92	-3,3201e-004
22,13	99,972	-108,01	-3,6041e-004
22,142	99,973	-103,1	-3,8953e-004
22,156	99,974	-98,195	-4,1935e-004
22,169	99,975	-93,285	-4,4988e-004
22,183	99,976	-88,375	-4,8104e-004
22,197	99,977	-83,466	-5,128e-004
22,212	99,978	-78,556	-5,4518e-004
22,227	99,979	-73,646	-5,7818e-004
22,243	99,98	-68,736	-6,1184e-004
22,258	99,982	-63,827	-6,4602e-004
22,275	99,983	-58,917	-6,8073e-004
22,291	99,984	-54,007	-7,1597e-004
22,308	99,985	-49,097	-7,5173e-004
22,326	99,987	-44,188	-7,8798e-004
22,344	99,988	-39,278	-8,2475e-004
22,362	99,989	-34,368	-8,6203e-004
22,38	99,991	-29,458	-8,9984e-004
22,399	99,992	-24,549	-9,3829e-004
22,419	99,994	-19,639	-9,7753e-004
22,438	99,995	-14,729	-1,0177e-003
22,459	99,997	-9,8195	-1,0592e-003
22,479	99,998	-4,9097	-1,1021e-003
22,5	99,988	-480,03	-9,2065e-004
22,5	99,986	-475,04	-8,8108e-004
22,5	99,985	-470,04	-8,4201e-004
22,5	99,984	-465,05	-8,0348e-004
22,5	99,982	-460,05	-7,6549e-004
22,5	99,981	-455,05	-7,2803e-004
22,5	99,98	-450,06	-6,9114e-004
22,227	99,979	-446,42	-6,6416e-004
22,341	99,988	-39,999	-8,1931e-004
22,323	99,986	-44,999	-7,8195e-004
22,305	99,985	-49,999	-7,4513e-004
22,288	99,984	-54,999	-7,088e-004
22,271	99,982	-59,999	-6,7303e-004
22,255	99,981	-64,999	-6,3783e-004
22,239	99,98	-69,999	-6,0315e-004
22,223	99,979	-74,999	-5,6904e-004
22,208	99,978	-79,999	-5,356e-004
22,193	99,977	-85,017	-5,027e-004
22,178	99,975	-90,015	-4,7058e-004
22,164	99,974	-94,999	-4,3916e-004
22,151	99,973	-99,999	-4,0831e-004
22,137	99,972	-105,	-3,782e-004
22,125	99,971	-110,	-3,4883e-004
22,112	99,97	-115,	-3,202e-004
22,1	99,969	-120,	-2,9236e-004
22,089	99,969	-125,	-2,653e-004
22,077	99,968	-130,	-2,3907e-004
22,067	99,967	-135,	-2,137e-004
22,056	99,966	-140,	-1,8922e-004
22,046	99,965	-145,	-1,6561e-004
22,037	99,965	-150,	-1,4289e-004
22,028	99,964	-155,	-1,2108e-004
22,019	99,963	-160,	-1,0023e-004
22,011	99,963	-165,	-8,0356e-005
22,003	99,962	-170,	-6,1464e-005
21,995	99,962	-175,	-4,3545e-005
21,988	99,961	-180,	-2,6644e-005
21,981	99,961	-185,	-1,075e-005
21,975	99,96	-190,	4,0943e-006
21,969	99,96	-195,	1,7853e-005
21,964	99,959	-200,	3,0537e-005
21,959	99,959	-205,	4,219e-005
21,954	99,959	-210,	5,2766e-005
21,95	99,958	-215,	6,2252e-005
21,947	99,958	-220,	7,0625e-005
21,943	99,958	-225,	7,7885e-005
21,941	99,957	-230,	8,4058e-005
21,938	99,957	-235,	8,9113e-005
21,938	99,957	-284,53	7,8395e-005
21,94	99,957	-289,43	7,1303e-005
21,943	99,958	-294,34	6,3165e-005
21,946	99,958	-299,25	5,3965e-005
21,95	99,958	-304,15	4,3687e-005
21,954	99,958	-309,06	3,2324e-005
21,958	99,959	-313,96	1,99e-005
21,963	99,959	-318,87	6,4647e-006
21,968	99,96	-323,77	-7,9874e-006
21,974	99,96	-328,68	-2,3486e-005
21,98	99,96	-333,59	-4,0035e-005
21,986	99,961	-338,49	-5,7603e-005
21,993	99,961	-343,38	-7,6102e-005
22,	99,962	-348,28	-9,5596e-005
22,008	99,963	-353,21	-1,1615e-004
22,016	99,963	-358,11	-1,3756e-004
22,024	99,964	-363,02	-1,5993e-004
22,033	99,964	-367,93	-1,8321e-004
22,042	99,965	-372,83	-2,0739e-004
22,052	99,966	-377,74	-2,3243e-004
22,062	99,967	-382,64	-2,5829e-004
22,072	99,967	-387,55	-2,8502e-004
22,083	99,968	-392,45	-3,126e-004
22,094	99,969	-397,36	-3,4097e-004
22,106	99,97	-402,27	-3,7014e-004
22,118	99,971	-407,17	-4,0005e-004
22,13	99,972	-412,08	-4,3072e-004
22,143	99,973	-416,98	-4,6209e-004
22,156	99,974	-421,89	-4,9415e-004
22,169	99,975	-426,79	-5,269e-004
22,183	99,976	-431,7	-5,6026e-004
22,197	99,977	-436,58	-5,9413e-004
22,212	99,978	-441,51	-6,2891e-004
-22,344	99,988	-480,76	-1,0442e-003
-22,326	99,987	-475,85	-1,0051e-003
-22,309	99,985	-470,94	-9,6656e-004
-22,291	99,984	-466,04	-9,2848e-004
-22,275	99,983	-461,13	-8,9093e-004
-22,259	99,982	-456,23	-8,5389e-004
-22,243	99,98	-451,32	-8,1738e-004
-22,227	99,979	-446,42	-7,8143e-004
-22,5	99,988	-39,278	-9,4356e-004
-22,5	99,987	-44,188	-9,0683e-004
-22,5	99,985	-49,097	-8,7061e-004
-22,5	99,984	-54,007	-8,3489e-004
-22,5	99,983	-58,917	-7,9969e-004
-22,5	99,981	-63,827	-7,6503e-004
-22,5	99,98	-68,736	-7,3089e-004
-21,938	99,957	-235,	-2,658e-005
-21,941	99,957	-230,	-3,1648e-005
-21,943	99,958	-225,	-3,7819e-005
-21,947	99,958	-220,	-4,5073e-005
-21,95	99,958	-215,	-5,3449e-005
-21,954	99,959	-210,	-6,2946e-005
-21,959	99,959	-205,	-7,355e-005
-21,964	99,959	-200,	-8,5237e-005
-21,969	99,96	-195,	-9,7954e-005
-21,975	99,96	-190,	-1,1178e-004
-21,981	99,961	-185,	-1,2666e-004
-21,988	99,961	-180,	-1,4259e-004
-21,995	99,962	-175,	-1,5954e-004
-22,003	99,962	-170,	-1,775e-004
-22,011	99,963	-165,	-1,9645e-004
-22,019	99,963	-160,	-2,1637e-004
-22,028	99,964	-155,	-2,3728e-004
-22,037	99,965	-150,	-2,5913e-004
-22,046	99,965	-145,	-2,819e-004
-22,056	99,966	-140,	-3,0555e-004
-22,067	99,967	-135,	-3,3009e-004
-22,077	99,968	-130,	-3,5552e-004
-22,089	99,969	-125,	-3,8181e-004
-22,1	99,969	-120,	-4,0892e-004
-22,112	99,97	-115,	-4,3684e-004
-22,125	99,971	-110,	-4,6552e-004
-22,137	99,972	-105,	-4,9497e-004
-22,151	99,973	-99,999	-5,2515e-004
-22,164	99,974	-94,999	-5,5604e-004
-22,178	99,975	-90,015	-5,8753e-004
-22,193	99,977	-85,017	-6,1975e-004
-22,208	99,978	-79,999	-6,5273e-004
-22,223	99,979	-74,999	-6,8625e-004
-22,212	99,978	-441,51	-7,4609e-004
-22,197	99,977	-436,58	-7,1122e-004
-22,183	99,976	-431,7	-6,7728e-004
-22,169	99,975	-426,79	-6,4384e-004
-22,156	99,974	-421,89	-6,1102e-004
-22,143	99,973	-416,98	-5,7888e-004
-22,13	99,972	-412,08	-5,4743e-004
-22,118	99,971	-407,17	-5,1672e-004
-22,106	99,97	-402,27	-4,8674e-004
-22,094	99,969	-397,36	-4,575e-004
-22,083	99,968	-392,45	-4,2907e-004
-22,072	99,967	-387,55	-4,0144e-004
-22,062	99,967	-382,64	-3,7465e-004
-22,052	99,966	-377,74	-3,4871e-004
-22,042	99,965	-372,83	-3,2363e-004
-22,033	99,964	-367,93	-2,9942e-004
-22,024	99,964	-363,02	-2,761e-004
-22,016	99,963	-358,11	-2,537e-004
-22,008	99,963	-353,21	-2,3224e-004
-22,	99,962	-348,28	-2,1163e-004
-21,993	99,961	-343,38	-1,9211e-004
-21,986	99,961	-338,49	-1,7359e-004
-21,98	99,96	-333,59	-1,5598e-004
-21,974	99,96	-328,68	-1,394e-004
-21,968	99,96	-323,77	-1,2386e-004
-21,963	99,959	-318,87	-1,0936e-004
-21,958	99,959	-313,96	-9,5878e-005
-21,954	99,958	-309,06	-8,3421e-005
-21,95	99,958	-304,15	-7,2034e-005
-21,946	99,958	-299,25	-6,174e-005
-21,943	99,958	-294,34	-5,2516e-005
-21,94	99,957	-289,43	-4,4338e-005
-21,938	99,957	-284,53	-3,7237e-005
20,171	99,83	-235,08	9,6998e-005
20,464	99,85	-39,655	-8,1983e-004
20,506	99,853	-230,24	9,0626e-005
20,755	99,871	-44,428	-7,8429e-004
19,812	99,806	-225,5	8,7862e-005
20,164	99,83	-49,176	-7,4832e-004
19,675	99,796	-220,72	8,1584e-005
20,107	99,826	-53,984	-7,1301e-004
19,52	99,786	-215,8	7,41e-005
19,902	99,812	-59,056	-6,7608e-004
19,508	99,785	-210,37	6,3947e-005
19,555	99,788	-64,149	-6,3926e-004
19,808	99,805	-205,6	5,2612e-005
19,621	99,793	-68,789	-6,0684e-004
19,653	99,795	-200,65	4,177e-005
19,49	99,784	-73,699	-5,7269e-004
19,498	99,784	-195,69	2,9849e-005
19,646	99,794	-79,27	-5,353e-004
19,343	99,774	-190,74	1,6862e-005
19,438	99,78	-84,233	-5,0194e-004
19,189	99,764	-185,78	2,7844e-006
19,267	99,769	-89,187	-4,6934e-004
18,815	99,74	-181,38	-9,6978e-006
19,122	99,76	-94,134	-4,3746e-004
18,883	99,744	-175,87	-2,8545e-005
18,899	99,745	-99,426	-4,0389e-004
18,583	99,725	-170,2	-4,7857e-005
18,798	99,739	-104,43	-3,7312e-004
18,482	99,718	-165,24	-6,6416e-005
18,711	99,733	-109,4	-3,4327e-004
18,388	99,713	-160,27	-8,6044e-005
18,627	99,728	-114,35	-3,143e-004
18,298	99,707	-155,31	-1,0664e-004
18,55	99,723	-119,28	-2,8621e-004
18,21	99,701	-150,35	-1,2819e-004
18,47	99,718	-124,21	-2,5885e-004
18,123	99,696	-145,4	-1,5066e-004
18,454	99,717	-129,27	-2,3182e-004
18,389	99,713	-139,81	-1,7819e-004
18,27	99,705	-134,39	-2,0483e-004
15,999	99,572	-255,62	1,2429e-004
12,065	99,384	-254,7	1,4031e-004
6,8137	99,215	-254,49	1,5639e-004
6,0119	99,197	-4,8153	-1,1082e-003
10,146	99,311	-5,5096	-1,0983e-003
15,518	99,546	-5,728	-1,0949e-003
17,556	99,662	-31,249	-8,8189e-004
17,573	99,662	-26,511	-9,1941e-004
17,406	99,652	-21,546	-9,5942e-004
17,406	99,653	-16,73	-9,9928e-004
5,467	99,186	-249,04	1,577e-004
4,984	99,178	-243,47	1,5585e-004
4,8687	99,176	-238,48	1,526e-004
4,3697	99,168	-233,21	1,4817e-004
4,3697	99,168	-228,3	1,4242e-004
4,3697	99,168	-223,39	1,3567e-004
4,3697	99,168	-218,48	1,2771e-004
4,3697	99,168	-213,57	1,1878e-004
4,3697	99,168	-208,66	1,0862e-004
4,3697	99,168	-203,76	9,7295e-005
4,3697	99,168	-198,85	8,4831e-005
4,3697	99,168	-193,94	7,1148e-005
4,3697	99,168	-189,03	5,6492e-005
4,3697	99,168	-184,12	4,0737e-005
4,3697	99,168	-179,21	2,3958e-005
4,3697	99,168	-174,3	6,0885e-006
4,3697	99,168	-169,39	-1,2741e-005
4,3697	99,168	-164,48	-3,2524e-005
4,3697	99,168	-159,57	-5,3354e-005
4,3697	99,168	-154,66	-7,5012e-005
4,3697	99,168	-149,75	-9,7856e-005
4,3697	99,168	-144,84	-1,2147e-004
4,3697	99,168	-139,93	-1,4609e-004
4,3697	99,168	-135,02	-1,7159e-004
4,3697	99,168	-130,11	-1,9804e-004
4,3697	99,168	-125,2	-2,2521e-004
4,3697	99,168	-120,29	-2,5334e-004
4,3697	99,168	-115,38	-2,8226e-004
4,3697	99,168	-110,47	-3,1174e-004
4,3697	99,168	-105,56	-3,4206e-004
4,3697	99,168	-100,65	-3,7317e-004
4,3697	99,168	-95,74	-4,0485e-004
4,3697	99,168	-90,831	-4,3726e-004
4,3697	99,168	-85,921	-4,7038e-004
4,3697	99,168	-81,011	-5,0412e-004
4,3697	99,168	-76,101	-5,3863e-004
4,3697	99,168	-71,192	-5,7364e-004
4,3697	99,168	-66,282	-6,0933e-004
4,3697	99,168	-61,372	-6,4557e-004
4,3697	99,168	-56,462	-6,8225e-004
4,7354	99,174	-51,186	-7,2207e-004
4,3697	99,168	-46,643	-7,5724e-004
4,7346	99,174	-42,065	-7,9264e-004
4,6441	99,172	-37,245	-8,3074e-004
4,3697	99,168	-31,913	-8,7381e-004
4,3697	99,168	-27,004	-9,1397e-004
4,5581	99,171	-22,692	-9,4977e-004
4,746	99,174	-18,024	-9,8941e-004
5,467	99,186	-13,372	-1,0295e-003
4,086	99,164	-8,5822	-1,0748e-003
18,054	99,692	-252,09	1,1517e-004
16,478	99,599	-247,66	1,2101e-004
17,079	99,633	-242,34	1,1587e-004
16,976	99,627	-11,154	-1,0468e-003
16,869	99,621	-35,833	-8,4559e-004
17,396	99,652	-238,2	1,1169e-004
15,163	99,528	-231,93	1,1537e-004
15,121	99,526	-40,433	-8,0851e-004
15,317	99,536	-222,59	1,0279e-004
15,005	99,52	-226,98	1,1015e-004
15,361	99,538	-45,772	-7,6806e-004
15,751	99,559	-50,645	-7,3193e-004
14,496	99,494	-217,48	9,792e-005
14,848	99,512	-55,284	-6,9648e-004
15,068	99,523	-212,58	8,667e-005
15,343	99,537	-60,784	-6,5696e-004
15,024	99,521	-65,81	-6,2037e-004
14,222	99,481	-202,2	6,741e-005
14,377	99,488	-207,16	7,8235e-005
14,475	99,493	-70,546	-5,8597e-004
14,705	99,504	-197,52	5,3796e-005
14,299	99,484	-75,501	-5,5113e-004
14,373	99,488	-192,93	4,2585e-005
14,116	99,475	-80,426	-5,1707e-004
14,095	99,474	-188,1	2,9457e-005
14,273	99,483	-86,021	-4,7982e-004
13,916	99,466	-183,15	1,4539e-005
14,091	99,474	-90,851	-4,4771e-004
13,754	99,458	-178,2	-1,5216e-006
14,031	99,471	-95,781	-4,1577e-004
13,592	99,451	-173,25	-1,8633e-005
13,908	99,465	-100,73	-3,8435e-004
13,484	99,446	-168,28	-3,7038e-005
13,763	99,459	-105,74	-3,5316e-004
13,427	99,443	-163,25	-5,6796e-005
13,603	99,451	-110,76	-3,2254e-004
13,223	99,434	-158,32	-7,6721e-005
13,474	99,445	-115,65	-2,9352e-004
13,121	99,429	-153,37	-9,8045e-005
13,355	99,44	-120,53	-2,6536e-004
13,09	99,428	-148,28	-1,2117e-004
13,201	99,433	-125,47	-2,3744e-004
12,662	99,409	-142,4	-1,4806e-004
13,495	99,446	-131,09	-2,0795e-004
13,489	99,446	-136,66	-1,7901e-004
10,971	99,341	-249,29	1,4355e-004
11,298	99,353	-11,019	-1,0477e-003
12,892	99,419	-28,166	-9,0335e-004
12,88	99,418	-32,83	-8,6609e-004
12,967	99,422	-23,644	-9,4016e-004
13,079	99,427	-19,033	-9,7853e-004
13,636	99,453	-14,847	-1,0142e-003
8,8463	99,269	-245,36	1,489e-004
9,3473	99,284	-241,09	1,45e-004
9,7564	99,298	-234,99	1,3875e-004
8,6057	99,262	-230,2	1,3722e-004
8,4175	99,256	-226,35	1,3281e-004
8,3742	99,255	-221,75	1,2624e-004
9,2709	99,282	-216,66	1,1516e-004
8,4415	99,257	-211,6	1,0789e-004
9,4046	99,286	-206,32	9,3882e-005
9,088	99,276	-201,75	8,3919e-005
8,2981	99,253	-196,83	7,3205e-005
9,3875	99,286	-191,89	5,6436e-005
9,1253	99,277	-186,19	3,9614e-005
9,0158	99,274	-181,63	2,5046e-005
8,9382	99,272	-176,73	8,1068e-006
8,8945	99,27	-171,72	-1,0358e-005
8,7914	99,267	-166,71	-2,9616e-005
8,7176	99,265	-161,65	-5,0143e-005
8,6356	99,263	-157,43	-6,809e-005
8,574	99,261	-151,5	-9,4516e-005
8,4908	99,258	-146,75	-1,1676e-004
7,8126	99,24	-142,24	-1,3759e-004
8,7115	99,265	-138,12	-1,5998e-004
8,7845	99,267	-132,97	-1,8691e-004
8,7644	99,266	-127,8	-2,1482e-004
8,8647	99,269	-122,43	-2,4494e-004
8,8955	99,27	-117,86	-2,7123e-004
8,9353	99,272	-112,9	-3,0049e-004
9,022	99,274	-107,9	-3,3086e-004
9,1855	99,279	-102,61	-3,6384e-004
9,184	99,279	-98,115	-3,9231e-004
9,2346	99,281	-93,187	-4,2425e-004
9,2906	99,283	-88,314	-4,5648e-004
9,4262	99,287	-83,116	-4,9171e-004
9,4007	99,286	-78,674	-5,2222e-004
9,5113	99,29	-73,636	-5,576e-004
9,6886	99,296	-67,736	-5,9986e-004
8,363	99,255	-63,658	-6,2853e-004
8,3687	99,255	-59,384	-6,5999e-004
9,6435	99,294	-53,654	-7,0344e-004
8,9465	99,272	-48,988	-7,384e-004
8,7151	99,265	-44,601	-7,72e-004
9,6845	99,295	-39,81	-8,0956e-004
8,8473	99,269	-34,77	-8,4906e-004
8,6288	99,262	-30,207	-8,8563e-004
8,6369	99,263	-25,322	-9,2555e-004
8,901	99,271	-20,836	-9,6295e-004
9,4151	99,287	-16,301	-1,0016e-003
12,765	99,413	-243,77	1,3455e-004
13,409	99,442	-238,47	1,285e-004
12,873	99,418	-36,617	-8,3626e-004
11,667	99,368	-229,41	1,2622e-004
12,239	99,391	-43,319	-7,8385e-004
11,923	99,378	-220,78	1,1334e-004
11,892	99,377	-224,87	1,1952e-004
12,314	99,394	-47,397	-7,5279e-004
12,165	99,388	-51,473	-7,2186e-004
11,792	99,373	-213,71	1,0141e-004
12,006	99,381	-58,303	-6,7091e-004
11,683	99,368	-210,23	9,4846e-005
11,458	99,359	-62,856	-6,3699e-004
11,333	99,355	-198,84	6,9503e-005
11,62	99,366	-195,6	5,9912e-005
-20,129	99,827	-235,39	-8,6863e-006
-20,618	99,861	-39,663	-9,2869e-004
-20,509	99,854	-230,56	-1,717e-005
-20,457	99,85	-44,369	-8,9226e-004
-19,893	99,811	-225,79	-1,6982e-005
-20,296	99,839	-49,29	-8,5469e-004
-19,847	99,808	-220,97	-2,337e-005
-20,135	99,828	-54,226	-8,1747e-004
-19,711	99,799	-216,04	-3,0117e-005
-19,976	99,817	-59,161	-7,8077e-004
-19,549	99,788	-210,95	-3,8068e-005
-19,818	99,806	-64,093	-7,4457e-004
-19,187	99,764	-205,86	-4,5283e-005
-20,254	99,836	-69,368	-7,1071e-004
-19,283	99,77	-201,23	-5,6891e-005
-19,366	99,776	-73,919	-6,7307e-004
-19,498	99,784	-195,69	-7,2882e-005
-19,646	99,794	-79,27	-6,3888e-004
-19,343	99,774	-190,74	-8,5049e-005
-19,438	99,78	-84,233	-6,0445e-004
-18,998	99,752	-186,43	-9,4606e-005
-19,267	99,769	-89,187	-5,7094e-004
-18,895	99,745	-181,51	-1,0917e-004
-19,122	99,76	-94,134	-5,3828e-004
-18,883	99,744	-175,87	-1,2807e-004
-18,777	99,737	-99,795	-5,0032e-004
-18,721	99,734	-170,54	-1,4577e-004
-18,654	99,729	-104,75	-4,6917e-004
-18,647	99,729	-165,55	-1,6413e-004
-18,537	99,722	-109,72	-4,3869e-004
-18,587	99,725	-160,62	-1,8332e-004
-18,425	99,715	-114,69	-4,0898e-004
-18,527	99,721	-155,69	-2,0347e-004
-18,315	99,708	-119,65	-3,8008e-004
-18,464	99,717	-150,75	-2,2461e-004
-18,208	99,701	-124,61	-3,5196e-004
-18,449	99,716	-145,67	-2,4772e-004
-18,368	99,711	-129,89	-3,2515e-004
-18,242	99,703	-140,47	-2,7069e-004
-18,389	99,713	-135,15	-2,9831e-004
-5,9809	99,196	-255,39	1,2653e-004
-10,489	99,323	-255,19	9,0885e-005
-15,367	99,538	-255,81	4,5971e-005
-16,479	99,599	-4,8499	-1,1897e-003
-12,37	99,396	-5,5099	-1,1627e-003
-7,0046	99,219	-5,7306	-1,1354e-003
-16,768	99,615	-243,71	2,9634e-005
-17,256	99,644	-248,24	2,6832e-005
-17,69	99,67	-252,14	2,3561e-005
-3,9984	99,163	-251,52	1,3862e-004
-4,3788	99,168	-247,41	1,3524e-004
-5,5112	99,187	-241,94	1,2539e-004
-4,6322	99,172	-237,41	1,2762e-004
-4,4139	99,169	-233,21	1,2493e-004
-4,4139	99,169	-228,3	1,1927e-004
-4,4139	99,169	-223,39	1,1245e-004
-4,4139	99,169	-218,48	1,0455e-004
-4,4139	99,169	-213,57	9,5643e-005
-4,4139	99,169	-208,66	8,5472e-005
-4,4139	99,169	-203,76	7,4146e-005
-4,4139	99,169	-198,85	6,165e-005
-4,4139	99,169	-193,94	4,8116e-005
-4,4139	99,169	-189,03	3,3329e-005
-4,4139	99,169	-184,12	1,7493e-005
-4,4139	99,169	-179,21	6,843e-007
-4,4139	99,169	-174,3	-1,7093e-005
-4,4139	99,169	-169,39	-3,5947e-005
-4,4139	99,169	-164,48	-5,5821e-005
-4,4139	99,169	-159,57	-7,6581e-005
-4,4139	99,169	-154,66	-9,8281e-005
-4,4139	99,169	-149,75	-1,21e-004
-4,4139	99,169	-144,84	-1,4465e-004
-4,4139	99,169	-139,93	-1,693e-004
-4,4139	99,169	-135,02	-1,9483e-004
-4,4139	99,169	-130,11	-2,2126e-004
-4,4139	99,169	-125,2	-2,485e-004
-4,4139	99,169	-120,29	-2,7658e-004
-4,4139	99,169	-115,38	-3,0537e-004
-4,4139	99,169	-110,47	-3,35e-004
-4,4139	99,169	-105,56	-3,6527e-004
-4,4139	99,169	-100,65	-3,9634e-004
-4,4139	99,169	-95,74	-4,2806e-004
-4,4139	99,169	-90,831	-4,6048e-004
-4,4139	99,169	-85,921	-4,9356e-004
-4,4139	99,169	-81,011	-5,2735e-004
-4,4139	99,169	-76,101	-5,6181e-004
-4,4139	99,169	-71,192	-5,9688e-004
-4,4139	99,169	-66,282	-6,3253e-004
-4,4139	99,169	-61,372	-6,6872e-004
-4,7797	99,174	-56,828	-7,0439e-004
-4,4139	99,169	-51,552	-7,4266e-004
-4,7789	99,174	-46,291	-7,8484e-004
-4,8405	99,175	-41,308	-8,2393e-004
-4,8508	99,176	-36,386	-8,6296e-004
-4,8525	99,176	-31,475	-9,0246e-004
-4,8528	99,176	-26,565	-9,4267e-004
-5,0426	99,179	-21,569	-9,8535e-004
-5,0617	99,179	-16,754	-1,0268e-003
-5,5112	99,187	-11,176	-1,0783e-003
-18,406	99,714	-8,6879	-1,1656e-003
-17,029	99,63	-13,597	-1,1155e-003
-17,68	99,669	-18,213	-1,0803e-003
-18,013	99,689	-23,026	-1,0427e-003
-18,123	99,696	-27,5	-1,0075e-003
-18,123	99,696	-32,5	-9,6816e-004
-17,408	99,653	-36,878	-9,298e-004
-16,336	99,591	-239,39	3,1049e-005
-15,233	99,531	-234,13	3,7051e-005
-15,609	99,551	-42,542	-8,7513e-004
-16,003	99,572	-47,581	-8,3948e-004
-14,913	99,515	-229,69	3,5294e-005
-15,444	99,542	-223,99	2,2972e-005
-15,307	99,535	-52,945	-7,95e-004
-15,16	99,528	-218,97	1,7994e-005
-15,824	99,563	-57,734	-7,6317e-004
-14,721	99,505	-213,83	1,302e-005
-15,52	99,546	-62,383	-7,2746e-004
-14,676	99,503	-67,182	-6,8741e-004
-14,469	99,493	-208,74	5,2133e-006
-14,335	99,486	-203,88	-4,4167e-006
-14,487	99,494	-72,456	-6,4893e-004
-14,135	99,476	-199,44	-1,3396e-005
-14,221	99,48	-77,694	-6,108e-004
-14,328	99,486	-193,84	-3,011e-005
-14,024	99,471	-82,618	-5,7597e-004
-14,188	99,479	-188,92	-4,3108e-005
-13,841	99,462	-87,617	-5,4133e-004
-14,046	99,472	-184,2	-5,652e-005
-13,686	99,455	-92,595	-5,0769e-004
-13,971	99,468	-179,12	-7,2705e-005
-13,522	99,447	-97,515	-4,7497e-004
-13,847	99,463	-174,09	-8,942e-005
-13,651	99,453	-101,72	-4,4957e-004
-13,726	99,457	-169,12	-1,0686e-004
-13,536	99,448	-106,67	-4,1833e-004
-13,619	99,452	-164,22	-1,2528e-004
-13,001	99,424	-112,38	-3,8006e-004
-13,503	99,447	-159,37	-1,4432e-004
-14,34	99,486	-117,19	-3,624e-004
-13,383	99,441	-154,44	-1,646e-004
-13,2	99,433	-121,67	-3,2808e-004
-13,608	99,451	-149,02	-1,91e-004
-13,073	99,427	-126,68	-2,9937e-004
-13,584	99,45	-143,72	-2,1589e-004
-12,664	99,409	-132,57	-2,6462e-004
-13,507	99,447	-138,38	-2,4157e-004
-8,3426	99,254	-250,39	1,0834e-004
-13,537	99,448	-251,38	6,2897e-005
-11,223	99,35	-11,02	-1,1068e-003
-12,635	99,408	-246,87	7,0017e-005
-11,557	99,363	-241,94	7,726e-005
-8,3454	99,254	-245,55	1,0654e-004
-9,3626	99,285	-237,83	9,3265e-005
-8,1921	99,25	-234,57	9,9848e-005
-9,3823	99,286	-230,41	8,5796e-005
-8,9573	99,272	-225,17	8,2584e-005
-9,0231	99,274	-220,68	7,532e-005
-9,8028	99,299	-216,96	6,2649e-005
-9,6237	99,293	-211,3	5,3415e-005
-9,5097	99,29	-206,15	4,3335e-005
-9,4418	99,287	-201,22	3,2003e-005
-9,4646	99,288	-196,73	2,0107e-005
-9,3349	99,284	-191,54	6,5125e-006
-9,2261	99,281	-186,77	-7,2665e-006
-9,2087	99,28	-181,72	-2,3689e-005
-9,1758	99,279	-176,93	-4,0059e-005
-9,1047	99,277	-171,99	-5,7687e-005
-9,0368	99,275	-167,03	-7,6455e-005
-9,0441	99,275	-162,41	-9,5369e-005
-8,9429	99,272	-157,16	-1,1703e-004
-8,939	99,272	-152,01	-1,4007e-004
-8,8674	99,27	-147,03	-1,6281e-004
-8,9649	99,272	-141,9	-1,8852e-004
-8,9985	99,274	-137,49	-2,1109e-004
-7,8573	99,241	-132,73	-2,2807e-004
-8,4935	99,258	-128,21	-2,5684e-004
-8,5872	99,261	-123,42	-2,8411e-004
-9,3386	99,284	-117,48	-3,2338e-004
-8,1498	99,249	-112,67	-3,4366e-004
-8,8322	99,268	-108,29	-3,747e-004
-8,9419	99,272	-103,23	-4,0668e-004
-9,0048	99,274	-98,706	-4,3569e-004
-9,0356	99,275	-93,987	-4,6634e-004
-9,1285	99,278	-89,034	-4,9954e-004
-9,3758	99,285	-83,251	-5,4014e-004
-9,0958	99,277	-78,102	-5,7377e-004
-9,2453	99,281	-72,938	-6,1097e-004
-9,3528	99,285	-67,786	-6,4845e-004
-8,5745	99,261	-63,259	-6,7665e-004
-8,6212	99,262	-58,789	-7,0994e-004
-9,6353	99,294	-53,663	-7,5415e-004
-9,254	99,281	-48,406	-7,9173e-004
-9,9016	99,303	-43,09	-8,3627e-004
-9,4412	99,287	-37,755	-8,7532e-004
-9,3963	99,286	-33,084	-9,1211e-004
-9,5067	99,29	-28,639	-9,485e-004
-9,4606	99,288	-23,87	-9,8739e-004
-9,3805	99,285	-19,103	-1,027e-003
-8,8497	99,269	-14,889	-1,0607e-003
-13,069	99,427	-16,391	-1,0698e-003
-13,515	99,447	-21,398	-1,0302e-003
-13,756	99,458	-26,046	-9,9344e-004
-13,871	99,464	-30,368	-9,5938e-004
-13,672	99,454	-34,56	-9,2502e-004
-13,243	99,435	-38,829	-8,8907e-004
-12,863	99,418	-237,42	6,2076e-005
-11,658	99,367	-234,01	6,9892e-005
-12,578	99,405	-46,292	-8,2767e-004
-12,587	99,406	-49,907	-8,0036e-004
-12,105	99,385	-226,31	5,6982e-005
-11,543	99,363	-221,58	5,5257e-005
-12,16	99,388	-56,882	-7,4565e-004
-12,161	99,388	-60,729	-7,1736e-004
-12,161	99,388	-64,269	-6,9162e-004
-17,724	99,672	-231,91	1,1083e-005
20,14	99,828	-284,85	8,5912e-005
20,631	99,862	-480,35	-9,2112e-004
20,512	99,854	-289,64	7,7268e-005
20,459	99,85	-475,67	-8,836e-004
19,895	99,811	-294,4	7,2016e-005
20,299	99,839	-470,75	-8,4465e-004
19,849	99,808	-299,22	6,3115e-005
20,138	99,828	-465,82	-8,0605e-004
19,713	99,799	-304,14	5,3334e-005
19,978	99,817	-460,89	-7,6796e-004
19,55	99,788	-309,22	4,2201e-005
19,82	99,806	-455,96	-7,3037e-004
19,19	99,764	-314,31	3,0714e-005
20,257	99,836	-450,69	-6,918e-004
19,285	99,77	-318,94	1,7498e-005
19,367	99,776	-446,14	-6,5681e-004
19,501	99,785	-324,47	7,2118e-008
19,646	99,794	-440,8	-6,1869e-004
19,347	99,774	-329,42	-1,5247e-005
19,513	99,785	-435,83	-5,8323e-004
19,192	99,764	-334,37	-3,164e-005
19,303	99,772	-430,89	-5,4836e-004
18,9	99,745	-338,64	-4,6021e-005
18,988	99,751	-425,24	-5,0905e-004
18,861	99,743	-344,27	-6,7499e-005
18,778	99,737	-420,29	-4,7539e-004
18,688	99,732	-349,21	-8,6896e-005
18,655	99,729	-415,33	-4,4261e-004
18,58	99,725	-354,18	-1,0764e-004
18,538	99,722	-410,37	-4,1048e-004
18,428	99,715	-359,13	-1,2915e-004
18,426	99,715	-405,41	-3,7911e-004
18,277	99,706	-364,08	-1,5161e-004
18,316	99,708	-400,45	-3,4851e-004
18,125	99,696	-369,03	-1,7511e-004
18,52	99,721	-395,22	-3,1797e-004
18,287	99,706	-374,36	-2,025e-004
18,414	99,714	-390,27	-2,89e-004
18,245	99,704	-379,64	-2,2997e-004
18,484	99,719	-384,97	-2,5955e-004
15,354	99,538	-264,63	1,2488e-004
10,81	99,335	-264,83	1,4272e-004
5,9466	99,196	-265,04	1,5574e-004
6,9791	99,218	-514,23	-1,2148e-003
12,348	99,396	-514,49	-1,2143e-003
16,48	99,599	-515,18	-1,2202e-003
16,754	99,614	-507,26	-1,1465e-003
18,348	99,71	-511,55	-1,186e-003
17,023	99,63	-501,73	-1,0972e-003
17,9	99,682	-497,21	-1,0585e-003
18,001	99,689	-492,53	-1,0188e-003
17,755	99,673	-487,62	-9,7765e-004
17,093	99,634	-276,64	1,0883e-004
5,4616	99,186	-508,61	-1,1615e-003
5,6371	99,19	-502,8	-1,1071e-003
4,3654	99,168	-497,52	-1,0608e-003
4,3654	99,168	-492,52	-1,0168e-003
4,3654	99,168	-487,53	-9,7363e-004
4,3654	99,168	-482,53	-9,3131e-004
4,3654	99,168	-477,54	-8,8958e-004
4,7308	99,174	-472,91	-8,5114e-004
4,7917	99,175	-467,95	-8,1084e-004
4,8018	99,175	-462,88	-7,7012e-004
4,3654	99,168	-457,55	-7,2821e-004
4,3654	99,168	-452,56	-6,8923e-004
4,3654	99,168	-447,56	-6,5075e-004
4,3654	99,168	-442,56	-6,1294e-004
4,3654	99,168	-437,57	-5,7587e-004
4,3654	99,168	-432,57	-5,3928e-004
4,3654	99,168	-427,58	-5,0353e-004
4,3654	99,168	-422,58	-4,6853e-004
4,3654	99,168	-417,59	-4,3422e-004
4,3654	99,168	-412,59	-4,0059e-004
4,3654	99,168	-407,59	-3,6773e-004
4,3654	99,168	-402,6	-3,3567e-004
4,3654	99,168	-397,6	-3,043e-004
4,3654	99,168	-392,61	-2,7382e-004
4,3654	99,168	-387,61	-2,4417e-004
4,3654	99,168	-382,61	-2,1541e-004
4,3654	99,168	-377,62	-1,8756e-004
4,3654	99,168	-372,62	-1,6073e-004
4,3654	99,168	-367,63	-1,3484e-004
4,3654	99,168	-362,63	-1,0999e-004
4,3654	99,168	-357,64	-8,6082e-005
4,3654	99,168	-352,64	-6,322e-005
4,3654	99,168	-347,64	-4,1373e-005
4,3654	99,168	-342,65	-2,0445e-005
4,3654	99,168	-337,65	-6,6511e-007
4,3654	99,168	-332,66	1,8054e-005
4,3654	99,168	-327,66	3,5838e-005
4,3654	99,168	-322,67	5,2228e-005
4,3654	99,168	-317,67	6,7718e-005
4,3654	99,168	-312,67	8,1772e-005
4,3654	99,168	-307,68	9,4647e-005
4,3654	99,168	-302,68	1,0638e-004
4,3654	99,168	-297,69	1,1697e-004
4,3654	99,168	-292,69	1,2638e-004
4,7296	99,174	-287,33	1,3491e-004
4,8706	99,176	-282,74	1,4123e-004
5,4616	99,186	-278,8	1,4533e-004
5,4616	99,186	-273,8	1,504e-004
4,036	99,163	-268,87	1,5544e-004
17,29	99,646	-272,29	1,1185e-004
17,712	99,671	-268,39	1,1275e-004
16,581	99,605	-280,79	1,0654e-004
18,179	99,699	-483,06	-9,4062e-004
14,872	99,513	-285,45	1,077e-004
15,825	99,563	-478,5	-9,0122e-004
15,96	99,57	-472,62	-8,5416e-004
15,076	99,523	-291,02	9,832e-005
15,592	99,55	-296,14	8,7156e-005
15,881	99,566	-467,55	-8,1388e-004
14,762	99,507	-300,92	8,0977e-005
15,148	99,527	-462,15	-7,7077e-004
15,291	99,534	-305,81	6,8056e-005
15,601	99,551	-457,33	-7,3429e-004
14,828	99,511	-452,25	-6,9448e-004
14,449	99,492	-310,82	5,9183e-005
14,293	99,484	-315,78	4,6666e-005
14,723	99,505	-448,03	-6,6265e-004
14,138	99,476	-320,73	3,2979e-005
14,467	99,493	-442,9	-6,243e-004
13,983	99,469	-325,68	1,8107e-005
14,43	99,491	-437,86	-5,8761e-004
13,565	99,449	-330,99	1,7952e-006
14,307	99,485	-432,9	-5,5208e-004
13,998	99,47	-336,33	-1,8901e-005
14,944	99,516	-341,01	-4,0088e-005
14,161	99,478	-427,94	-5,1704e-004
13,989	99,469	-422,85	-4,8173e-004
13,337	99,439	-345,45	-5,2138e-005
13,829	99,462	-417,76	-4,472e-004
13,182	99,432	-350,48	-7,2666e-005
13,709	99,456	-412,8	-4,1423e-004
13,813	99,461	-355,64	-9,7372e-005
13,597	99,451	-407,84	-3,821e-004
12,91	99,42	-360,34	-1,1604e-004
13,486	99,446	-402,88	-3,5064e-004
13,108	99,429	-366,04	-1,4396e-004
13,374	99,441	-397,93	-3,2004e-004
13,288	99,437	-371,64	-1,7259e-004
13,261	99,435	-392,97	-2,9009e-004
13,279	99,436	-376,67	-1,9878e-004
13,113	99,429	-387,67	-2,5896e-004
13,507	99,447	-381,73	-2,2677e-004
13,129	99,43	-269,38	1,3143e-004
8,5014	99,259	-269,51	1,4738e-004
11,197	99,349	-508,98	-1,162e-003
11,54	99,363	-503,09	-1,1078e-003
13,205	99,433	-498,39	-1,0664e-003
14,345	99,487	-494,37	-1,0321e-003
12,636	99,408	-489,47	-9,8948e-004
13,422	99,443	-483,96	-9,4392e-004
11,929	99,378	-273,93	1,3254e-004
13,451	99,444	-278,04	1,2254e-004
8,9703	99,273	-499,42	-1,075e-003
9,4462	99,288	-494,49	-1,0316e-003
7,9185	99,242	-489,91	-9,9205e-004
8,5898	99,261	-485,43	-9,5403e-004
9,8477	99,301	-478,94	-9,0022e-004
8,1588	99,249	-475,17	-8,6884e-004
8,6582	99,263	-471,13	-8,361e-004
8,7354	99,266	-466,27	-7,9702e-004
9,572	99,292	-461,02	-7,5593e-004
8,7626	99,266	-455,59	-7,1302e-004
9,7654	99,298	-450,75	-6,7659e-004
9,6467	99,294	-445,45	-6,3644e-004
9,5724	99,292	-440,03	-5,9603e-004
9,4868	99,289	-435,1	-5,6006e-004
9,402	99,286	-430,2	-5,2483e-004
9,2994	99,283	-425,13	-4,8911e-004
9,2176	99,28	-420,17	-4,5488e-004
9,1497	99,278	-415,27	-4,2184e-004
9,0736	99,276	-410,32	-3,8907e-004
8,9979	99,274	-405,37	-3,5697e-004
8,9135	99,271	-400,42	-3,2569e-004
8,8266	99,268	-395,5	-2,9536e-004
8,7345	99,266	-390,43	-2,6498e-004
8,9219	99,271	-384,84	-2,3295e-004
8,7424	99,266	-379,56	-2,0307e-004
8,4092	99,256	-374,62	-1,7576e-004
8,5149	99,259	-369,11	-1,4728e-004
8,5814	99,261	-364,23	-1,2308e-004
7,9191	99,242	-360,01	-1,0138e-004
9,3715	99,285	-355,22	-8,2353e-005
8,8071	99,268	-349,43	-5,5489e-005
8,2835	99,252	-345,33	-3,6873e-005
9,6189	99,293	-340,36	-2,0123e-005
9,162	99,279	-334,48	3,4757e-006
8,5833	99,261	-329,81	2,1675e-005
8,9331	99,272	-325,22	3,6271e-005
9,0387	99,275	-320,4	5,1189e-005
9,0786	99,276	-315,19	6,6316e-005
9,1661	99,279	-310,12	7,9673e-005
8,4077	99,256	-305,08	9,4019e-005
9,2808	99,282	-300,27	1,0221e-004
8,623	99,262	-295,3	1,14e-004
9,5616	99,291	-290,41	1,1983e-004
9,739	99,297	-284,81	1,278e-004
8,6511	99,263	-280,98	1,36e-004
9,5683	99,292	-277,76	1,3698e-004
12,114	99,386	-281,21	1,2412e-004
12,271	99,392	-474,88	-8,6866e-004
12,294	99,393	-469,44	-8,2494e-004
12,057	99,383	-293,94	1,0512e-004
12,013	99,382	-297,34	9,8908e-005
12,292	99,393	-465,17	-7,9105e-004
11,739	99,371	-303,36	8,737e-005
12,197	99,389	-458,07	-7,3542e-004
11,721	99,37	-306,95	7,9069e-005
12,2	99,389	-454,74	-7,0987e-004
-20,192	99,832	-285,15	-2,1103e-005
-20,445	99,849	-480,42	-1,0294e-003
-20,509	99,854	-289,95	-3,1294e-005
-20,829	99,876	-475,63	-9,937e-004
-19,814	99,806	-294,69	-3,2577e-005
-20,164	99,83	-470,86	-9,5178e-004
-19,677	99,796	-299,47	-4,0329e-005
-20,107	99,826	-466,06	-9,1399e-004
-19,523	99,786	-304,38	-4,9263e-005
-19,902	99,812	-460,99	-8,7367e-004
-19,509	99,785	-309,8	-6,1863e-005
-19,555	99,788	-455,9	-8,3271e-004
-19,811	99,805	-314,57	-7,7014e-005
-19,621	99,793	-451,27	-7,985e-004
-19,656	99,795	-319,52	-8,9362e-005
-19,49	99,784	-446,36	-7,6144e-004
-19,501	99,785	-324,47	-1,0278e-004
-19,646	99,794	-440,8	-7,223e-004
-19,347	99,774	-329,42	-1,1728e-004
-19,513	99,785	-435,83	-6,8613e-004
-18,947	99,748	-333,91	-1,2895e-004
-19,303	99,772	-430,89	-6,5016e-004
-18,832	99,741	-338,8	-1,4566e-004
-18,875	99,744	-425,73	-6,1164e-004
-18,861	99,743	-344,27	-1,6695e-004
-18,949	99,748	-420,99	-5,804e-004
-18,57	99,724	-349,94	-1,8742e-004
-18,775	99,737	-416,04	-5,4651e-004
-18,483	99,719	-354,9	-2,0788e-004
-18,602	99,726	-411,09	-5,1331e-004
-18,391	99,713	-359,86	-2,2931e-004
-18,429	99,715	-406,14	-4,8083e-004
-18,301	99,707	-364,82	-2,5174e-004
-18,257	99,704	-401,19	-4,4906e-004
-18,504	99,72	-370,07	-2,7908e-004
-18,353	99,71	-395,91	-4,1825e-004
-18,416	99,714	-375,02	-3,034e-004
-18,286	99,706	-390,93	-3,8879e-004
-18,505	99,72	-380,33	-3,3202e-004
-18,272	99,705	-385,72	-3,5939e-004
-6,3623	99,204	-265,9	1,2112e-004
-11,656	99,367	-265,15	7,8211e-005
-15,922	99,568	-264,74	3,8638e-005
-15,524	99,547	-514,23	-1,2931e-003
-10,168	99,312	-514,49	-1,2688e-003
-6,0549	99,198	-515,16	-1,257e-003
-17,645	99,667	-488,67	-1,0794e-003
-17,61	99,665	-493,02	-1,1156e-003
-17,411	99,653	-498,08	-1,1575e-003
-17,403	99,652	-502,95	-1,2e-003
-16,981	99,628	-508,63	-1,2486e-003
-16,78	99,616	-277,72	2,0784e-005
-4,1255	99,164	-511,32	-1,211e-003
-5,5058	99,187	-506,41	-1,1697e-003
-4,8041	99,175	-501,7	-1,1232e-003
-4,4772	99,17	-496,94	-1,0791e-003
-4,4096	99,169	-492,52	-1,0399e-003
-4,4096	99,169	-487,53	-9,9687e-004
-4,775	99,174	-482,17	-9,5304e-004
-4,4731	99,17	-477,47	-9,1248e-004
-4,4096	99,169	-472,54	-8,7159e-004
-4,4096	99,169	-467,54	-8,3105e-004
-4,4096	99,169	-462,55	-7,9096e-004
-4,4096	99,169	-457,55	-7,5143e-004
-4,4096	99,169	-452,56	-7,1241e-004
-4,4096	99,169	-447,56	-6,7396e-004
-4,4096	99,169	-442,56	-6,3613e-004
-4,4096	99,169	-437,57	-5,9898e-004
-4,4096	99,169	-432,57	-5,6249e-004
-4,4096	99,169	-427,58	-5,268e-004
-4,4096	99,169	-422,58	-4,9169e-004
-4,4096	99,169	-417,59	-4,5737e-004
-4,4096	99,169	-412,59	-4,2377e-004
-4,4096	99,169	-407,59	-3,9093e-004
-4,4096	99,169	-402,6	-3,5886e-004
-4,4096	99,169	-397,6	-3,2753e-004
-4,4096	99,169	-392,61	-2,9701e-004
-4,4096	99,169	-387,61	-2,6735e-004
-4,4096	99,169	-382,61	-2,3861e-004
-4,4096	99,169	-377,62	-2,1077e-004
-4,4096	99,169	-372,62	-1,8393e-004
-4,4096	99,169	-367,63	-1,5805e-004
-4,4096	99,169	-362,63	-1,332e-004
-4,4096	99,169	-357,64	-1,0936e-004
-4,4096	99,169	-352,64	-8,6395e-005
-4,4096	99,169	-347,64	-6,4541e-005
-4,4096	99,169	-342,65	-4,3731e-005
-4,4096	99,169	-337,65	-2,3819e-005
-4,4096	99,169	-332,66	-5,1362e-006
-4,4096	99,169	-327,66	1,2542e-005
-4,4096	99,169	-322,67	2,9093e-005
-4,4096	99,169	-317,67	4,4489e-005
-4,4096	99,169	-312,67	5,8554e-005
-4,4096	99,169	-307,68	7,1517e-005
-4,4096	99,169	-302,68	8,3252e-005
-4,4096	99,169	-297,69	9,3814e-005
-4,4096	99,169	-292,69	1,0316e-004
-4,4096	99,169	-287,69	1,1144e-004
-4,4096	99,169	-282,7	1,1849e-004
-6,0949	99,199	-277,23	1,1413e-004
-5,5058	99,187	-271,61	1,2335e-004
-17,969	99,687	-268,44	1,7002e-005
-16,448	99,597	-273,	2,8416e-005
-17,055	99,632	-483,96	-1,0369e-003
-15,364	99,538	-282,99	2,8093e-005
-15,164	99,528	-288,26	2,2519e-005
-15,538	99,547	-479,22	-9,8878e-004
-14,849	99,512	-298,16	8,09e-006
-15,006	99,52	-293,21	1,5835e-005
-15,36	99,538	-474,27	-9,477e-004
-15,182	99,529	-469,32	-9,0711e-004
-14,692	99,504	-303,11	-7,3368e-007
-15,675	99,555	-464,17	-8,6983e-004
-14,536	99,496	-308,07	-1,0749e-005
-14,828	99,511	-459,42	-8,2739e-004
-15,214	99,53	-454,54	-7,9266e-004
-14,224	99,481	-317,97	-3,4186e-005
-14,38	99,488	-313,02	-2,1944e-005
-14,475	99,493	-449,51	-7,4967e-004
-14,393	99,489	-322,52	-4,9366e-005
-14,299	99,484	-444,56	-7,1159e-004
-14,318	99,485	-327,4	-6,4219e-005
-14,134	99,476	-439,56	-6,7385e-004
-14,209	99,48	-332,36	-8,027e-005
-13,693	99,455	-434,24	-6,3251e-004
-14,092	99,474	-337,34	-9,7284e-005
-13,963	99,468	-342,29	-1,1514e-004
-14,262	99,482	-428,43	-5,9582e-004
-14,962	99,517	-424,09	-5,7112e-004
-13,813	99,461	-347,4	-1,3457e-004
-13,425	99,443	-419,81	-5,3073e-004
-13,677	99,455	-352,51	-1,5515e-004
-13,252	99,435	-414,86	-4,9653e-004
-13,585	99,45	-357,46	-1,7643e-004
-13,458	99,444	-410,22	-4,6792e-004
-13,491	99,446	-362,41	-1,9877e-004
-13,383	99,441	-405,21	-4,3544e-004
-13,393	99,441	-367,38	-2,2205e-004
-12,734	99,412	-400,	-3,9813e-004
-13,296	99,437	-372,35	-2,4634e-004
-13,255	99,435	-393,65	-3,6388e-004
-13,182	99,432	-377,62	-2,7302e-004
-13,263	99,436	-388,65	-3,3483e-004
-13,488	99,446	-383,45	-3,0728e-004
-10,919	99,339	-270,64	8,163e-005
-11,315	99,354	-508,98	-1,2216e-003
-13,124	99,429	-491,55	-1,0766e-003
-13,258	99,435	-487,12	-1,0401e-003
-13,029	99,425	-495,96	-1,1139e-003
-13,121	99,429	-500,59	-1,155e-003
-13,557	99,449	-504,9	-1,196e-003
-11,356	99,355	-279,68	6,9125e-005
-12,224	99,39	-275,96	6,5345e-005
-9,3941	99,286	-503,23	-1,1587e-003
-8,9172	99,271	-498,77	-1,1162e-003
-8,6748	99,264	-494,18	-1,0746e-003
-8,989	99,273	-489,59	-1,0367e-003
-8,9568	99,272	-484,75	-9,9562e-004
-8,8361	99,269	-479,88	-9,543e-004
-8,7716	99,267	-475,14	-9,1494e-004
-9,4686	99,288	-469,81	-8,7571e-004
-8,6505	99,263	-464,79	-8,3076e-004
-9,2713	99,282	-459,94	-7,9615e-004
-8,4571	99,257	-455,12	-7,5375e-004
-9,1328	99,278	-450,02	-7,1857e-004
-9,1451	99,278	-444,67	-6,7824e-004
-9,0217	99,274	-439,96	-6,4248e-004
-8,5851	99,261	-435,39	-6,0629e-004
-8,9822	99,273	-430,77	-5,7563e-004
-9,7496	99,298	-424,88	-5,3934e-004
-8,9014	99,271	-419,23	-4,9495e-004
-8,8018	99,268	-413,99	-4,5908e-004
-8,8523	99,269	-408,96	-4,265e-004
-8,6476	99,263	-404,16	-3,943e-004
-8,0646	99,246	-400,29	-3,6606e-004
-8,4849	99,258	-395,65	-3,404e-004
-8,4009	99,256	-390,75	-3,1043e-004
-8,79	99,267	-385,82	-2,8451e-004
-8,8639	99,269	-380,38	-2,5446e-004
-8,7892	99,267	-374,9	-2,2423e-004
-8,8562	99,269	-369,95	-1,989e-004
-8,9498	99,272	-364,9	-1,7426e-004
-9,0232	99,274	-359,94	-1,5087e-004
-9,0843	99,276	-355,01	-1,2857e-004
-9,1113	99,277	-350,23	-1,0762e-004
-9,2298	99,281	-345,02	-8,649e-005
-9,2864	99,283	-340,13	-6,7251e-005
-9,3811	99,286	-335,17	-4,9024e-005
-9,4044	99,286	-330,01	-3,0667e-005
-9,4943	99,289	-325,13	-1,4975e-005
-9,5577	99,291	-320,15	1,7104e-007
-9,6384	99,294	-315,23	1,3853e-005
-9,7379	99,297	-310,39	2,6024e-005
-9,6121	99,293	-305,4	3,9318e-005
-9,9253	99,303	-299,93	4,8795e-005
-8,5857	99,261	-294,52	7,0388e-005
-8,558	99,26	-289,61	7,9113e-005
-9,3499	99,285	-284,28	8,0644e-005
-12,641	99,408	-482,12	-9,9482e-004
-12,13	99,386	-287,24	5,2104e-005
-12,092	99,385	-291,62	4,5501e-005
-12,252	99,391	-477,32	-9,5309e-004
-12,117	99,386	-295,61	3,814e-005
-12,36	99,396	-473,3	-9,2114e-004
-12,118	99,386	-466,31	-8,6374e-004
-12,078	99,384	-462,86	-8,3631e-004
-11,824	99,374	-456,8	-7,8752e-004
-11,868	99,376	-453,3	-7,6094e-004
-20,256	99,836	-520,	-1,3726e-003
-22,489	99,999	-517,5	-1,3606e-003
-22,5	99,999	-2,5	-1,2424e-003
-20,256	99,836	0,	-1,2532e-003
-22,5	99,998	-7,5	-1,198e-003
-20,256	99,836	-2,5	-1,2306e-003
-19,491	99,784	-4,925	-1,2047e-003
-20,454	99,85	-6,8439	-1,1928e-003
-22,5	99,996	-12,5	-1,1551e-003
-20,454	99,85	-9,3439	-1,1709e-003
-19,765	99,802	-11,798	-1,146e-003
-22,5	99,994	-17,5	-1,1137e-003
-19,765	99,802	-14,298	-1,1247e-003
-20,091	99,825	-16,606	-1,1073e-003
-22,5	99,993	-22,5	-1,0733e-003
-20,091	99,825	-19,106	-1,0867e-003
-20,257	99,836	-21,513	-1,0681e-003
-22,5	99,991	-27,5	-1,0339e-003
-20,257	99,836	-24,013	-1,048e-003
-20,312	99,84	-26,25	-1,0305e-003
-22,5	99,99	-32,5	-9,9513e-004
-20,312	99,84	-28,75	-1,0108e-003
-20,312	99,84	-31,25	-9,9128e-004
-22,5	99,989	-37,139	-9,5972e-004
-21,559	99,929	-37,331	-9,5234e-004
-20,311	99,84	-33,75	-9,7193e-004
-19,955	99,815	-35,939	-9,5287e-004
-22,5	99,988	-39,639	-9,4084e-004
-22,5	99,987	-42,094	-9,2243e-004
-21,559	99,929	-39,831	-9,3341e-004
-21,478	99,923	-42,184	-9,152e-004
-22,5	99,987	-44,594	-9,0381e-004
-22,5	99,986	-47,049	-8,8566e-004
-21,478	99,923	-44,684	-8,9652e-004
-21,398	99,917	-47,145	-8,7775e-004
-22,5	99,985	-49,549	-8,6731e-004
-22,5	99,985	-52,004	-8,4941e-004
-21,398	99,917	-49,645	-8,5934e-004
-21,317	99,911	-52,113	-8,4075e-004
-22,5	99,984	-54,504	-8,3131e-004
-22,5	99,983	-56,958	-8,1367e-004
-21,317	99,911	-54,613	-8,2259e-004
-21,237	99,906	-57,08	-8,0427e-004
-22,5	99,983	-59,458	-7,9585e-004
-22,5	99,982	-61,913	-7,7848e-004
-21,237	99,906	-59,58	-7,8637e-004
-21,158	99,9	-62,047	-7,6831e-004
-22,5	99,981	-64,413	-7,6092e-004
-22,5	99,981	-66,868	-7,4382e-004
-21,158	99,9	-64,547	-7,5068e-004
-22,233	99,98	-71,823	-7,0788e-004
-22,5	99,98	-69,368	-7,2654e-004
-21,376	99,916	-69,684	-7,1645e-004
-20,933	99,884	-71,96	-6,9765e-004
20,252	99,836	0,	-1,1463e-003
22,489	99,999	-2,4549	-1,124e-003
-2,2152	99,144	-260,22	1,4724e-004
-2,2142e-002	99,135	-262,72	1,5437e-004
2,1754	99,143	-260,22	1,5876e-004
-2,2142e-002	99,135	-257,76	1,5554e-004
-19,745	99,801	-260,22	3,2238e-006
-21,933	99,957	-262,72	-1,8895e-005
-21,933	99,957	-257,76	-1,7729e-005
-6,6009	99,21	-260,22	1,2156e-004
-2,2152	99,144	-262,72	1,4653e-004
-2,2152	99,144	-257,76	1,4775e-004
-5,1946	99,181	-257,8	1,3165e-004
-5,3853	99,185	-263,06	1,2909e-004
-10,985	99,341	-260,22	8,5943e-005
-7,3872	99,228	-257,8	1,1616e-004
-9,6411	99,294	-257,7	9,8007e-005
-7,5779	99,233	-263,06	1,1342e-004
-10,225	99,314	-262,68	9,1833e-005
-15,367	99,538	-260,22	4,5434e-005
-11,833	99,374	-257,7	7,8746e-005
-14,272	99,483	-258,01	5,617e-005
-12,416	99,398	-262,68	7,2295e-005
-14,549	99,497	-262,48	5,2508e-005
-19,745	99,801	-262,72	2,5057e-006
-19,745	99,801	-257,76	3,6591e-006
-16,462	99,598	-258,01	3,5338e-005
-16,739	99,614	-262,48	3,164e-005
-2,2142e-002	99,135	-517,5	-1,2611e-003
-2,2721	99,144	-520,	-1,295e-003
2,2323	99,144	-520,	-1,2831e-003
-2,2142e-002	99,135	-512,51	-1,2094e-003
-2,2721	99,144	-517,5	-1,2676e-003
2,2323	99,144	-517,5	-1,2558e-003
3,4787	99,156	-514,62	-1,2233e-003
-3,0387	99,151	-515,08	-1,2448e-003
-2,0739	99,143	-513,16	-1,2221e-003
-2,2142e-002	99,135	-507,51	-1,1609e-003
3,4787	99,156	-512,12	-1,1982e-003
2,7198	99,148	-509,31	-1,1722e-003
-2,0739	99,143	-510,66	-1,1973e-003
-2,7641	99,148	-508,21	-1,176e-003
-2,2142e-002	99,135	-502,51	-1,1142e-003
2,7198	99,148	-506,81	-1,1483e-003
2,8076	99,149	-503,9	-1,121e-003
-2,7641	99,148	-505,71	-1,1525e-003
-2,4132	99,145	-503,36	-1,1293e-003
-2,2142e-002	99,135	-497,52	-1,069e-003
2,8076	99,149	-501,41	-1,0981e-003
2,1717	99,143	-498,77	-1,0753e-003
-2,4132	99,145	-500,86	-1,1065e-003
-2,2498	99,144	-498,48	-1,0844e-003
-2,2142e-002	99,135	-492,52	-1,0248e-003
2,1717	99,143	-496,27	-1,053e-003
2,1717	99,143	-493,77	-1,0309e-003
-2,2498	99,144	-495,98	-1,0621e-003
-2,216	99,144	-493,77	-1,0425e-003
-2,2142e-002	99,135	-487,53	-9,8162e-004
2,1717	99,143	-491,27	-1,0091e-003
2,1717	99,143	-488,78	-9,8756e-004
-2,216	99,144	-491,27	-1,0207e-003
-2,216	99,144	-488,78	-9,9915e-004
-2,2142e-002	99,135	-482,53	-9,3914e-004
2,1717	99,143	-486,28	-9,6613e-004
2,1717	99,143	-483,78	-9,4491e-004
-2,216	99,144	-486,28	-9,7775e-004
-2,3987	99,145	-483,6	-9,5563e-004
-2,2142e-002	99,135	-477,54	-8,973e-004
2,1717	99,143	-481,28	-9,2384e-004
2,1717	99,143	-478,78	-9,0294e-004
-2,3987	99,145	-481,1	-9,3458e-004
-2,2477	99,144	-478,75	-9,1442e-004
-2,2142e-002	99,135	-472,54	-8,5607e-004
2,1717	99,143	-476,29	-8,8225e-004
2,3544	99,145	-473,97	-8,628e-004
-2,2477	99,144	-476,25	-8,9363e-004
-2,216	99,144	-473,79	-8,7322e-004
-2,2142e-002	99,135	-467,54	-8,1532e-004
2,3544	99,145	-471,47	-8,4232e-004
2,3848	99,145	-469,	-8,2206e-004
-2,216	99,144	-471,29	-8,5272e-004
-2,216	99,144	-468,79	-8,3236e-004
-2,2142e-002	99,135	-462,55	-7,7511e-004
2,3848	99,145	-466,5	-8,0187e-004
2,3899	99,145	-463,96	-7,8149e-004
-2,216	99,144	-466,29	-8,1212e-004
-2,216	99,144	-463,8	-7,9206e-004
-2,2142e-002	99,135	-457,55	-7,3546e-004
2,3899	99,145	-461,46	-7,6145e-004
2,1717	99,143	-458,8	-7,407e-004
-2,216	99,144	-461,3	-7,7212e-004
-2,216	99,144	-458,8	-7,5226e-004
-2,2142e-002	99,135	-452,56	-6,9633e-004
2,1717	99,143	-456,3	-7,2098e-004
2,1717	99,143	-453,81	-7,0147e-004
-2,216	99,144	-456,3	-7,3259e-004
-2,216	99,144	-453,81	-7,1307e-004
-2,2142e-002	99,135	-447,56	-6,5778e-004
2,1717	99,143	-451,31	-6,8203e-004
2,1717	99,143	-448,81	-6,6282e-004
-2,216	99,144	-451,31	-6,9363e-004
-2,216	99,144	-448,81	-6,744e-004
-2,2142e-002	99,135	-442,56	-6,1984e-004
2,1717	99,143	-446,31	-6,437e-004
2,1717	99,143	-443,81	-6,2473e-004
-2,216	99,144	-446,31	-6,5528e-004
-2,216	99,144	-443,81	-6,3634e-004
-2,2142e-002	99,135	-437,57	-5,8253e-004
2,1717	99,143	-441,32	-6,0595e-004
2,1717	99,143	-438,82	-5,8728e-004
-2,216	99,144	-441,32	-6,1753e-004
-2,216	99,144	-438,82	-5,9887e-004
-2,2142e-002	99,135	-432,57	-5,4595e-004
2,1717	99,143	-436,32	-5,6881e-004
2,1717	99,143	-433,82	-5,5059e-004
-2,216	99,144	-436,32	-5,8047e-004
-2,216	99,144	-433,82	-5,6218e-004
-2,2142e-002	99,135	-427,58	-5,1009e-004
2,1717	99,143	-431,32	-5,3247e-004
2,1717	99,143	-428,83	-5,1457e-004
-2,216	99,144	-431,32	-5,4408e-004
-2,216	99,144	-428,83	-5,261e-004
-2,2142e-002	99,135	-422,58	-4,749e-004
2,1717	99,143	-426,33	-4,9681e-004
2,1717	99,143	-423,83	-4,7924e-004
-2,216	99,144	-426,33	-5,0841e-004
-2,216	99,144	-423,83	-4,9086e-004
-2,2142e-002	99,135	-417,59	-4,4046e-004
2,1717	99,143	-421,33	-4,6183e-004
2,1717	99,143	-418,83	-4,4466e-004
-2,216	99,144	-421,33	-4,7342e-004
-2,216	99,144	-418,83	-4,563e-004
-2,2142e-002	99,135	-412,59	-4,0678e-004
2,1717	99,143	-416,34	-4,276e-004
2,1717	99,143	-413,84	-4,1085e-004
-2,216	99,144	-416,34	-4,3921e-004
-2,216	99,144	-413,84	-4,2241e-004
-2,2142e-002	99,135	-407,59	-3,7378e-004
2,1717	99,143	-411,34	-3,9419e-004
2,1717	99,143	-408,84	-3,7764e-004
-2,216	99,144	-411,34	-4,0575e-004
-2,216	99,144	-408,84	-3,8924e-004
-2,2142e-002	99,135	-402,6	-3,4157e-004
2,1717	99,143	-406,35	-3,6139e-004
2,1717	99,143	-403,85	-3,4527e-004
-2,216	99,144	-406,35	-3,7297e-004
-2,216	99,144	-403,85	-3,5689e-004
-2,2142e-002	99,135	-397,6	-3,1018e-004
2,1717	99,143	-401,35	-3,294e-004
2,1717	99,143	-398,85	-3,1373e-004
-2,216	99,144	-401,35	-3,4096e-004
-2,216	99,144	-398,85	-3,2531e-004
-2,2142e-002	99,135	-392,61	-2,7955e-004
2,1717	99,143	-396,35	-2,9825e-004
2,1717	99,143	-393,86	-2,8299e-004
-2,216	99,144	-396,35	-3,0976e-004
-2,216	99,144	-393,86	-2,9454e-004
-2,2142e-002	99,135	-387,61	-2,4979e-004
2,1717	99,143	-391,36	-2,6781e-004
2,1717	99,143	-388,86	-2,5302e-004
-2,216	99,144	-391,36	-2,7944e-004
-2,216	99,144	-388,86	-2,6451e-004
-2,2142e-002	99,135	-382,61	-2,2089e-004
2,1717	99,143	-386,36	-2,3832e-004
2,1717	99,143	-383,86	-2,2388e-004
-2,216	99,144	-386,36	-2,4994e-004
-2,216	99,144	-383,86	-2,3545e-004
-2,2142e-002	99,135	-377,62	-1,9299e-004
2,1717	99,143	-381,37	-2,0974e-004
2,1717	99,143	-378,87	-1,9577e-004
-2,216	99,144	-381,37	-2,2134e-004
-2,216	99,144	-378,87	-2,073e-004
-2,2142e-002	99,135	-372,62	-1,6603e-004
2,1717	99,143	-376,37	-1,8198e-004
2,1717	99,143	-373,87	-1,685e-004
-2,216	99,144	-376,37	-1,9365e-004
-2,216	99,144	-373,87	-1,802e-004
-2,2142e-002	99,135	-367,63	-1,4008e-004
2,1717	99,143	-371,37	-1,5537e-004
2,1717	99,143	-368,88	-1,4239e-004
-2,216	99,144	-371,37	-1,6691e-004
-2,216	99,144	-368,88	-1,5403e-004
-2,2142e-002	99,135	-362,63	-1,1511e-004
2,1717	99,143	-366,38	-1,2967e-004
2,1717	99,143	-363,88	-1,1725e-004
-2,216	99,144	-366,38	-1,4131e-004
-2,216	99,144	-363,88	-1,2876e-004
-2,2142e-002	99,135	-357,64	-9,1193e-005
2,1717	99,143	-361,38	-1,0495e-004
2,1717	99,143	-358,88	-9,3052e-005
-2,216	99,144	-361,38	-1,1661e-004
-2,216	99,144	-358,88	-1,0463e-004
-2,2142e-002	99,135	-352,64	-6,8226e-005
2,1717	99,143	-356,39	-8,1356e-005
2,1717	99,143	-353,89	-6,9787e-005
-2,216	99,144	-356,39	-9,286e-005
-2,216	99,144	-353,89	-8,1511e-005
-2,2142e-002	99,135	-347,64	-4,6209e-005
2,1717	99,143	-351,39	-5,8651e-005
2,1717	99,143	-348,89	-4,7634e-005
-2,216	99,144	-351,39	-7,0268e-005
-2,216	99,144	-348,89	-5,9216e-005
-2,2142e-002	99,135	-342,65	-2,5298e-005
2,1717	99,143	-346,4	-3,6929e-005
2,1717	99,143	-343,9	-2,6534e-005
-2,216	99,144	-346,4	-4,8561e-005
-2,216	99,144	-343,9	-3,8094e-005
-2,2142e-002	99,135	-337,65	-5,3988e-006
2,1717	99,143	-341,4	-1,6315e-005
2,1717	99,143	-338,9	-6,3531e-006
-2,216	99,144	-341,4	-2,795e-005
-2,216	99,144	-338,9	-1,7988e-005
-2,2142e-002	99,135	-332,66	1,3463e-005
2,1717	99,143	-336,4	3,3527e-006
2,1717	99,143	-333,91	1,2746e-005
-2,216	99,144	-336,4	-8,246e-006
-2,216	99,144	-333,91	1,164e-006
-2,2142e-002	99,135	-327,66	3,1166e-005
2,1717	99,143	-331,41	2,1944e-005
2,1717	99,143	-328,91	3,0714e-005
-2,216	99,144	-331,41	1,0318e-005
-2,216	99,144	-328,91	1,9154e-005
-2,2142e-002	99,135	-322,67	4,781e-005
2,1717	99,143	-326,41	3,9298e-005
2,1717	99,143	-323,91	4,7663e-005
-2,216	99,144	-326,41	2,7787e-005
-2,216	99,144	-323,91	3,5955e-005
-2,2142e-002	99,135	-317,67	6,3185e-005
2,1717	99,143	-321,42	5,5587e-005
2,1717	99,143	-318,92	6,3267e-005
-2,216	99,144	-321,42	4,4076e-005
-2,216	99,144	-318,92	5,168e-005
-2,2142e-002	99,135	-312,67	7,7372e-005
2,1717	99,143	-316,42	7,0663e-005
2,1717	99,143	-313,92	7,7726e-005
-2,216	99,144	-316,42	5,9162e-005
-2,216	99,144	-313,92	6,6256e-005
-2,2142e-002	99,135	-307,68	9,0358e-005
2,1717	99,143	-311,42	8,4522e-005
2,1717	99,143	-308,93	9,1062e-005
-2,216	99,144	-311,42	7,2942e-005
-2,216	99,144	-308,93	7,9503e-005
-2,2142e-002	99,135	-302,68	1,0213e-004
2,1717	99,143	-306,43	9,7185e-005
2,1717	99,143	-303,93	1,0313e-004
-2,216	99,144	-306,43	8,5598e-005
-2,216	99,144	-303,93	9,1497e-005
-2,2142e-002	99,135	-297,69	1,1274e-004
2,1717	99,143	-301,43	1,0865e-004
2,1717	99,143	-298,93	1,1403e-004
-2,216	99,144	-301,43	9,7136e-005
-2,216	99,144	-298,93	1,0237e-004
-2,2142e-002	99,135	-292,69	1,2218e-004
2,1717	99,143	-296,44	1,1896e-004
2,1717	99,143	-293,94	1,2377e-004
-2,216	99,144	-296,44	1,074e-004
-2,216	99,144	-293,94	1,121e-004
-2,2142e-002	99,135	-287,69	1,3045e-004
2,1717	99,143	-291,44	1,2809e-004
2,3538	99,145	-288,76	1,3267e-004
-2,216	99,144	-291,44	1,1659e-004
-2,216	99,144	-288,94	1,2063e-004
-2,2142e-002	99,135	-282,7	1,3752e-004
2,3538	99,145	-286,26	1,3652e-004
2,4243	99,145	-283,97	1,3982e-004
-2,216	99,144	-286,45	1,2454e-004
-2,216	99,144	-283,95	1,2799e-004
-2,2142e-002	99,135	-277,7	1,4343e-004
2,4243	99,145	-281,47	1,4301e-004
2,7198	99,148	-279,5	1,4552e-004
-2,216	99,144	-281,45	1,3124e-004
-3,0587	99,151	-278,72	1,3055e-004
-2,2142e-002	99,135	-272,71	1,4826e-004
2,7198	99,148	-277,	1,4833e-004
2,7198	99,148	-274,5	1,5073e-004
-3,0587	99,151	-276,22	1,3309e-004
-2,7641	99,148	-273,41	1,3723e-004
-2,2142e-002	99,135	-267,71	1,5193e-004
2,7198	99,148	-272,01	1,5303e-004
2,007	99,142	-269,54	1,5429e-004
-3,1924	99,153	-268,06	1,3919e-004
-2,7641	99,148	-270,91	1,3924e-004
2,1754	99,143	-262,72	1,5813e-004
2,9624	99,15	-265,13	1,5744e-004
2,007	99,142	-267,04	1,5593e-004
-3,1924	99,153	-265,56	1,4053e-004
-15,765	99,56	-520,	-1,35e-003
-20,245	99,835	-517,5	-1,3488e-003
-16,768	99,615	-517,11	-1,3271e-003
-11,269	99,352	-520,	-1,3292e-003
-14,521	99,495	-517,11	-1,3158e-003
-11,843	99,375	-517,24	-1,3041e-003
-6,7715	99,214	-520,	-1,3106e-003
-9,5944	99,292	-517,24	-1,2937e-003
-7,5379	99,232	-517,58	-1,2881e-003
-5,2885	99,183	-517,58	-1,279e-003
-21,933	99,957	-267,71	-2,1162e-005
-18,928	99,747	-264,98	9,5749e-006
-19,952	99,815	-266,83	-1,2992e-006
-21,934	99,957	-272,71	-2,4564e-005
-19,952	99,815	-269,32	-2,7465e-006
-19,192	99,764	-271,6	3,0817e-006
-21,936	99,957	-277,7	-2,9147e-005
-19,358	99,775	-276,46	-2,7832e-006
-19,192	99,764	-274,1	1,0425e-006
-21,937	99,957	-282,36	-3,4456e-005
-21,064	99,893	-282,68	-2,6335e-005
-19,359	99,775	-278,96	-5,3494e-006
-18,651	99,729	-281,6	-1,5605e-006
-21,939	99,957	-287,32	-4,1144e-005
-21,938	99,957	-284,86	-3,769e-005
-21,065	99,893	-285,18	-2,9611e-005
-21,942	99,958	-292,27	-4,8928e-005
-21,941	99,957	-289,81	-4,4928e-005
-21,225	99,905	-290,07	-3,8398e-005
-21,945	99,958	-297,22	-5,7803e-005
-21,943	99,958	-294,76	-5,3278e-005
-20,879	99,88	-294,94	-4,3287e-005
-20,811	99,875	-297,33	-4,7047e-005
-21,948	99,958	-302,17	-6,7748e-005
-21,946	99,958	-299,71	-6,2683e-005
-20,812	99,875	-299,82	-5,1955e-005
-20,735	99,87	-302,28	-5,6305e-005
-21,952	99,958	-307,12	-7,879e-005
-21,95	99,958	-304,67	-7,318e-005
-20,737	99,87	-304,78	-6,1768e-005
-20,73	99,869	-307,49	-6,7933e-005
-21,956	99,959	-312,07	-9,0952e-005
-21,954	99,958	-309,62	-8,4787e-005
-20,732	99,869	-309,99	-7,3983e-005
-21,961	99,959	-317,02	-1,0417e-004
-21,959	99,959	-314,57	-9,7487e-005
-20,885	99,88	-314,87	-8,8044e-005
-20,808	99,875	-317,35	-9,4092e-005
-21,966	99,959	-321,97	-1,1841e-004
-21,963	99,959	-319,52	-1,1122e-004
-20,81	99,875	-319,84	-1,0122e-004
-20,733	99,869	-322,32	-1,0779e-004
-21,972	99,96	-326,92	-1,337e-004
-21,969	99,96	-324,47	-1,2599e-004
-20,735	99,87	-324,82	-1,1545e-004
-20,658	99,864	-327,29	-1,2256e-004
-21,977	99,96	-331,87	-1,5007e-004
-21,974	99,96	-329,42	-1,4183e-004
-20,661	99,864	-329,79	-1,3075e-004
-20,462	99,85	-332,03	-1,3646e-004
-21,984	99,961	-336,82	-1,6749e-004
-21,981	99,96	-334,37	-1,5873e-004
-20,465	99,85	-334,53	-1,4518e-004
-20,407	99,846	-336,98	-1,5344e-004
-21,991	99,961	-341,77	-1,8588e-004
-21,987	99,961	-339,32	-1,7666e-004
-20,411	99,847	-339,48	-1,6268e-004
-20,425	99,848	-342,21	-1,7319e-004
-21,998	99,962	-346,71	-2,0529e-004
-21,994	99,962	-344,26	-1,9556e-004
-20,428	99,848	-344,71	-1,8295e-004
-22,005	99,962	-351,68	-2,2573e-004
-22,001	99,962	-349,21	-2,1545e-004
-20,287	99,838	-350,04	-2,0331e-004
-22,013	99,963	-356,63	-2,4709e-004
-22,009	99,963	-354,17	-2,3638e-004
-20,247	99,835	-355,02	-2,2418e-004
-22,022	99,964	-361,58	-2,6942e-004
-22,017	99,963	-359,12	-2,5824e-004
-20,205	99,832	-360,	-2,4601e-004
-22,03	99,964	-366,53	-2,9268e-004
-22,026	99,964	-364,07	-2,8104e-004
-20,165	99,83	-364,98	-2,6883e-004
-22,04	99,965	-371,48	-3,1687e-004
-22,035	99,965	-369,03	-3,0478e-004
-20,271	99,837	-370,1	-2,9458e-004
-22,049	99,966	-376,43	-3,4194e-004
-22,044	99,965	-373,98	-3,2941e-004
-20,232	99,834	-375,07	-3,1927e-004
-22,059	99,966	-381,38	-3,6789e-004
-22,054	99,966	-378,93	-3,5493e-004
-20,281	99,838	-380,22	-3,4655e-004
-22,069	99,967	-386,33	-3,9471e-004
-22,064	99,967	-383,88	-3,8131e-004
-20,17	99,83	-385,42	-3,7364e-004
-22,08	99,968	-391,28	-4,2239e-004
-22,075	99,968	-388,83	-4,0857e-004
-20,182	99,831	-390,52	-4,022e-004
-22,091	99,969	-396,23	-4,509e-004
-22,086	99,968	-393,78	-4,3667e-004
-20,221	99,834	-395,51	-4,3122e-004
-22,103	99,97	-401,18	-4,8022e-004
-22,097	99,969	-398,73	-4,6559e-004
-20,179	99,831	-400,65	-4,6132e-004
-22,115	99,971	-406,13	-5,1032e-004
-22,109	99,97	-403,68	-4,9531e-004
-20,271	99,837	-405,62	-4,9231e-004
-22,127	99,972	-411,08	-5,4116e-004
-22,121	99,971	-408,63	-5,2579e-004
-20,364	99,843	-410,59	-5,2405e-004
-22,14	99,973	-416,04	-5,7275e-004
-22,134	99,972	-413,58	-5,57e-004
-20,457	99,85	-415,57	-5,5652e-004
-22,153	99,974	-420,99	-6,0505e-004
-22,147	99,973	-418,53	-5,8896e-004
-20,55	99,856	-420,54	-5,897e-004
-22,167	99,975	-425,94	-6,3806e-004
-22,16	99,974	-423,48	-6,2162e-004
-20,52	99,854	-425,41	-6,2192e-004
-22,181	99,976	-430,89	-6,7171e-004
-22,174	99,975	-428,43	-6,5497e-004
-20,741	99,87	-430,48	-6,5812e-004
-22,195	99,977	-435,83	-7,0594e-004
-22,188	99,976	-433,38	-6,8894e-004
-20,853	99,878	-435,45	-6,9336e-004
-20,748	99,87	-432,98	-6,754e-004
-22,21	99,978	-440,79	-7,4095e-004
-22,203	99,977	-438,32	-7,2348e-004
-20,927	99,883	-440,43	-7,2902e-004
-20,861	99,878	-437,95	-7,1096e-004
-22,225	99,979	-445,74	-7,7652e-004
-22,218	99,978	-443,29	-7,5882e-004
-20,857	99,878	-445,71	-7,6647e-004
-20,935	99,884	-442,93	-7,4695e-004
-22,241	99,98	-450,69	-8,1273e-004
-22,233	99,98	-448,24	-7,947e-004
-20,93	99,883	-450,66	-8,0324e-004
-20,865	99,879	-448,21	-7,8474e-004
-22,257	99,981	-455,64	-8,495e-004
-22,249	99,981	-453,19	-8,3122e-004
-20,905	99,882	-455,48	-8,3887e-004
-20,938	99,884	-453,16	-8,218e-004
-22,273	99,983	-460,59	-8,8682e-004
-22,265	99,982	-458,14	-8,6827e-004
-21,087	99,895	-460,52	-8,7816e-004
-20,913	99,882	-457,98	-8,5771e-004
-22,29	99,984	-465,54	-9,2466e-004
-22,281	99,983	-463,09	-9,0584e-004
-21,197	99,903	-465,55	-9,1738e-004
-21,095	99,895	-463,02	-8,9724e-004
-22,307	99,985	-470,49	-9,6304e-004
-22,298	99,985	-468,04	-9,4397e-004
-21,235	99,905	-470,45	-9,5562e-004
-21,206	99,903	-468,05	-9,3675e-004
-22,324	99,987	-475,44	-1,0019e-003
-22,316	99,986	-472,99	-9,826e-004
-21,576	99,93	-475,34	-9,9619e-004
-21,244	99,906	-472,95	-9,7524e-004
-22,342	99,988	-480,39	-1,0413e-003
-22,333	99,987	-477,94	-1,0217e-003
-21,393	99,917	-480,23	-1,0339e-003
-21,585	99,931	-477,83	-1,016e-003
-22,369	99,99	-487,53	-1,099e-003
-22,352	99,989	-482,89	-1,0614e-003
-21,403	99,918	-482,72	-1,054e-003
-20,003	99,819	-486,85	-1,0788e-003
-19,708	99,799	-484,5	-1,0578e-003
-22,388	99,991	-492,52	-1,1401e-003
-20,012	99,819	-489,35	-1,0994e-003
-19,995	99,818	-491,52	-1,1173e-003
-22,407	99,993	-497,52	-1,182e-003
-20,004	99,819	-494,02	-1,1383e-003
-19,905	99,812	-496,55	-1,159e-003
-22,427	99,994	-502,51	-1,2247e-003
-19,915	99,813	-499,05	-1,1804e-003
-19,911	99,812	-501,48	-1,2014e-003
-22,448	99,996	-507,51	-1,2686e-003
-19,921	99,813	-503,98	-1,2233e-003
-19,71	99,799	-506,82	-1,2473e-003
-22,468	99,998	-512,51	-1,3139e-003
-18,992	99,751	-512,12	-1,2916e-003
-19,72	99,799	-509,32	-1,2698e-003
-19,003	99,752	-514,62	-1,315e-003
19,741	99,801	-260,22	1,0732e-004
21,933	99,957	-262,72	9,6729e-005
21,933	99,957	-257,76	9,7917e-005
15,354	99,538	-260,22	1,2639e-004
19,741	99,801	-262,72	1,0657e-004
19,741	99,801	-257,76	1,0775e-004
16,774	99,616	-257,92	1,2073e-004
16,451	99,597	-262,42	1,2103e-004
10,963	99,34	-260,22	1,4375e-004
14,579	99,498	-257,92	1,3003e-004
12,612	99,407	-257,46	1,3804e-004
14,256	99,482	-262,42	1,3032e-004
11,985	99,38	-262,52	1,3931e-004
6,5699	99,209	-260,22	1,5623e-004
10,416	99,32	-257,46	1,4613e-004
7,7903	99,239	-257,35	1,541e-004
9,7885	99,299	-262,52	1,4712e-004
7,3568	99,228	-262,63	1,5393e-004
2,1754	99,143	-257,76	1,5929e-004
5,5933	99,189	-257,35	1,5841e-004
5,1597	99,181	-262,63	1,5779e-004
20,252	99,836	-520,	-1,2657e-003
22,5	99,999	-517,55	-1,2423e-003
22,225	99,979	-445,74	-6,5926e-004
22,218	99,978	-443,29	-6,416e-004
20,795	99,874	-445,6	-6,5554e-004
20,935	99,884	-442,93	-6,3652e-004
22,203	99,977	-438,32	-6,0637e-004
22,21	99,978	-440,79	-6,2379e-004
20,927	99,883	-440,43	-6,1865e-004
20,861	99,878	-437,95	-6,0093e-004
22,188	99,976	-433,38	-5,7189e-004
22,195	99,977	-435,83	-5,8886e-004
20,853	99,878	-435,45	-5,8338e-004
20,748	99,87	-432,98	-5,6597e-004
22,174	99,975	-428,43	-5,38e-004
22,181	99,976	-430,89	-5,547e-004
20,741	99,87	-430,48	-5,4873e-004
22,16	99,974	-423,48	-5,0474e-004
22,167	99,975	-425,94	-5,2114e-004
20,576	99,858	-425,16	-5,1218e-004
22,147	99,973	-418,53	-4,7215e-004
22,153	99,974	-420,99	-4,882e-004
20,465	99,85	-420,19	-4,7878e-004
22,134	99,972	-413,58	-4,4027e-004
22,14	99,973	-416,04	-4,5598e-004
20,397	99,846	-415,21	-4,462e-004
22,121	99,971	-408,63	-4,0911e-004
22,127	99,972	-411,08	-4,2446e-004
20,332	99,841	-410,23	-4,1431e-004
22,109	99,97	-403,68	-3,787e-004
22,115	99,971	-406,13	-3,9367e-004
20,269	99,837	-405,25	-3,8316e-004
22,097	99,969	-398,73	-3,4905e-004
22,103	99,97	-401,18	-3,6364e-004
20,209	99,833	-400,27	-3,5278e-004
22,086	99,968	-393,78	-3,2019e-004
22,091	99,969	-396,23	-3,3439e-004
20,305	99,839	-395,16	-3,2284e-004
22,075	99,968	-388,83	-2,9214e-004
22,08	99,968	-391,28	-3,0594e-004
20,246	99,835	-390,19	-2,941e-004
22,064	99,967	-383,88	-2,6494e-004
22,069	99,967	-386,33	-2,783e-004
20,276	99,837	-385,04	-2,6556e-004
22,054	99,966	-378,93	-2,3863e-004
22,059	99,966	-381,38	-2,5155e-004
20,151	99,829	-379,88	-2,3736e-004
22,044	99,965	-373,98	-2,1316e-004
22,049	99,966	-376,43	-2,2567e-004
20,167	99,83	-374,74	-2,1068e-004
22,035	99,965	-369,03	-1,8855e-004
22,04	99,965	-371,48	-2,0063e-004
20,082	99,824	-369,58	-1,8448e-004
22,026	99,964	-364,07	-1,6486e-004
22,03	99,964	-366,53	-1,7648e-004
20,153	99,829	-364,61	-1,6068e-004
22,017	99,963	-359,12	-1,4209e-004
22,022	99,964	-361,58	-1,5325e-004
20,224	99,834	-359,63	-1,3784e-004
22,009	99,963	-354,17	-1,2028e-004
22,013	99,963	-356,63	-1,3096e-004
20,296	99,839	-354,66	-1,1602e-004
22,001	99,962	-349,21	-9,9404e-005
22,005	99,962	-351,68	-1,0965e-004
20,346	99,842	-349,68	-9,503e-005
21,994	99,962	-344,26	-7,9546e-005
21,998	99,962	-346,71	-8,9259e-005
20,428	99,848	-344,71	-7,5215e-005
21,987	99,961	-339,32	-6,0678e-005
21,991	99,961	-341,77	-6,9889e-005
20,444	99,849	-339,39	-5,4853e-005
20,425	99,848	-342,21	-6,5458e-005
21,981	99,96	-334,37	-4,2781e-005
21,984	99,961	-336,82	-5,152e-005
20,587	99,859	-334,76	-3,8568e-005
20,441	99,849	-336,9	-4,5645e-005
21,974	99,96	-329,42	-2,5919e-005
21,977	99,96	-331,87	-3,4139e-005
20,661	99,864	-329,79	-2,1777e-005
20,584	99,859	-332,27	-2,9844e-005
21,969	99,96	-324,47	-1,0123e-005
21,972	99,96	-326,92	-1,7817e-005
20,735	99,87	-324,82	-6,0835e-006
20,658	99,864	-327,29	-1,3596e-005
21,963	99,959	-319,52	4,608e-006
21,966	99,959	-321,97	-2,5564e-006
20,625	99,862	-319,55	1,0151e-005
20,733	99,869	-322,32	1,5576e-006
21,959	99,959	-314,57	1,8302e-005
21,961	99,959	-317,02	1,165e-005
20,575	99,858	-314,74	2,3721e-005
20,622	99,862	-317,06	1,7212e-005
21,954	99,958	-309,62	3,0961e-005
21,956	99,959	-312,07	2,4813e-005
20,753	99,871	-309,7	3,5912e-005
20,573	99,858	-312,24	3,0281e-005
21,95	99,958	-304,67	4,2545e-005
21,952	99,958	-307,12	3,6945e-005
20,832	99,876	-304,66	4,7387e-005
20,751	99,871	-307,2	4,1923e-005
21,946	99,958	-299,71	5,3023e-005
21,948	99,958	-302,17	4,7968e-005
20,898	99,881	-299,7	5,7618e-005
20,83	99,876	-302,16	5,2832e-005
21,943	99,958	-294,76	6,241e-005
21,945	99,958	-297,22	5,7896e-005
20,919	99,883	-294,79	6,6844e-005
20,896	99,881	-297,2	6,2505e-005
21,941	99,957	-289,81	7,0713e-005
21,942	99,958	-292,27	6,6733e-005
21,226	99,905	-289,92	7,3704e-005
20,918	99,883	-292,3	7,1191e-005
21,938	99,957	-284,86	7,7947e-005
21,939	99,957	-287,32	7,4495e-005
21,039	99,891	-285,02	8,172e-005
21,225	99,905	-287,42	7,751e-005
21,936	99,957	-277,7	8,6439e-005
21,937	99,957	-282,36	8,1171e-005
21,038	99,891	-282,53	8,4959e-005
19,515	99,786	-278,42	9,6466e-005
19,259	99,769	-280,5	9,5302e-005
21,934	99,957	-272,71	9,1015e-005
19,514	99,786	-275,92	9,9004e-005
19,613	99,792	-273,75	1,0053e-004
21,933	99,957	-267,71	9,4438e-005
19,613	99,792	-271,25	1,0252e-004
19,824	99,806	-269,3	1,0292e-004
18,645	99,729	-264,92	1,1055e-004
19,823	99,806	-266,8	1,044e-004
6,7405	99,213	-520,	-1,2749e-003
5,7329	99,191	-517,11	-1,2456e-003
11,247	99,351	-520,	-1,2698e-003
7,9867	99,244	-517,11	-1,2431e-003
10,671	99,33	-517,25	-1,2423e-003
15,751	99,559	-520,	-1,2669e-003
12,924	99,42	-517,25	-1,2411e-003
14,99	99,519	-517,59	-1,2437e-003
20,252	99,836	-517,55	-1,2424e-003
17,241	99,643	-517,59	-1,2432e-003
-22,225	99,979	-74,323	-6,9083e-004
-20,797	99,874	-73,783	-6,8422e-004
-22,21	99,978	-79,278	-6,5752e-004
-22,217	99,978	-76,778	-6,7425e-004
-20,929	99,883	-78,913	-6,506e-004
-22,195	99,977	-84,242	-6,248e-004
-22,202	99,977	-81,733	-6,4126e-004
-20,818	99,875	-83,849	-6,1714e-004
-22,181	99,976	-89,195	-5,9277e-004
-22,188	99,976	-86,697	-6,0885e-004
-20,726	99,869	-88,781	-5,8447e-004
-22,167	99,975	-94,142	-5,6141e-004
-22,174	99,975	-91,65	-5,7713e-004
-20,646	99,863	-93,709	-5,5252e-004
-22,153	99,974	-99,097	-5,3068e-004
-22,16	99,974	-96,597	-5,4609e-004
-20,639	99,863	-96,164	-5,3709e-004
-20,467	99,851	-98,995	-5,1824e-004
-22,14	99,973	-104,05	-5,0063e-004
-22,147	99,973	-101,55	-5,157e-004
-20,46	99,85	-101,45	-5,0318e-004
-20,399	99,846	-103,93	-4,877e-004
-22,127	99,972	-109,01	-4,7131e-004
-22,134	99,972	-106,51	-4,8601e-004
-20,392	99,845	-106,38	-4,73e-004
-20,334	99,841	-108,87	-4,5787e-004
-22,115	99,971	-113,96	-4,4273e-004
-22,121	99,971	-111,46	-4,5705e-004
-20,328	99,841	-111,32	-4,4352e-004
-20,272	99,837	-113,81	-4,2879e-004
-22,103	99,97	-118,92	-4,149e-004
-22,109	99,97	-116,42	-4,2885e-004
-20,266	99,837	-116,26	-4,1481e-004
-20,211	99,833	-118,74	-4,0047e-004
-22,091	99,969	-123,87	-3,8786e-004
-22,097	99,969	-121,37	-4,014e-004
-20,205	99,832	-121,2	-3,8686e-004
-20,151	99,829	-123,68	-3,7292e-004
-22,08	99,968	-128,83	-3,6161e-004
-22,086	99,968	-126,33	-3,7475e-004
-20,146	99,828	-126,13	-3,5971e-004
-20,226	99,834	-128,77	-3,4643e-004
-22,069	99,967	-133,78	-3,362e-004
-22,075	99,968	-131,28	-3,4892e-004
-20,22	99,833	-131,23	-3,3363e-004
-20,231	99,834	-133,85	-3,203e-004
-22,059	99,966	-138,74	-3,1166e-004
-22,064	99,967	-136,24	-3,2393e-004
-20,152	99,829	-138,97	-2,9423e-004
-20,226	99,834	-136,31	-3,0796e-004
-22,049	99,966	-143,69	-2,88e-004
-22,054	99,966	-141,19	-2,9984e-004
-20,251	99,836	-144,03	-2,709e-004
-20,147	99,828	-141,43	-2,8232e-004
-22,039	99,965	-148,65	-2,6521e-004
-22,044	99,965	-146,15	-2,766e-004
-20,253	99,836	-149,02	-2,4794e-004
-20,246	99,835	-146,48	-2,5944e-004
-22,03	99,964	-153,6	-2,433e-004
-22,035	99,965	-151,1	-2,5424e-004
-20,28	99,838	-153,95	-2,2637e-004
-20,249	99,835	-151,47	-2,3691e-004
-22,021	99,964	-158,56	-2,2231e-004
-22,026	99,964	-156,06	-2,3279e-004
-20,306	99,839	-158,86	-2,0576e-004
-20,276	99,837	-156,4	-2,1581e-004
-22,013	99,963	-163,51	-2,0229e-004
-22,017	99,963	-161,01	-2,1227e-004
-20,332	99,841	-163,79	-1,861e-004
-20,302	99,839	-161,32	-1,9567e-004
-22,005	99,962	-168,47	-1,8321e-004
-22,009	99,963	-165,97	-1,9271e-004
-20,365	99,843	-168,74	-1,6734e-004
-20,328	99,841	-166,24	-1,7649e-004
-21,997	99,962	-173,42	-1,6511e-004
-22,001	99,962	-170,92	-1,7412e-004
-20,441	99,849	-173,86	-1,4935e-004
-20,361	99,843	-171,19	-1,582e-004
-21,99	99,961	-178,38	-1,4798e-004
-21,994	99,961	-175,88	-1,565e-004
-20,438	99,849	-176,31	-1,4073e-004
-21,984	99,961	-183,33	-1,3187e-004
-21,987	99,961	-180,83	-1,3987e-004
-20,441	99,849	-181,59	-1,2313e-004
-21,977	99,96	-188,29	-1,1676e-004
-21,98	99,96	-185,79	-1,2425e-004
-20,489	99,852	-186,5	-1,082e-004
-21,971	99,96	-193,24	-1,027e-004
-21,974	99,96	-190,74	-1,0967e-004
-20,658	99,864	-191,11	-9,6266e-005
-21,966	99,959	-198,2	-8,9707e-005
-21,969	99,96	-195,69	-9,6129e-005
-20,733	99,869	-196,04	-8,3563e-005
-21,961	99,959	-203,15	-7,7755e-005
-21,963	99,959	-200,65	-8,3656e-005
-20,623	99,862	-201,26	-6,9451e-005
-21,956	99,959	-208,1	-6,6842e-005
-21,958	99,959	-205,6	-7,2213e-005
-20,573	99,858	-206,04	-5,8053e-005
-21,952	99,958	-213,06	-5,6997e-005
-21,954	99,958	-210,56	-6,1826e-005
-20,752	99,871	-211,04	-4,9366e-005
-21,948	99,958	-218,01	-4,8265e-005
-21,95	99,958	-215,51	-5,2532e-005
-20,831	99,876	-216,04	-4,0848e-005
-21,945	99,958	-222,97	-4,0633e-005
-21,946	99,958	-220,47	-4,4341e-005
-20,897	99,881	-220,95	-3,3471e-005
-21,942	99,958	-227,92	-3,4083e-005
-21,943	99,958	-225,42	-3,725e-005
-20,918	99,883	-225,82	-2,6809e-005
-21,939	99,957	-232,88	-2,8599e-005
-21,94	99,957	-230,38	-3,1228e-005
-21,225	99,905	-230,66	-2,3982e-005
-21,937	99,957	-238,12	-2,3969e-005
-21,938	99,957	-235,33	-2,6278e-005
-21,033	99,891	-235,53	-1,7317e-005
-21,935	99,957	-243,03	-2,077e-005
-21,033	99,891	-237,98	-1,5285e-005
-19,353	99,775	-242,15	3,8749e-006
-19,137	99,761	-239,99	4,5835e-006
-21,934	99,957	-247,94	-1,8655e-005
-19,352	99,775	-244,6	5,1958e-006
-19,596	99,791	-246,86	3,793e-006
-21,933	99,957	-252,85	-1,7657e-005
-19,595	99,791	-249,32	4,55e-006
-19,812	99,806	-251,27	2,8926e-006
-18,651	99,729	-255,56	1,4481e-005
-19,812	99,806	-253,72	3,1398e-006
-2,2721	99,144	0,	-1,1756e-003
-2,2142e-002	99,135	-2,4549	-1,1432e-003
2,2323	99,144	0,	-1,1637e-003
-15,765	99,56	0,	-1,2306e-003
-17,245	99,643	-2,425	-1,2157e-003
-11,269	99,352	0,	-1,2098e-003
-14,999	99,519	-2,425	-1,2044e-003
-12,944	99,421	-2,755	-1,1912e-003
-6,7715	99,214	0,	-1,1912e-003
-10,696	99,331	-2,755	-1,1806e-003
-8,0127	99,245	-2,8653	-1,1675e-003
-2,2721	99,144	-2,4549	-1,1498e-003
-5,7633	99,192	-2,8653	-1,1582e-003
-2,2142e-002	99,135	-252,85	1,5551e-004
3,396	99,155	-254,9	1,5972e-004
-3,0017	99,151	-255,35	1,4417e-004
-2,0103	99,142	-253,42	1,4863e-004
-2,2142e-002	99,135	-247,94	1,5431e-004
3,396	99,155	-252,44	1,5965e-004
2,7225	99,148	-249,72	1,5882e-004
-2,0103	99,142	-250,96	1,4821e-004
-2,2006	99,144	-248,9	1,4693e-004
-2,2142e-002	99,135	-243,03	1,5191e-004
2,7225	99,148	-247,26	1,5815e-004
2,481	99,146	-244,48	1,5669e-004
-2,2006	99,144	-246,45	1,4597e-004
-2,7668	99,148	-243,71	1,4206e-004
-2,2142e-002	99,135	-238,12	1,485e-004
2,481	99,146	-242,02	1,554e-004
2,4233	99,145	-239,53	1,5352e-004
-2,7668	99,148	-241,26	1,4045e-004
-2,3273	99,145	-239,	1,4087e-004
-2,2142e-002	99,135	-233,21	1,4391e-004
2,4233	99,145	-237,08	1,5166e-004
2,1738	99,143	-234,44	1,4895e-004
-2,3273	99,145	-236,54	1,3894e-004
-2,2181	99,144	-234,44	1,3744e-004
-2,2142e-002	99,135	-228,3	1,3824e-004
2,1738	99,143	-231,99	1,4653e-004
2,1738	99,143	-229,53	1,436e-004
-2,2181	99,144	-231,99	1,3478e-004
-2,2181	99,144	-229,53	1,3198e-004
-2,2142e-002	99,135	-223,39	1,3144e-004
2,1738	99,143	-227,08	1,4046e-004
2,1738	99,143	-224,62	1,3705e-004
-2,2181	99,144	-227,08	1,2885e-004
-2,2181	99,144	-224,62	1,2543e-004
-2,2142e-002	99,135	-218,48	1,2353e-004
2,1738	99,143	-222,17	1,3342e-004
2,1738	99,143	-219,71	1,2939e-004
-2,2181	99,144	-222,17	1,2182e-004
-2,2181	99,144	-219,71	1,1777e-004
-2,2142e-002	99,135	-213,57	1,1446e-004
2,1738	99,143	-217,26	1,2519e-004
2,1738	99,143	-214,8	1,206e-004
-2,2181	99,144	-217,26	1,1363e-004
-2,2181	99,144	-214,8	1,0905e-004
-2,2142e-002	99,135	-208,66	1,0425e-004
2,1738	99,143	-212,35	1,158e-004
2,1738	99,143	-209,89	1,1069e-004
-2,2181	99,144	-212,35	1,0424e-004
-2,2181	99,144	-209,89	9,9143e-005
-2,2142e-002	99,135	-203,76	9,2919e-005
2,1738	99,143	-207,44	1,0535e-004
2,1738	99,143	-204,98	9,9765e-005
-2,2181	99,144	-207,44	9,3792e-005
-2,2181	99,144	-204,98	8,8131e-005
-2,2142e-002	99,135	-198,85	8,0397e-005
2,1738	99,143	-202,53	9,3709e-005
2,1738	99,143	-200,07	8,7532e-005
-2,2181	99,144	-202,53	8,2205e-005
-2,2181	99,144	-200,07	7,5876e-005
-2,2142e-002	99,135	-193,94	6,6646e-005
2,1738	99,143	-197,62	8,087e-005
2,1738	99,143	-195,16	7,4167e-005
-2,2181	99,144	-197,62	6,9386e-005
-2,2181	99,144	-195,16	6,2448e-005
-2,2142e-002	99,135	-189,03	5,1926e-005
2,1738	99,143	-192,71	6,7062e-005
2,1738	99,143	-190,25	5,9563e-005
-2,2181	99,144	-192,71	5,536e-005
-2,2181	99,144	-190,25	4,8089e-005
-2,2142e-002	99,135	-184,12	3,6063e-005
2,1738	99,143	-187,8	5,1993e-005
2,1738	99,143	-185,34	4,3962e-005
-2,2181	99,144	-187,8	4,0296e-005
-2,2181	99,144	-185,34	3,2497e-005
-2,2142e-002	99,135	-179,21	1,9131e-005
2,1738	99,143	-182,89	3,5907e-005
2,1738	99,143	-180,43	2,7396e-005
-2,2181	99,144	-182,89	2,4287e-005
-2,2181	99,144	-180,43	1,5776e-005
-2,2142e-002	99,135	-174,3	1,2233e-006
2,1738	99,143	-177,98	1,8663e-005
2,1738	99,143	-175,52	9,7454e-006
-2,2181	99,144	-177,98	7,1324e-006
-2,2181	99,144	-175,52	-1,8864e-006
-2,2142e-002	99,135	-169,39	-1,7693e-005
2,1738	99,143	-173,07	5,1104e-007
2,1738	99,143	-170,61	-8,9467e-006
-2,2181	99,144	-173,07	-1,1056e-005
-2,2181	99,144	-170,61	-2,049e-005
-2,2142e-002	99,135	-164,48	-3,7577e-005
2,1738	99,143	-168,16	-1,8595e-005
2,1738	99,143	-165,7	-2,8472e-005
-2,2181	99,144	-168,16	-3,0203e-005
-2,2181	99,144	-165,7	-4,0073e-005
-2,2142e-002	99,135	-159,57	-5,8422e-005
2,1738	99,143	-163,25	-3,8768e-005
2,1738	99,143	-160,79	-4,9095e-005
-2,2181	99,144	-163,25	-5,0238e-005
-2,2181	99,144	-160,79	-6,0813e-005
-2,2142e-002	99,135	-154,66	-8,0259e-005
2,1738	99,143	-158,34	-5,9784e-005
2,1738	99,143	-155,88	-7,0675e-005
-2,2181	99,144	-158,34	-7,132e-005
-2,2181	99,144	-155,88	-8,2209e-005
-2,2142e-002	99,135	-149,75	-1,0301e-004
2,1738	99,143	-153,43	-8,181e-005
2,1738	99,143	-150,98	-9,3155e-005
-2,2181	99,144	-153,43	-9,3454e-005
-2,2181	99,144	-150,98	-1,0475e-004
-2,2142e-002	99,135	-144,84	-1,2676e-004
2,1738	99,143	-148,52	-1,0484e-004
2,1738	99,143	-146,07	-1,1671e-004
-2,2181	99,144	-148,52	-1,1642e-004
-2,2181	99,144	-146,07	-1,2823e-004
-2,2142e-002	99,135	-139,93	-1,515e-004
2,1738	99,143	-143,61	-1,2874e-004
2,1738	99,143	-141,16	-1,4115e-004
-2,2181	99,144	-143,61	-1,4036e-004
-2,2181	99,144	-141,16	-1,5266e-004
-2,2142e-002	99,135	-135,02	-1,7715e-004
2,1738	99,143	-138,7	-1,5367e-004
2,1738	99,143	-136,25	-1,6655e-004
-2,2181	99,144	-138,7	-1,6532e-004
-2,2181	99,144	-136,25	-1,7806e-004
-2,2142e-002	99,135	-130,11	-2,0368e-004
2,1738	99,143	-133,79	-1,7955e-004
2,1738	99,143	-131,34	-1,9282e-004
-2,2181	99,144	-133,79	-1,9118e-004
-2,2181	99,144	-131,34	-2,0441e-004
-2,2142e-002	99,135	-125,2	-2,311e-004
2,1738	99,143	-128,88	-2,0622e-004
2,1738	99,143	-126,43	-2,1995e-004
-2,2181	99,144	-128,88	-2,1786e-004
-2,2181	99,144	-126,43	-2,3156e-004
-2,2142e-002	99,135	-120,29	-2,5922e-004
2,1738	99,143	-123,97	-2,3384e-004
2,1738	99,143	-121,52	-2,4785e-004
-2,2181	99,144	-123,97	-2,4542e-004
-2,2181	99,144	-121,52	-2,595e-004
-2,2142e-002	99,135	-115,38	-2,8824e-004
2,1738	99,143	-119,06	-2,622e-004
2,1738	99,143	-116,61	-2,7654e-004
-2,2181	99,144	-119,06	-2,7373e-004
-2,2181	99,144	-116,61	-2,8826e-004
-2,2142e-002	99,135	-110,47	-3,1787e-004
2,1738	99,143	-114,15	-2,9119e-004
2,1738	99,143	-111,7	-3,0611e-004
-2,2181	99,144	-114,15	-3,0293e-004
-2,2181	99,144	-111,7	-3,1767e-004
-2,2142e-002	99,135	-105,56	-3,4829e-004
2,1738	99,143	-109,24	-3,2108e-004
2,1738	99,143	-106,79	-3,3633e-004
-2,2181	99,144	-109,24	-3,3275e-004
-2,2181	99,144	-106,79	-3,4794e-004
-2,2142e-002	99,135	-100,65	-3,7945e-004
2,1738	99,143	-104,33	-3,5172e-004
2,1738	99,143	-101,88	-3,6719e-004
-2,2181	99,144	-104,33	-3,633e-004
-2,2181	99,144	-101,88	-3,7882e-004
-2,2142e-002	99,135	-95,74	-4,1126e-004
2,1738	99,143	-99,423	-3,8292e-004
2,1738	99,143	-96,968	-3,9888e-004
-2,2181	99,144	-99,423	-3,9458e-004
-2,2181	99,144	-96,968	-4,1047e-004
-2,2142e-002	99,135	-90,831	-4,4379e-004
2,1738	99,143	-94,513	-4,1491e-004
2,1738	99,143	-92,058	-4,3124e-004
-2,2181	99,144	-94,513	-4,2653e-004
-2,2181	99,144	-92,058	-4,428e-004
-2,2142e-002	99,135	-85,921	-4,7703e-004
2,1738	99,143	-89,603	-4,476e-004
2,1738	99,143	-87,148	-4,6423e-004
-2,2181	99,144	-89,603	-4,5918e-004
-2,2181	99,144	-87,148	-4,7587e-004
-2,2142e-002	99,135	-81,011	-5,1096e-004
2,1738	99,143	-84,693	-4,8094e-004
2,1738	99,143	-82,239	-4,9794e-004
-2,2181	99,144	-84,693	-4,9256e-004
-2,2181	99,144	-82,239	-5,0953e-004
-2,2142e-002	99,135	-76,101	-5,455e-004
2,1738	99,143	-79,784	-5,1502e-004
2,1738	99,143	-77,329	-5,3232e-004
-2,2181	99,144	-79,784	-5,2667e-004
-2,2181	99,144	-77,329	-5,439e-004
-2,2142e-002	99,135	-71,192	-5,8071e-004
2,1738	99,143	-74,874	-5,4968e-004
2,1738	99,143	-72,419	-5,673e-004
-2,2181	99,144	-74,874	-5,6134e-004
-2,2181	99,144	-72,419	-5,789e-004
-2,2142e-002	99,135	-66,282	-6,1648e-004
2,1738	99,143	-69,964	-5,8504e-004
2,1738	99,143	-67,509	-6,029e-004
-2,2181	99,144	-69,964	-5,9663e-004
-2,2181	99,144	-67,509	-6,145e-004
-2,2142e-002	99,135	-61,372	-6,5279e-004
2,1738	99,143	-65,054	-6,2093e-004
2,1738	99,143	-62,599	-6,3901e-004
-2,2181	99,144	-65,054	-6,325e-004
-2,2181	99,144	-62,599	-6,5062e-004
-2,2142e-002	99,135	-56,462	-6,8962e-004
2,1738	99,143	-60,145	-6,5735e-004
2,1738	99,143	-57,69	-6,7571e-004
-2,2181	99,144	-60,145	-6,69e-004
-2,401	99,145	-57,873	-6,8661e-004
-2,2142e-002	99,135	-51,552	-7,2698e-004
2,1738	99,143	-55,235	-6,943e-004
2,3567	99,145	-52,597	-7,14e-004
-2,401	99,145	-55,418	-7,0512e-004
-2,2181	99,144	-52,78	-7,2454e-004
-2,2142e-002	99,135	-46,643	-7,6487e-004
2,3567	99,145	-50,142	-7,3285e-004
2,1738	99,143	-47,87	-7,5065e-004
-2,2181	99,144	-50,325	-7,4333e-004
-2,4006	99,145	-47,694	-7,6424e-004
-2,2142e-002	99,135	-41,733	-8,0327e-004
2,1738	99,143	-45,415	-7,6972e-004
2,3563	99,145	-43,126	-7,8725e-004
-2,4006	99,145	-45,239	-7,833e-004
-2,4314	99,145	-42,748	-8,0293e-004
-2,2142e-002	99,135	-36,823	-8,4222e-004
2,3563	99,145	-40,671	-8,0656e-004
2,311	99,145	-38,261	-8,2576e-004
-2,4314	99,145	-40,293	-8,2227e-004
-2,4366	99,146	-37,832	-8,4176e-004
-2,2142e-002	99,135	-31,913	-8,8178e-004
2,311	99,145	-35,806	-8,4536e-004
2,1738	99,143	-33,141	-8,6702e-004
-2,4366	99,146	-35,377	-8,614e-004
-2,4374	99,146	-32,921	-8,8116e-004
-2,2142e-002	99,135	-27,004	-9,2208e-004
2,1738	99,143	-30,686	-8,8696e-004
2,1738	99,143	-28,231	-9,0708e-004
-2,4374	99,146	-30,467	-9,0114e-004
-2,4376	99,146	-28,012	-9,2128e-004
-2,2142e-002	99,135	-22,094	-9,6328e-004
2,1738	99,143	-25,776	-9,2741e-004
2,268	99,144	-23,62	-9,4535e-004
-2,4376	99,146	-25,557	-9,4162e-004
-2,5325	99,146	-23,059	-9,6292e-004
-2,2142e-002	99,135	-17,184	-1,0056e-003
2,268	99,144	-21,165	-9,6609e-004
2,362	99,145	-18,832	-9,8601e-004
-2,5325	99,146	-20,604	-9,838e-004
-2,542	99,146	-18,196	-1,0046e-003
-2,2142e-002	99,135	-12,274	-1,0492e-003
2,362	99,145	-16,377	-1,0073e-003
2,7225	99,148	-14,051	-1,0273e-003
-2,542	99,146	-15,742	-1,026e-003
-2,7668	99,148	-12,953	-1,0516e-003
-2,2142e-002	99,135	-7,3646	-1,0947e-003
2,7225	99,148	-11,596	-1,0494e-003
2,032	99,142	-9,2008	-1,0727e-003
-3,5136	99,156	-7,7751	-1,102e-003
-2,7668	99,148	-10,498	-1,074e-003
2,2323	99,144	-2,4549	-1,1379e-003
2,995	99,151	-4,8625	-1,1123e-003
2,032	99,142	-6,746	-1,0959e-003
-3,5136	99,156	-5,3202	-1,1255e-003
6,7405	99,213	0,	-1,1556e-003
5,2492	99,182	-2,4076	-1,133e-003
11,247	99,351	0,	-1,1504e-003
7,5031	99,231	-2,4076	-1,1302e-003
9,5701	99,292	-2,7548	-1,1249e-003
15,751	99,559	0,	-1,1474e-003
11,823	99,374	-2,7548	-1,1235e-003
14,509	99,495	-2,864	-1,1213e-003
20,241	99,835	-2,4549	-1,1241e-003
16,76	99,615	-2,864	-1,1208e-003
22,5	99,981	-453,19	-7,1418e-004
22,5	99,98	-450,69	-6,9577e-004
21,16	99,9	-453,64	-7,1526e-004
21,378	99,916	-451,01	-6,9612e-004
22,5	99,982	-458,14	-7,5109e-004
22,5	99,981	-455,64	-7,3239e-004
21,16	99,9	-456,09	-7,3357e-004
22,5	99,983	-463,09	-7,8853e-004
22,5	99,983	-460,59	-7,6957e-004
21,239	99,906	-461,01	-7,7082e-004
22,5	99,985	-468,04	-8,2651e-004
22,5	99,984	-465,54	-8,0728e-004
21,319	99,911	-465,93	-8,0857e-004
22,5	99,986	-472,99	-8,65e-004
22,5	99,985	-470,49	-8,4552e-004
21,399	99,917	-470,85	-8,4684e-004
22,5	99,987	-477,94	-9,0401e-004
22,5	99,987	-475,44	-8,8427e-004
21,479	99,923	-475,76	-8,8554e-004
22,5	99,989	-483,21	-9,461e-004
22,5	99,988	-480,39	-9,2353e-004
21,565	99,93	-480,55	-9,2378e-004
22,5	99,99	-488,11	-9,8584e-004
21,565	99,93	-483,	-9,435e-004
20,128	99,827	-486,64	-9,7163e-004
20,339	99,842	-484,36	-9,5325e-004
22,5	99,992	-493,02	-1,0262e-003
20,251	99,836	-491,55	-1,0122e-003
20,128	99,827	-489,09	-9,9178e-004
22,5	99,993	-497,92	-1,0672e-003
20,201	99,832	-496,34	-1,0524e-003
20,251	99,836	-494,	-1,0327e-003
22,5	99,995	-502,83	-1,1091e-003
19,762	99,802	-501,05	-1,0925e-003
20,201	99,832	-498,8	-1,0733e-003
22,5	99,996	-507,74	-1,1521e-003
19,628	99,793	-506,27	-1,1383e-003
19,762	99,802	-503,51	-1,1139e-003
22,5	99,998	-512,64	-1,1965e-003
19,628	99,793	-508,72	-1,1604e-003
20,424	99,848	-510,87	-1,18e-003
19,491	99,784	-515,14	-1,2196e-003
20,424	99,848	-513,32	-1,2026e-003
21,933	99,957	-252,85	9,8032e-005
18,967	99,75	-255,47	1,1138e-004
19,994	99,818	-253,7	1,068e-004
21,934	99,957	-247,94	9,7032e-005
19,994	99,818	-251,24	1,0652e-004
19,206	99,765	-249,03	1,0954e-004
21,935	99,957	-243,03	9,4917e-005
19,207	99,765	-246,58	1,0874e-004
19,508	99,785	-243,92	1,062e-004
21,937	99,957	-238,12	9,1714e-005
19,508	99,785	-241,46	1,0481e-004
19,666	99,796	-239,39	1,0271e-004
21,938	99,957	-235,33	8,9413e-005
21,055	99,892	-235,38	9,3372e-005
19,667	99,796	-236,93	1,0081e-004
21,94	99,957	-230,38	8,4479e-005
21,939	99,957	-232,88	8,71e-005
21,056	99,892	-232,92	9,1048e-005
21,223	99,905	-230,5	8,7775e-005
21,943	99,958	-225,42	7,8457e-005
21,942	99,958	-227,92	8,1633e-005
21,225	99,905	-228,05	8,493e-005
20,878	99,88	-225,67	8,3472e-005
21,946	99,958	-220,47	7,1357e-005
21,945	99,958	-222,97	7,5067e-005
20,811	99,875	-220,83	7,686e-005
21,95	99,958	-215,51	6,3167e-005
21,948	99,958	-218,01	6,7434e-005
20,735	99,87	-215,91	6,9115e-005
21,954	99,958	-210,56	5,3884e-005
21,952	99,958	-213,06	5,8698e-005
20,731	99,869	-210,75	5,9498e-005
21,958	99,959	-205,6	4,3529e-005
21,956	99,959	-208,1	4,8887e-005
20,733	99,869	-208,29	5,4484e-005
20,883	99,88	-205,91	4,8755e-005
21,963	99,959	-200,65	3,2116e-005
21,961	99,959	-203,15	3,8004e-005
20,808	99,875	-200,97	3,7756e-005
21,969	99,96	-195,69	1,9682e-005
21,966	99,959	-198,2	2,6084e-005
20,733	99,869	-196,04	2,5709e-005
21,974	99,96	-190,74	6,199e-006
21,971	99,96	-193,24	1,3135e-005
20,658	99,864	-191,11	1,2608e-005
21,98	99,96	-185,79	-8,3506e-006
21,977	99,96	-188,29	-8,7897e-007
20,584	99,859	-186,18	-1,5499e-006
21,987	99,961	-180,83	-2,3929e-005
21,984	99,961	-183,33	-1,594e-005
20,401	99,846	-181,52	-1,5413e-005
21,994	99,961	-175,88	-4,051e-005
21,99	99,961	-178,38	-3,202e-005
20,438	99,849	-176,31	-3,2968e-005
22,001	99,962	-170,92	-5,8088e-005
21,997	99,962	-173,42	-4,9093e-005
20,441	99,849	-173,86	-4,1568e-005
20,292	99,838	-171,02	-5,1219e-005
22,009	99,963	-165,97	-7,6632e-005
22,005	99,962	-168,47	-6,7155e-005
20,296	99,839	-168,57	-6,0334e-005
20,245	99,835	-166,09	-6,9582e-005
22,017	99,963	-161,01	-9,6134e-005
22,013	99,963	-163,51	-8,6171e-005
20,249	99,835	-163,63	-7,9189e-005
20,202	99,832	-161,15	-8,8959e-005
22,026	99,964	-156,06	-1,166e-004
22,021	99,964	-158,56	-1,0615e-004
20,206	99,833	-158,69	-9,904e-005
20,161	99,829	-156,21	-1,0929e-004
22,035	99,965	-151,1	-1,3801e-004
22,03	99,964	-153,6	-1,2709e-004
20,166	99,83	-153,76	-1,1984e-004
20,122	99,827	-151,28	-1,3058e-004
22,044	99,965	-146,15	-1,6033e-004
22,039	99,965	-148,65	-1,4896e-004
20,126	99,827	-148,82	-1,4159e-004
20,083	99,824	-146,34	-1,5275e-004
22,054	99,966	-141,19	-1,8352e-004
22,049	99,966	-143,69	-1,7171e-004
20,088	99,824	-143,89	-1,642e-004
20,221	99,834	-141,1	-1,779e-004
22,064	99,967	-136,24	-2,0757e-004
22,059	99,966	-138,74	-1,9533e-004
20,226	99,834	-138,64	-1,8979e-004
20,166	99,83	-135,93	-2,0299e-004
22,075	99,968	-131,28	-2,3248e-004
22,069	99,967	-133,78	-2,198e-004
20,263	99,836	-130,92	-2,2873e-004
20,172	99,83	-133,48	-2,1534e-004
22,086	99,968	-126,33	-2,5826e-004
22,08	99,968	-128,83	-2,4515e-004
20,277	99,837	-125,93	-2,549e-004
20,269	99,837	-128,46	-2,4151e-004
22,097	99,969	-121,37	-2,8486e-004
22,091	99,969	-123,87	-2,7134e-004
20,322	99,841	-121,01	-2,8165e-004
20,283	99,838	-123,48	-2,6809e-004
22,109	99,97	-116,42	-3,1223e-004
22,103	99,97	-118,92	-2,9832e-004
20,367	99,844	-116,09	-3,0915e-004
20,328	99,841	-118,56	-2,9524e-004
22,121	99,971	-111,46	-3,4039e-004
22,115	99,971	-113,96	-3,2609e-004
20,414	99,847	-111,16	-3,3747e-004
20,373	99,844	-113,64	-3,2311e-004
22,134	99,972	-106,51	-3,6927e-004
22,127	99,972	-109,01	-3,5461e-004
20,464	99,85	-106,22	-3,6661e-004
20,42	99,847	-108,71	-3,518e-004
22,147	99,973	-101,55	-3,9888e-004
22,14	99,973	-104,05	-3,8385e-004
20,521	99,854	-101,27	-3,9656e-004
20,471	99,851	-103,77	-3,8129e-004
22,16	99,974	-96,597	-4,2922e-004
22,153	99,974	-99,097	-4,1382e-004
20,639	99,863	-96,164	-4,2825e-004
20,528	99,855	-98,81	-4,1159e-004
22,174	99,975	-91,65	-4,602e-004
22,167	99,975	-94,142	-4,4451e-004
20,646	99,863	-93,709	-4,4364e-004
22,188	99,976	-86,697	-4,9184e-004
22,181	99,976	-89,195	-4,758e-004
20,726	99,869	-88,781	-4,7518e-004
22,202	99,977	-81,733	-5,2416e-004
22,195	99,977	-84,242	-5,0775e-004
20,818	99,875	-83,849	-5,0735e-004
22,217	99,978	-76,778	-5,5707e-004
22,21	99,978	-79,278	-5,4038e-004
20,929	99,883	-78,913	-5,4022e-004
22,233	99,98	-71,823	-5,9062e-004
22,225	99,979	-74,323	-5,7361e-004
20,859	99,878	-73,673	-5,7542e-004
22,249	99,981	-66,868	-6,248e-004
22,241	99,98	-69,368	-6,0749e-004
20,932	99,884	-68,763	-6,0931e-004
22,265	99,982	-61,913	-6,5948e-004
22,257	99,981	-64,413	-6,4192e-004
20,907	99,882	-63,988	-6,4262e-004
22,281	99,983	-56,958	-6,9473e-004
22,273	99,983	-59,458	-6,7688e-004
21,088	99,895	-58,987	-6,7839e-004
22,298	99,985	-52,003	-7,305e-004
22,29	99,984	-54,503	-7,1238e-004
21,199	99,903	-53,995	-7,1447e-004
22,316	99,986	-47,049	-7,668e-004
22,307	99,985	-49,548	-7,4843e-004
21,236	99,905	-49,137	-7,5001e-004
22,333	99,987	-42,094	-8,0361e-004
22,324	99,987	-44,594	-7,8496e-004
21,541	99,928	-44,308	-7,8613e-004
22,353	99,989	-36,823	-8,4332e-004
22,342	99,988	-39,639	-8,2203e-004
21,404	99,918	-39,467	-8,2228e-004
22,371	99,99	-31,914	-8,8085e-004
21,413	99,918	-37,012	-8,409e-004
19,96	99,816	-32,809	-8,7176e-004
19,616	99,792	-35,101	-8,5373e-004
22,39	99,992	-27,004	-9,1897e-004
19,969	99,816	-30,354	-8,9084e-004
19,977	99,817	-27,985	-9,0942e-004
22,409	99,993	-22,094	-9,578e-004
19,987	99,817	-25,53	-9,2884e-004
19,903	99,812	-23,048	-9,4863e-004
22,429	99,995	-17,184	-9,975e-004
19,913	99,812	-20,593	-9,6848e-004
19,913	99,812	-18,184	-9,8819e-004
22,448	99,996	-12,274	-1,0383e-003
19,923	99,813	-15,729	-1,0085e-003
19,708	99,799	-12,941	-1,032e-003
22,469	99,998	-7,3646	-1,0805e-003
18,99	99,751	-7,7737	-1,0766e-003
19,718	99,799	-10,487	-1,053e-003
19,	99,752	-5,3189	-1,0984e-003
21,565	99,93	-480,19	-9,2089e-004
21,479	99,923	-477,85	-9,0213e-004
21,479	99,923	-475,35	-8,8233e-004
21,399	99,917	-472,89	-8,6287e-004
21,399	99,917	-470,4	-8,4332e-004
21,319	99,911	-467,93	-8,2405e-004
21,319	99,911	-465,43	-8,0476e-004
21,239	99,906	-462,97	-7,8574e-004
21,239	99,906	-460,47	-7,6671e-004
21,16	99,9	-458,01	-7,4795e-004
21,16	99,9	-455,51	-7,2918e-004
22,233	99,98	-448,24	-6,7741e-004
21,378	99,916	-450,37	-6,9148e-004
20,933	99,884	-448,1	-6,7398e-004
20,797	99,874	-446,28	-6,6045e-004
21,402	99,918	-39,827	-8,1955e-004
21,548	99,928	-42,214	-8,0178e-004
21,539	99,928	-44,713	-7,831e-004
21,244	99,906	-47,088	-7,6513e-004
21,235	99,905	-49,588	-7,467e-004
21,206	99,903	-51,992	-7,2906e-004
21,197	99,903	-54,492	-7,1087e-004
21,095	99,895	-57,028	-6,9243e-004
21,087	99,895	-59,528	-6,7452e-004
20,913	99,882	-62,074	-6,5614e-004
20,905	99,882	-64,574	-6,385e-004
20,938	99,884	-66,894	-6,2232e-004
20,93	99,883	-69,394	-6,0494e-004
20,865	99,879	-71,849	-5,879e-004
20,857	99,878	-74,349	-5,7081e-004
20,935	99,884	-77,134	-5,5215e-004
20,927	99,883	-79,634	-5,3541e-004
20,823	99,876	-82,116	-5,1876e-004
20,816	99,875	-84,625	-5,0228e-004
20,73	99,869	-87,102	-4,8601e-004
20,723	99,869	-89,601	-4,6992e-004
20,65	99,864	-92,074	-4,5399e-004
20,643	99,863	-94,566	-4,3825e-004
20,525	99,855	-99,713	-4,0605e-004
20,468	99,851	-104,71	-3,7561e-004
20,418	99,847	-109,7	-3,4598e-004
20,37	99,844	-114,68	-3,1718e-004
20,325	99,841	-119,64	-2,8922e-004
20,28	99,838	-124,61	-2,6201e-004
20,266	99,837	-129,63	-2,3538e-004
20,169	99,83	-134,69	-2,0918e-004
20,223	99,834	-139,91	-1,8364e-004
20,085	99,824	-145,2	-1,5808e-004
20,124	99,827	-150,17	-1,3549e-004
20,163	99,83	-155,15	-1,138e-004
20,204	99,832	-160,14	-9,3086e-005
20,247	99,835	-165,12	-7,3338e-005
20,293	99,839	-170,1	-5,4612e-005
20,439	99,849	-175,44	-3,6007e-005
20,402	99,846	-180,69	-1,8121e-005
20,436	99,848	-177,94	-2,7414e-005
20,585	99,859	-185,39	-3,9464e-006
20,399	99,846	-183,19	-1,007e-005
20,659	99,864	-190,37	1,0507e-005
20,582	99,859	-187,89	3,5994e-006
20,734	99,869	-195,35	2,3871e-005
20,656	99,864	-192,87	1,7514e-005
20,808	99,875	-200,32	3,6182e-005
20,731	99,869	-197,85	3,0348e-005
20,884	99,88	-205,3	4,7416e-005
20,806	99,875	-202,82	4,212e-005
20,731	99,869	-210,19	5,8373e-005
20,735	99,87	-215,4	6,82e-005
20,729	99,869	-212,69	6,325e-005
20,811	99,875	-220,36	7,6132e-005
20,734	99,869	-217,9	7,2505e-005
20,878	99,88	-225,25	8,2897e-005
20,809	99,875	-222,86	7,9871e-005
21,223	99,905	-230,12	8,7351e-005
21,055	99,892	-235,04	9,3068e-005
21,039	99,891	-284,69	8,2168e-005
21,226	99,905	-289,54	7,4298e-005
20,919	99,883	-294,37	6,76e-005
20,898	99,881	-299,23	5,8563e-005
20,832	99,876	-304,14	4,8534e-005
20,752	99,871	-309,14	3,7284e-005
20,574	99,858	-314,14	2,5336e-005
20,624	99,862	-318,9	1,201e-005
20,735	99,869	-324,12	-3,9341e-006
20,66	99,864	-329,05	-1,932e-005
20,586	99,859	-333,98	-3,5797e-005
20,443	99,849	-338,56	-5,1771e-005
20,427	99,848	-343,83	-7,1737e-005
20,431	99,848	-346,27	-8,146e-005
20,344	99,842	-348,75	-9,1174e-005
20,348	99,842	-351,21	-1,0146e-004
20,294	99,839	-353,69	-1,1183e-004
20,298	99,839	-356,15	-1,2253e-004
20,222	99,834	-358,62	-1,3327e-004
20,227	99,834	-361,07	-1,4445e-004
20,151	99,829	-363,55	-1,5569e-004
20,155	99,829	-366,	-1,6734e-004
20,08	99,824	-368,48	-1,7907e-004
20,084	99,824	-370,93	-1,9118e-004
20,165	99,83	-373,6	-2,0485e-004
20,17	99,83	-376,05	-2,1741e-004
20,149	99,829	-378,69	-2,3108e-004
20,154	99,829	-381,14	-2,4408e-004
20,273	99,837	-383,8	-2,5881e-004
20,244	99,835	-388,91	-2,8688e-004
20,279	99,838	-386,26	-2,7225e-004
20,302	99,839	-393,84	-3,1514e-004
20,249	99,835	-391,36	-3,0077e-004
20,206	99,832	-398,9	-3,4459e-004
20,307	99,84	-396,29	-3,2943e-004
20,266	99,837	-403,84	-3,7448e-004
20,211	99,833	-401,36	-3,5929e-004
20,328	99,841	-408,77	-4,0513e-004
20,272	99,837	-406,29	-3,8956e-004
20,393	99,845	-413,71	-4,3652e-004
20,334	99,841	-411,22	-4,2057e-004
20,461	99,85	-418,64	-4,686e-004
20,399	99,846	-416,16	-4,5232e-004
20,572	99,858	-423,57	-5,0147e-004
20,467	99,851	-421,09	-4,8475e-004
20,736	99,87	-428,84	-5,3749e-004
20,579	99,858	-426,02	-5,1796e-004
20,743	99,87	-431,29	-5,543e-004
20,855	99,878	-436,21	-5,8867e-004
20,929	99,883	-441,15	-6,2379e-004
-21,395	99,917	-480,59	-1,0368e-003
-21,577	99,93	-475,74	-9,9941e-004
-21,236	99,905	-470,9	-9,5915e-004
-21,199	99,903	-466,05	-9,2121e-004
-21,088	99,895	-461,06	-8,8228e-004
-20,907	99,882	-456,07	-8,4328e-004
-20,932	99,884	-451,3	-8,0791e-004
-20,859	99,878	-446,39	-7,714e-004
-21,559	99,929	-39,47	-9,3613e-004
-21,478	99,923	-44,278	-8,9955e-004
-21,398	99,917	-49,194	-8,6265e-004
-21,317	99,911	-54,117	-8,2619e-004
-21,237	99,906	-59,039	-7,9024e-004
-21,158	99,9	-63,96	-7,548e-004
-21,158	99,9	-66,415	-7,376e-004
-21,376	99,916	-69,052	-7,2081e-004
-21,034	99,891	-235,2	-1,7618e-005
-21,224	99,905	-232,78	-2,1756e-005
-21,225	99,905	-230,28	-2,4397e-005
-20,917	99,882	-227,89	-2,4193e-005
-20,918	99,883	-225,39	-2,7375e-005
-20,895	99,881	-222,98	-3,0474e-005
-20,897	99,881	-220,48	-3,4196e-005
-20,829	99,876	-218,02	-3,7476e-005
-20,831	99,876	-215,52	-4,1757e-005
-20,75	99,871	-212,98	-4,5621e-005
-20,752	99,871	-210,48	-5,0484e-005
-20,571	99,858	-207,93	-5,3974e-005
-20,573	99,858	-205,43	-5,9383e-005
-20,621	99,861	-203,11	-6,509e-005
-20,623	99,862	-200,61	-7,1023e-005
-20,731	99,869	-197,85	-7,8898e-005
-20,734	99,869	-195,35	-8,5387e-005
-20,656	99,864	-192,87	-9,1357e-005
-20,659	99,864	-190,37	-9,838e-005
-20,487	99,852	-188,21	-1,0305e-004
-20,49	99,852	-185,71	-1,106e-004
-20,439	99,849	-183,25	-1,1778e-004
-20,442	99,849	-180,75	-1,2584e-004
-20,436	99,848	-177,94	-1,3516e-004
-20,439	99,849	-175,44	-1,4376e-004
-20,362	99,843	-170,27	-1,6161e-004
-20,329	99,841	-165,27	-1,8024e-004
-20,303	99,839	-160,31	-1,9979e-004
-20,278	99,837	-155,34	-2,2033e-004
-20,251	99,836	-150,37	-2,4184e-004
-20,248	99,835	-145,33	-2,6477e-004
-20,15	99,829	-140,24	-2,8807e-004
-20,228	99,834	-135,07	-3,1414e-004
-20,223	99,834	-129,94	-3,4028e-004
-20,149	99,829	-124,8	-3,6682e-004
-20,208	99,833	-119,83	-3,9444e-004
-20,269	99,837	-114,84	-4,2285e-004
-20,331	99,841	-109,86	-4,5205e-004
-20,396	99,846	-104,88	-4,8202e-004
-20,464	99,85	-99,897	-5,1268e-004
-20,643	99,863	-94,566	-5,4711e-004
-20,723	99,869	-89,601	-5,7919e-004
-20,65	99,864	-92,074	-5,6289e-004
-20,816	99,875	-84,625	-6,1205e-004
-20,73	99,869	-87,102	-5,9532e-004
-20,927	99,883	-79,634	-6,4577e-004
-20,823	99,876	-82,116	-6,2857e-004
-20,795	99,874	-74,459	-6,7961e-004
-20,935	99,884	-77,134	-6,6255e-004
-20,929	99,883	-441,15	-7,3419e-004
-20,855	99,878	-436,21	-6,9865e-004
-20,743	99,87	-431,29	-6,637e-004
-20,736	99,87	-428,84	-6,4686e-004
-20,523	99,855	-426,26	-6,2771e-004
-20,516	99,854	-423,81	-6,1118e-004
-20,552	99,857	-421,44	-5,9568e-004
-20,546	99,856	-418,99	-5,7947e-004
-20,459	99,85	-416,51	-5,6266e-004
-20,453	99,85	-414,06	-5,468e-004
-20,366	99,844	-411,58	-5,3034e-004
-20,36	99,843	-409,13	-5,1484e-004
-20,274	99,837	-406,66	-4,9873e-004
-20,268	99,837	-404,2	-4,836e-004
-20,182	99,831	-401,73	-4,6786e-004
-20,176	99,83	-399,28	-4,5309e-004
-20,224	99,834	-396,63	-4,3783e-004
-20,218	99,833	-394,18	-4,2349e-004
-20,185	99,831	-391,69	-4,0889e-004
-20,179	99,831	-389,24	-3,9495e-004
-20,172	99,83	-386,64	-3,8036e-004
-20,284	99,838	-381,49	-3,5329e-004
-20,167	99,83	-384,18	-3,6687e-004
-20,234	99,834	-376,38	-3,2602e-004
-20,279	99,838	-379,03	-3,4025e-004
-20,273	99,837	-371,45	-3,0131e-004
-20,23	99,834	-373,93	-3,1341e-004
-20,167	99,83	-366,37	-2,7552e-004
-20,269	99,837	-369,	-2,8914e-004
-20,208	99,833	-361,44	-2,5266e-004
-20,163	99,83	-363,92	-2,6383e-004
-20,25	99,835	-356,5	-2,3073e-004
-20,204	99,832	-358,99	-2,4142e-004
-20,289	99,838	-351,57	-2,0978e-004
-20,246	99,835	-354,05	-2,1997e-004
-20,431	99,848	-346,27	-1,8921e-004
-20,285	99,838	-349,11	-1,9943e-004
-20,427	99,848	-343,83	-1,7948e-004
-20,41	99,847	-338,65	-1,5959e-004
-20,464	99,85	-333,75	-1,4242e-004
-20,66	99,864	-329,05	-1,283e-004
-20,735	99,869	-324,12	-1,1328e-004
-20,809	99,875	-319,19	-9,9336e-005
-20,734	99,869	-311,88	-7,8771e-005
-20,885	99,88	-314,27	-8,6415e-005
-20,732	99,869	-309,43	-7,2608e-005
-20,736	99,87	-304,27	-6,0619e-005
-20,812	99,875	-299,36	-5,1007e-005
-21,226	99,905	-292,15	-4,1795e-005
-20,879	99,88	-294,52	-4,2517e-005
-21,066	99,893	-287,29	-3,2626e-005
-21,225	99,905	-289,69	-3,7801e-005
-21,065	99,893	-284,84	-2,9151e-005
20,339	99,842	-232,66	9,3938e-005
18,784	99,738	-236,64	1,0442e-004
17,668	99,668	-233,51	1,0641e-004
20,609	99,861	-42,041	-8,0199e-004
18,667	99,73	-37,744	-8,3254e-004
17,793	99,676	-40,044	-8,1406e-004
20,159	99,829	-227,87	8,9375e-005
17,835	99,678	-231,09	1,0322e-004
17,756	99,674	-228,61	1,0068e-004
20,46	99,85	-46,802	-7,6626e-004
17,939	99,685	-42,431	-7,9609e-004
18,059	99,692	-45,1	-7,7608e-004
19,744	99,801	-223,11	8,4845e-005
17,565	99,662	-224,04	9,5511e-005
17,409	99,653	-226,24	9,9175e-005
20,135	99,828	-51,58	-7,3061e-004
17,763	99,674	-47,474	-7,5796e-004
17,958	99,686	-49,911	-7,4006e-004
19,598	99,791	-218,26	7,7973e-005
17,496	99,658	-221,65	9,2337e-005
17,086	99,634	-219,1	9,0034e-005
20,004	99,819	-56,52	-6,9448e-004
17,929	99,684	-52,315	-7,2228e-004
17,478	99,657	-54,634	-7,0464e-004
19,514	99,786	-213,09	6,9179e-005
17,009	99,629	-216,64	8,6231e-005
17,295	99,646	-214,19	8,0619e-005
19,728	99,8	-61,603	-6,5761e-004
17,376	99,651	-57,17	-6,8599e-004
17,623	99,666	-59,92	-6,6644e-004
19,658	99,795	-207,99	5,8389e-005
17,288	99,646	-211,48	7,5464e-005
16,943	99,625	-208,77	7,1363e-005
19,588	99,79	-66,469	-6,2299e-004
17,449	99,655	-62,467	-6,479e-004
17,29	99,646	-64,98	-6,2973e-004
19,73	99,8	-203,13	4,7316e-005
17,016	99,63	-203,9	6,0365e-005
17,094	99,634	-206,38	6,5668e-005
19,555	99,788	-71,244	-5,897e-004
17,323	99,648	-67,299	-6,1338e-004
17,048	99,631	-69,667	-5,9628e-004
19,575	99,79	-198,17	3,5937e-005
16,938	99,625	-201,42	5,4835e-005
17,179	99,639	-199,08	4,8068e-005
19,568	99,789	-76,485	-5,5389e-004
16,983	99,628	-72,123	-5,7906e-004
16,895	99,623	-74,6	-5,6177e-004
19,42	99,779	-193,21	2,3495e-005
17,102	99,635	-196,61	4,2007e-005
16,936	99,625	-194,31	3,6488e-005
19,542	99,787	-81,752	-5,1854e-004
16,973	99,627	-77,385	-5,4286e-004
16,882	99,622	-79,848	-5,26e-004
19,266	99,769	-188,26	9,9686e-006
16,859	99,62	-191,84	2,9902e-005
16,719	99,612	-189,42	2,3495e-005
19,353	99,775	-86,71	-4,8555e-004
16,778	99,616	-82,33	-5,0916e-004
16,856	99,62	-85,127	-4,9073e-004
19,002	99,752	-183,58	-3,3465e-006
16,642	99,608	-186,94	1,6366e-005
16,553	99,603	-184,47	9,0087e-006
19,195	99,764	-91,66	-4,533e-004
16,771	99,615	-87,604	-4,743e-004
16,68	99,61	-90,019	-4,5836e-004
18,849	99,742	-178,63	-1,8967e-005
16,366	99,593	-182,27	2,6479e-006
16,285	99,588	-179,79	-5,2436e-006
19,01	99,752	-96,78	-4,2059e-004
16,607	99,606	-92,492	-4,423e-004
16,577	99,604	-94,957	-4,2648e-004
18,733	99,734	-173,04	-3,8028e-005
16,319	99,59	-177,04	-1,4799e-005
16,238	99,585	-174,56	-2,3238e-005
18,849	99,742	-101,93	-3,8842e-004
16,466	99,598	-97,603	-4,0955e-004
16,404	99,595	-100,08	-3,9397e-004
18,533	99,722	-167,72	-5,7017e-005
16,088	99,577	-171,73	-3,2998e-005
16,034	99,574	-169,24	-4,2118e-005
18,754	99,736	-106,92	-3,581e-004
16,354	99,592	-102,58	-3,7842e-004
16,281	99,588	-105,09	-3,6294e-004
18,435	99,716	-162,76	-7,6111e-005
15,984	99,571	-166,76	-5,1475e-005
15,955	99,57	-164,25	-6,1298e-005
18,669	99,73	-111,88	-3,287e-004
16,237	99,585	-107,57	-3,4787e-004
16,158	99,581	-110,08	-3,3272e-004
18,343	99,71	-157,79	-9,622e-005
15,908	99,567	-161,76	-7,1191e-005
15,806	99,562	-159,3	-8,1049e-005
18,588	99,725	-116,82	-3,0017e-004
16,116	99,579	-112,56	-3,1808e-004
16,051	99,575	-115,	-3,0371e-004
18,254	99,704	-152,83	-1,1729e-004
15,761	99,559	-156,82	-9,1447e-005
15,71	99,557	-154,34	-1,0201e-004
18,51	99,72	-121,75	-2,7244e-004
16,013	99,573	-117,47	-2,895e-004
15,953	99,57	-119,91	-2,7556e-004
18,166	99,699	-147,87	-1,3931e-004
15,666	99,554	-151,86	-1,1286e-004
15,65	99,553	-149,32	-1,2435e-004
18,462	99,717	-126,74	-2,4523e-004
15,913	99,568	-122,37	-2,6172e-004
15,836	99,563	-124,84	-2,4791e-004
18,256	99,704	-142,6	-1,6428e-004
15,607	99,551	-146,84	-1,3567e-004
15,393	99,54	-143,9	-1,4891e-004
18,362	99,711	-131,83	-2,1821e-004
15,828	99,563	-127,37	-2,3422e-004
15,975	99,571	-130,18	-2,1968e-004
18,33	99,709	-137,1	-1,9138e-004
15,526	99,547	-141,11	-1,6282e-004
15,939	99,569	-138,24	-1,7829e-004
15,883	99,566	-132,74	-2,0605e-004
15,88	99,566	-135,53	-1,9174e-004
14,032	99,471	-255,16	1,3254e-004
17,027	99,63	-253,86	1,1984e-004
9,4397	99,287	-254,6	1,4947e-004
15,06	99,522	-253,4	1,2827e-004
11,518	99,362	-252,	1,4216e-004
6,1404	99,2	-251,77	1,5735e-004
8,8925	99,27	-251,89	1,5089e-004
8,0792	99,247	-5,1625	-1,1029e-003
5,049	99,179	-6,6987	-1,0913e-003
12,833	99,416	-5,6188	-1,0963e-003
7,1164	99,222	-7,0459	-1,0859e-003
10,722	99,332	-8,2644	-1,0726e-003
16,247	99,586	-8,4409	-1,0705e-003
13,408	99,442	-8,3736	-1,0711e-003
17,564	99,662	-28,88	-9,0057e-004
17,213	99,641	-33,541	-8,6369e-004
15,225	99,531	-29,707	-8,9235e-004
15,219	99,531	-32,04	-8,7386e-004
17,489	99,657	-24,029	-9,3929e-004
15,233	99,531	-27,339	-9,1127e-004
15,27	99,533	-25,078	-9,2953e-004
17,406	99,653	-19,138	-9,7923e-004
15,187	99,529	-22,595	-9,4971e-004
15,243	99,532	-20,29	-9,6875e-004
17,191	99,64	-13,942	-1,0228e-003
15,243	99,532	-17,882	-9,8886e-004
15,521	99,547	-15,789	-1,0066e-003
5,2255	99,182	-246,25	1,5698e-004
8,2192	99,251	-249,17	1,5211e-004
7,1567	99,223	-247,2	1,5407e-004
4,9264	99,177	-240,98	1,544e-004
6,9153	99,217	-244,41	1,5327e-004
7,1659	99,223	-242,28	1,5159e-004
4,6192	99,172	-235,85	1,5057e-004
7,1082	99,222	-239,79	1,4998e-004
7,3128	99,227	-236,74	1,4713e-004
4,3697	99,168	-230,76	1,454e-004
7,0633	99,22	-234,1	1,4521e-004
6,4878	99,207	-231,71	1,4377e-004
4,3697	99,168	-225,85	1,3922e-004
6,4878	99,207	-229,25	1,4095e-004
6,3938	99,205	-227,32	1,3866e-004
4,3697	99,168	-220,94	1,3184e-004
6,3938	99,205	-224,87	1,3536e-004
6,3721	99,205	-222,57	1,3202e-004
4,3697	99,168	-216,03	1,2342e-004
6,3721	99,205	-220,12	1,2808e-004
6,8205	99,215	-217,57	1,2291e-004
4,3697	99,168	-211,12	1,1386e-004
6,8205	99,215	-215,12	1,1851e-004
6,4057	99,205	-212,59	1,1436e-004
4,3697	99,168	-206,21	1,0312e-004
6,4057	99,205	-210,13	1,0933e-004
6,8874	99,216	-207,49	1,027e-004
4,3697	99,168	-201,3	9,1211e-005
6,8874	99,216	-205,04	9,7157e-005
6,729	99,213	-202,75	9,1913e-005
4,3697	99,168	-196,39	7,8148e-005
6,729	99,213	-200,3	8,5785e-005
6,334	99,204	-197,84	7,9942e-005
4,3697	99,168	-191,48	6,3983e-005
6,334	99,204	-195,38	7,3181e-005
6,8788	99,216	-192,91	6,525e-005
4,3697	99,168	-186,57	4,8773e-005
6,8788	99,216	-190,46	5,79e-005
6,7477	99,213	-187,61	4,9391e-005
4,3697	99,168	-181,66	3,2372e-005
6,7477	99,213	-185,15	4,1536e-005
6,693	99,212	-182,87	3,4052e-005
4,3697	99,168	-176,75	1,5146e-005
6,693	99,212	-180,42	2,57e-005
6,6541	99,211	-177,97	1,7213e-005
4,3697	99,168	-171,84	-3,174e-006
6,6541	99,211	-175,51	8,275e-006
6,6323	99,21	-173,01	-9,6029e-007
4,3697	99,168	-166,93	-2,2518e-005
6,6323	99,21	-170,55	-1,0334e-005
6,5807	99,209	-168,05	-2,012e-005
4,3697	99,168	-162,02	-4,2793e-005
6,5807	99,209	-165,59	-2,995e-005
6,5438	99,208	-163,06	-4,0317e-005
4,3697	99,168	-157,11	-6,4055e-005
6,5438	99,208	-160,61	-5,0691e-005
6,5028	99,208	-158,5	-5,973e-005
4,3697	99,168	-152,2	-8,6306e-005
6,5028	99,208	-156,04	-7,052e-005
6,472	99,207	-153,08	-8,3843e-005
4,3697	99,168	-147,29	-1,0947e-004
6,472	99,207	-150,62	-9,5247e-005
6,4304	99,206	-148,25	-1,0632e-004
4,3697	99,168	-142,38	-1,3364e-004
6,4304	99,206	-145,8	-1,1812e-004
6,0912	99,199	-143,54	-1,2887e-004
4,3697	99,168	-137,47	-1,5871e-004
6,0912	99,199	-141,08	-1,4109e-004
6,5408	99,208	-139,02	-1,5208e-004
4,3697	99,168	-132,56	-1,8473e-004
6,5408	99,208	-136,57	-1,6472e-004
6,5773	99,209	-133,99	-1,7831e-004
4,3697	99,168	-127,65	-2,1161e-004
6,5773	99,209	-131,54	-1,9146e-004
6,5672	99,209	-128,95	-2,0551e-004
4,3697	99,168	-122,74	-2,392e-004
6,5672	99,209	-126,5	-2,1906e-004
6,6174	99,21	-123,82	-2,3415e-004
4,3697	99,168	-117,83	-2,6767e-004
6,6174	99,21	-121,36	-2,4816e-004
6,6328	99,21	-119,08	-2,6133e-004
4,3697	99,168	-112,92	-2,9688e-004
6,6328	99,21	-116,62	-2,757e-004
6,6527	99,211	-114,14	-2,904e-004
4,3697	99,168	-108,01	-3,2681e-004
6,6527	99,211	-111,69	-3,0511e-004
6,696	99,212	-109,18	-3,2035e-004
4,3697	99,168	-103,1	-3,5752e-004
6,696	99,212	-106,73	-3,3545e-004
6,7778	99,214	-104,08	-3,5193e-004
4,3697	99,168	-98,195	-3,8889e-004
6,7778	99,214	-101,63	-3,6748e-004
6,777	99,214	-99,383	-3,8172e-004
4,3697	99,168	-93,285	-4,2096e-004
6,777	99,214	-96,928	-3,9752e-004
6,8024	99,214	-94,464	-4,1359e-004
4,3697	99,168	-88,376	-4,5371e-004
6,8024	99,214	-92,009	-4,297e-004
6,8304	99,215	-89,572	-4,4593e-004
4,3697	99,168	-83,466	-4,8717e-004
6,8304	99,215	-87,117	-4,6236e-004
6,8982	99,217	-84,518	-4,8006e-004
4,3697	99,168	-78,556	-5,2129e-004
6,8982	99,217	-82,064	-4,9688e-004
6,8854	99,216	-79,842	-5,1223e-004
4,3697	99,168	-73,646	-5,5605e-004
6,8854	99,216	-77,388	-5,2939e-004
6,9408	99,218	-74,869	-5,4715e-004
4,3697	99,168	-68,737	-5,9142e-004
6,9408	99,218	-72,414	-5,6458e-004
7,0294	99,22	-69,464	-5,8577e-004
4,3697	99,168	-63,827	-6,2739e-004
7,0294	99,22	-67,009	-6,0355e-004
6,3665	99,205	-64,97	-6,1831e-004
4,3697	99,168	-58,917	-6,6383e-004
6,3665	99,205	-62,515	-6,3639e-004
6,3694	99,205	-60,378	-6,5219e-004
4,5525	99,171	-53,824	-7,0207e-004
6,3694	99,205	-57,923	-6,7049e-004
7,0069	99,219	-55,058	-6,9199e-004
4,5525	99,171	-48,915	-7,3957e-004
7,1897	99,224	-52,42	-7,119e-004
6,8411	99,215	-50,087	-7,2966e-004
4,5521	99,171	-44,354	-7,7487e-004
6,6583	99,211	-47,815	-7,4711e-004
6,5426	99,208	-45,622	-7,6404e-004
4,6894	99,173	-39,655	-8,1161e-004
6,725	99,213	-43,333	-7,8176e-004
7,2098	99,224	-40,937	-8,0038e-004
4,5069	99,17	-34,579	-8,5217e-004
7,1646	99,223	-38,527	-8,1931e-004
6,7459	99,213	-36,007	-8,3937e-004
4,3697	99,168	-29,459	-8,9377e-004
6,6087	99,21	-33,342	-8,6073e-004
6,4994	99,207	-31,06	-8,7919e-004
4,4639	99,169	-24,848	-9,3177e-004
6,4994	99,207	-28,605	-8,9914e-004
6,5035	99,208	-26,163	-9,1925e-004
4,652	99,172	-20,358	-9,6945e-004
6,5976	99,21	-24,007	-9,3708e-004
6,7297	99,213	-21,764	-9,5586e-004
5,1065	99,18	-15,698	-1,0093e-003
6,8237	99,215	-19,43	-9,7561e-004
7,0808	99,221	-17,163	-9,9497e-004
4,7765	99,174	-10,977	-1,0518e-003
8,3828	99,255	-12,196	-1,0379e-003
7,4412	99,23	-14,837	-1,0151e-003
7,6925	99,236	-9,8007	-1,0599e-003
17,266	99,644	-249,88	1,1825e-004
14,513	99,495	-250,69	1,3019e-004
16,778	99,616	-245,	1,1859e-004
13,725	99,457	-248,48	1,3278e-004
14,622	99,5	-245,72	1,2806e-004
17,237	99,643	-240,27	1,1388e-004
14,922	99,515	-243,06	1,2545e-004
15,244	99,532	-240,4	1,2245e-004
14,138	99,476	-11,087	-1,047e-003
15,306	99,535	-13,001	-1,0305e-003
15,995	99,572	-38,133	-8,2701e-004
14,875	99,513	-34,332	-8,5562e-004
14,871	99,513	-36,225	-8,4082e-004
16,279	99,588	-235,07	1,1382e-004
15,402	99,54	-238,33	1,2028e-004
15,084	99,524	-229,46	1,1289e-004
12,46	99,4	-233,46	1,2775e-004
14,286	99,484	-235,2	1,2222e-004
13,415	99,442	-230,67	1,2107e-004
15,241	99,532	-43,103	-7,882e-004
12,403	99,398	-40,122	-8,0863e-004
13,997	99,47	-38,525	-8,2225e-004
13,68	99,455	-41,876	-7,9611e-004
15,161	99,528	-224,78	1,0657e-004
14,906	99,515	-220,03	1,005e-004
13,62	99,452	-221,68	1,0824e-004
13,605	99,451	-223,73	1,1138e-004
13,336	99,439	-228,19	1,184e-004
13,449	99,444	-225,92	1,1502e-004
15,556	99,548	-48,208	-7,4992e-004
13,8	99,46	-44,546	-7,7581e-004
13,838	99,462	-46,584	-7,6035e-004
15,3	99,535	-52,965	-7,1416e-004
14,033	99,471	-49,021	-7,4216e-004
13,958	99,468	-51,059	-7,2678e-004
14,782	99,508	-215,03	9,2423e-005
11,884	99,376	-217,07	1,0725e-004
13,21	99,433	-219,13	1,0578e-004
13,144	99,43	-215,59	9,9894e-005
15,096	99,524	-58,034	-6,7662e-004
12,246	99,391	-54,469	-6,9954e-004
13,507	99,447	-53,379	-7,09e-004
13,427	99,443	-56,794	-6,8362e-004
14,723	99,505	-209,87	8,2626e-005
13,43	99,443	-213,14	9,4225e-005
13,376	99,441	-211,4	9,0996e-005
15,184	99,529	-63,297	-6,3861e-004
13,675	99,454	-59,544	-6,6376e-004
13,401	99,442	-61,82	-6,4683e-004
14,75	99,507	-68,178	-6,0311e-004
12,357	99,396	-66,773	-6,0973e-004
13,241	99,435	-64,333	-6,2843e-004
14,299	99,484	-204,68	7,2967e-005
14,463	99,492	-199,86	6,0704e-005
11,813	99,373	-204,26	8,1294e-005
11,655	99,367	-201,98	7,6351e-005
12,777	99,414	-200,52	6,8727e-005
11,891	99,377	-206,74	8,6674e-005
13,03	99,425	-208,69	8,6709e-005
14,387	99,489	-73,024	-5,6848e-004
11,993	99,381	-72,091	-5,7143e-004
12,082	99,384	-69,141	-5,9245e-004
14,539	99,496	-195,23	4,8298e-005
13,019	99,425	-198,18	6,1863e-005
13,162	99,431	-196,56	5,7067e-005
14,207	99,48	-77,963	-5,3402e-004
11,85	99,375	-77,087	-5,363e-004
11,905	99,377	-74,569	-5,5392e-004
14,234	99,481	-190,52	3,6154e-005
11,881	99,376	-192,41	5,0099e-005
12,997	99,424	-194,27	5,1408e-005
14,195	99,479	-83,223	-4,9833e-004
11,771	99,372	-81,771	-5,0403e-004
11,759	99,371	-79,55	-5,192e-004
14,005	99,47	-185,63	2,2126e-005
11,741	99,371	-189,99	4,3503e-005
11,61	99,365	-187,15	3,5245e-005
14,182	99,479	-88,436	-4,6368e-004
11,782	99,372	-87,167	-4,6772e-004
11,85	99,375	-84,569	-4,8523e-004
13,835	99,462	-180,68	6,6359e-006
11,521	99,362	-184,67	2,7725e-005
11,466	99,36	-182,39	2,0453e-005
14,061	99,473	-93,316	-4,3167e-004
11,663	99,367	-92,019	-4,3557e-004
11,691	99,369	-89,582	-4,5158e-004
13,673	99,454	-175,73	-9,9522e-006
11,385	99,357	-179,92	1,2361e-005
11,346	99,355	-177,47	3,9479e-006
13,97	99,468	-98,253	-4,0001e-004
11,608	99,365	-96,948	-4,0363e-004
11,633	99,366	-94,484	-4,1948e-004
13,538	99,448	-170,77	-2,7712e-005
11,266	99,352	-174,99	-4,6767e-006
11,244	99,351	-172,48	-1,3849e-005
13,835	99,462	-103,23	-3,6866e-004
11,547	99,363	-101,67	-3,7367e-004
11,546	99,363	-99,421	-3,878e-004
13,455	99,444	-165,77	-4,6777e-005
11,19	99,349	-170,	-2,3092e-005
11,138	99,347	-167,49	-3,2671e-005
13,683	99,455	-108,25	-3,3776e-004
11,393	99,357	-106,82	-3,4153e-004
11,474	99,36	-104,17	-3,5794e-004
13,325	99,438	-160,79	-6,6642e-005
11,109	99,346	-164,98	-4,2595e-005
11,072	99,345	-162,45	-5,2843e-005
13,539	99,448	-113,21	-3,0796e-004
11,27	99,352	-111,83	-3,1107e-004
11,313	99,354	-109,33	-3,2616e-004
13,172	99,431	-155,85	-8,7254e-005
10,97	99,341	-159,99	-6,2872e-005
10,929	99,339	-157,88	-7,1814e-005
13,415	99,442	-118,09	-2,7937e-004
11,185	99,349	-116,76	-2,8193e-004
11,205	99,35	-114,28	-2,9648e-004
13,105	99,428	-150,83	-1,0948e-004
10,879	99,337	-155,4	-8,2478e-005
10,848	99,336	-152,44	-9,5665e-005
13,278	99,436	-123,	-2,5131e-004
11,11	99,346	-121,48	-2,547e-004
11,126	99,347	-119,2	-2,6776e-004
12,876	99,418	-145,34	-1,3444e-004
10,832	99,336	-149,89	-1,073e-004
10,791	99,334	-147,52	-1,1834e-004
13,348	99,439	-128,28	-2,2255e-004
10,983	99,341	-126,64	-2,2567e-004
11,033	99,343	-123,95	-2,4065e-004
13,075	99,427	-139,53	-1,6336e-004
10,577	99,326	-144,58	-1,3186e-004
10,238	99,314	-142,32	-1,4209e-004
10,687	99,33	-140,26	-1,5342e-004
13,492	99,446	-133,88	-1,9335e-004
11,14	99,347	-132,03	-1,9692e-004
11,13	99,347	-129,45	-2,1073e-004
11,101	99,346	-137,39	-1,6894e-004
11,137	99,347	-134,82	-1,8229e-004
9,9086	99,303	-247,33	1,4647e-004
11,868	99,376	-246,53	1,3927e-004
12,467	99,401	-12,933	-1,0307e-003
10,356	99,318	-13,66	-1,0244e-003
12,886	99,419	-30,498	-8,8464e-004
12,93	99,421	-25,905	-9,2166e-004
10,761	99,333	-29,186	-8,9422e-004
10,765	99,333	-26,744	-9,1406e-004
10,864	99,337	-33,8	-8,5734e-004
10,755	99,333	-31,518	-8,7548e-004
12,877	99,418	-34,723	-8,5113e-004
13,023	99,425	-21,339	-9,5925e-004
10,802	99,334	-24,483	-9,326e-004
10,934	99,339	-22,24	-9,512e-004
13,357	99,44	-16,94	-9,963e-004
10,99	99,341	-19,935	-9,7053e-004
11,247	99,351	-17,667	-9,8978e-004
11,526	99,362	-15,574	-1,0077e-003
9,0968	99,277	-243,22	1,4708e-004
10,806	99,335	-244,57	1,4223e-004
9,5519	99,291	-238,04	1,4214e-004
11,056	99,344	-242,43	1,4016e-004
11,378	99,356	-239,78	1,3722e-004
9,1811	99,279	-232,59	1,3818e-004
11,583	99,364	-236,73	1,3406e-004
10,712	99,331	-232,2	1,3278e-004
8,5116	99,259	-228,27	1,3509e-004
10,136	99,311	-229,8	1,3205e-004
8,3959	99,256	-224,05	1,296e-004
10,042	99,307	-227,88	1,2993e-004
10,155	99,311	-225,61	1,2658e-004
8,8226	99,268	-219,21	1,209e-004
10,149	99,311	-221,27	1,2021e-004
10,133	99,311	-223,31	1,233e-004
8,8562	99,269	-214,13	1,1172e-004
10,597	99,327	-218,72	1,1458e-004
10,532	99,325	-215,18	1,0854e-004
8,923	99,271	-208,96	1,0108e-004
10,117	99,31	-212,66	1,0506e-004
10,062	99,308	-210,92	1,0177e-004
9,2463	99,281	-204,04	8,9036e-005
10,544	99,325	-208,27	9,4638e-005
8,693	99,264	-199,29	7,8693e-005
10,211	99,313	-200,29	7,6894e-005
8,8428	99,269	-194,36	6,4918e-005
9,8157	99,3	-197,84	7,1733e-005
9,9591	99,305	-196,22	6,694e-005
9,2564	99,282	-189,04	4,8177e-005
10,504	99,324	-193,75	5,8405e-005
9,0705	99,276	-183,91	3,2443e-005
8,977	99,273	-179,18	1,6664e-005
8,9164	99,271	-174,22	-9,8538e-007
8,843	99,269	-169,21	-1,9841e-005
8,7545	99,266	-164,18	-3,975e-005
8,6766	99,264	-159,54	-5,9014e-005
8,6048	99,262	-154,47	-8,116e-005
8,5324	99,26	-149,13	-1,0553e-004
8,1517	99,249	-144,5	-1,2701e-004
8,2621	99,252	-140,18	-1,4867e-004
8,748	99,266	-135,54	-1,7333e-004
8,7744	99,267	-130,38	-2,0077e-004
8,8145	99,268	-125,11	-2,2978e-004
8,8801	99,27	-120,15	-2,58e-004
8,9154	99,271	-115,38	-2,8579e-004
8,9786	99,273	-110,4	-3,1559e-004
9,1037	99,277	-105,25	-3,4724e-004
9,1847	99,279	-100,36	-3,78e-004
9,2093	99,28	-95,651	-4,0819e-004
9,2626	99,282	-90,75	-4,4028e-004
9,3584	99,285	-85,715	-4,74e-004
9,4134	99,287	-80,895	-5,0691e-004
9,456	99,288	-76,155	-5,3982e-004
9,6	99,293	-70,686	-5,7864e-004
9,0259	99,274	-65,697	-6,1409e-004
10,573	99,326	-65,296	-6,1835e-004
8,3659	99,255	-61,521	-6,442e-004
9,9105	99,303	-63,257	-6,3256e-004
9,0061	99,274	-56,519	-6,8161e-004
10,188	99,312	-58,844	-6,652e-004
9,9134	99,303	-61,12	-6,4823e-004
9,295	99,283	-51,321	-7,2087e-004
10,904	99,338	-52,564	-7,1256e-004
10,825	99,335	-55,978	-6,8699e-004
8,8308	99,268	-46,794	-7,5513e-004
10,631	99,328	-48,193	-7,4542e-004
10,556	99,325	-50,231	-7,299e-004
9,1998	99,28	-42,205	-7,9071e-004
10,477	99,323	-43,96	-7,7773e-004
10,515	99,324	-45,999	-7,6209e-004
9,2659	99,282	-37,29	-8,2919e-004
11,279	99,352	-38,213	-8,2277e-004
10,962	99,34	-41,565	-7,9653e-004
8,738	99,266	-32,488	-8,6726e-004
10,86	99,337	-35,693	-8,4235e-004
8,6328	99,263	-27,764	-9,0548e-004
8,769	99,267	-23,079	-9,4414e-004
9,1581	99,278	-18,568	-9,8215e-004
13,087	99,428	-241,12	1,3167e-004
11,779	99,372	-227,14	1,2298e-004
12,277	99,393	-45,358	-7,6828e-004
11,907	99,377	-222,82	1,1651e-004
12,239	99,391	-49,435	-7,3729e-004
11,738	99,37	-211,97	9,8182e-005
11,732	99,37	-60,58	-6,5391e-004
11,476	99,36	-197,22	6,4737e-005
-20,319	99,84	-232,97	-1,2801e-005
-18,233	99,703	-237,39	1,1341e-005
-17,681	99,669	-234,76	1,434e-005
-18,927	99,747	-233,65	1,3043e-006
-20,538	99,856	-42,016	-9,1042e-004
-19,014	99,753	-38,27	-9,2914e-004
-18,114	99,696	-41,102	-9,0187e-004
-20,201	99,832	-228,17	-1,6952e-005
-19,117	99,759	-231,23	-2,9964e-006
-20,377	99,844	-46,829	-8,7341e-004
-18,033	99,691	-43,455	-8,8353e-004
-18,23	99,703	-45,975	-8,6584e-004
-19,87	99,809	-223,38	-2,0049e-005
-17,404	99,652	-227,74	9,4181e-006
-17,669	99,668	-224,89	3,1752e-006
-18,809	99,739	-228,85	-2,7304e-006
-20,216	99,833	-51,758	-8,3602e-004
-18,15	99,698	-48,436	-8,4695e-004
-17,802	99,676	-51,117	-8,2479e-004
-19,779	99,803	-218,51	-2,6613e-005
-17,646	99,667	-222,48	-2,2459e-008
-17,504	99,658	-219,97	-2,5073e-006
-20,056	99,822	-56,693	-7,9906e-004
-17,722	99,671	-53,585	-8,0608e-004
-17,98	99,687	-55,98	-7,903e-004
-19,63	99,793	-213,5	-3,395e-005
-17,436	99,654	-217,51	-5,8871e-006
-17,217	99,641	-214,94	-8,3123e-006
-19,897	99,811	-61,627	-7,6262e-004
-17,9	99,682	-58,448	-7,7185e-004
-17,748	99,673	-60,772	-7,5407e-004
-19,368	99,776	-208,41	-4,1524e-005
-17,136	99,637	-212,39	-1,2316e-005
-17,01	99,629	-209,85	-1,6169e-005
-20,036	99,821	-66,731	-7,2755e-004
-17,669	99,668	-63,238	-7,3587e-004
-17,248	99,643	-65,637	-7,159e-004
-19,235	99,767	-203,55	-5,0973e-005
-16,829	99,619	-207,3	-1,9855e-005
-16,762	99,615	-204,87	-2,4614e-005
-19,81	99,805	-71,644	-6,9184e-004
-17,466	99,656	-68,275	-6,988e-004
-17,371	99,65	-70,912	-6,7968e-004
-19,39	99,777	-198,46	-6,4723e-005
-16,809	99,618	-202,55	-3,0451e-005
-16,709	99,612	-200,33	-3,4881e-005
-19,506	99,785	-76,594	-6,5588e-004
-16,927	99,624	-73,187	-6,608e-004
-16,794	99,617	-75,807	-6,4184e-004
-19,42	99,779	-193,21	-7,8832e-005
-16,817	99,618	-197,57	-4,2884e-005
-16,914	99,624	-194,77	-5,1192e-005
-19,542	99,787	-81,752	-6,2159e-004
-16,934	99,625	-78,482	-6,2459e-004
-16,836	99,619	-80,944	-6,0728e-004
-19,171	99,763	-188,58	-8,973e-005
-16,836	99,619	-192,29	-5,7348e-005
-16,766	99,615	-189,83	-6,3788e-005
-19,353	99,775	-86,71	-5,8762e-004
-16,732	99,613	-83,426	-5,8995e-004
-16,64	99,608	-85,925	-5,7274e-004
-18,947	99,748	-183,97	-1,0176e-004
-16,594	99,605	-187,67	-6,8632e-005
-16,523	99,601	-185,31	-7,5276e-005
-19,195	99,764	-91,66	-5,5453e-004
-16,555	99,603	-88,402	-5,5588e-004
-16,478	99,599	-90,891	-5,3916e-004
-18,889	99,744	-178,69	-1,1846e-004
-16,471	99,598	-182,85	-8,2667e-005
-16,434	99,596	-180,31	-9,0663e-005
-18,949	99,748	-96,964	-5,192e-004
-16,405	99,595	-93,364	-5,2271e-004
-16,322	99,59	-95,824	-5,0647e-004
-18,802	99,739	-173,21	-1,3679e-004
-16,428	99,596	-177,49	-1,0022e-004
-16,365	99,592	-174,98	-1,0846e-004
-18,716	99,733	-102,27	-4,8466e-004
-16,15	99,581	-98,655	-4,8737e-004
-16,215	99,584	-100,76	-4,7476e-004
-18,684	99,731	-168,05	-1,5483e-004
-16,285	99,588	-172,32	-1,1737e-004
-16,224	99,585	-169,83	-1,2609e-004
-18,596	99,726	-107,24	-4,5384e-004
-16,153	99,581	-103,24	-4,5905e-004
-16,096	99,578	-105,71	-4,4356e-004
-18,617	99,727	-163,08	-1,7361e-004
-16,187	99,583	-167,34	-1,353e-004
-16,134	99,58	-164,88	-1,444e-004
-18,481	99,718	-112,21	-4,2374e-004
-16,037	99,574	-108,19	-4,2818e-004
-15,77	99,56	-111,05	-4,0917e-004
-18,557	99,723	-158,15	-1,9329e-004
-16,103	99,578	-162,42	-1,5408e-004
-16,046	99,575	-159,99	-1,6354e-004
-18,37	99,711	-117,17	-3,9444e-004
-15,714	99,557	-113,54	-3,942e-004
-16,383	99,593	-115,94	-3,8558e-004
-18,495	99,719	-153,22	-2,1393e-004
-16,015	99,573	-157,53	-1,7366e-004
-15,955	99,57	-155,06	-1,8377e-004
-18,262	99,705	-122,13	-3,6593e-004
-16,328	99,59	-118,42	-3,7103e-004
-15,758	99,559	-120,66	-3,5391e-004
-18,457	99,717	-148,21	-2,3605e-004
-15,924	99,568	-152,59	-1,9441e-004
-16,037	99,574	-149,88	-2,0755e-004
-18,288	99,706	-127,25	-3,3842e-004
-15,704	99,556	-123,14	-3,397e-004
-15,641	99,553	-125,65	-3,2544e-004
-18,346	99,71	-143,07	-2,5909e-004
-16,029	99,574	-147,35	-2,1919e-004
-16,017	99,573	-144,69	-2,3153e-004
-18,379	99,712	-132,52	-3,1161e-004
-15,721	99,557	-128,29	-3,1186e-004
-15,517	99,546	-131,23	-2,946e-004
-18,316	99,708	-137,81	-2,8437e-004
-15,914	99,568	-142,1	-2,4314e-004
-15,875	99,565	-139,43	-2,5585e-004
-15,527	99,547	-133,86	-2,8105e-004
-15,948	99,569	-136,76	-2,6975e-004
-8,2351	99,251	-255,29	1,0969e-004
-4,9897	99,178	-253,46	1,3301e-004
-7,1618	99,223	-252,89	1,1793e-004
-12,928	99,421	-255,5	6,8927e-005
-9,4157	99,287	-252,79	9,9908e-005
-12,013	99,382	-253,29	7,721e-005
-16,528	99,602	-253,97	3,4882e-005
-14,452	99,492	-253,59	5,459e-005
-14,425	99,49	-5,1799	-1,1761e-003
-17,443	99,655	-6,7689	-1,1775e-003
-9,6879	99,296	-5,6203	-1,1486e-003
-15,389	99,54	-7,0989	-1,1637e-003
-11,797	99,373	-8,2649	-1,1346e-003
-6,2579	99,202	-8,4535	-1,1065e-003
-9,1142	99,277	-8,3752	-1,1203e-003
-17,012	99,629	-245,97	2,8347e-005
-16,552	99,603	-241,55	3,0446e-005
-14,702	99,504	-245,29	5,0096e-005
-14,163	99,478	-242,83	5,385e-005
-17,473	99,657	-250,19	2,5271e-005
-15,397	99,54	-249,81	4,507e-005
-14,946	99,517	-247,55	4,8689e-005
-15,613	99,551	-251,76	4,3442e-005
-4,1886	99,165	-249,46	1,3707e-004
-6,1706	99,2	-250,96	1,2476e-004
-4,9451	99,177	-244,67	1,3055e-004
-6,3608	99,204	-248,9	1,2295e-004
-6,3623	99,204	-246,48	1,2193e-004
-5,0717	99,179	-239,67	1,267e-004
-8,5346	99,26	-241,94	1,0304e-004
-6,9284	99,217	-243,74	1,1651e-004
-7,437	99,23	-239,89	1,1024e-004
-4,5231	99,17	-235,31	1,2637e-004
-6,9976	99,219	-237,62	1,1178e-004
-6,4123	99,206	-235,99	1,1458e-004
-4,4139	99,169	-230,76	1,2227e-004
-6,3032	99,203	-233,89	1,133e-004
-6,8984	99,217	-231,81	1,069e-004
-4,4139	99,169	-225,85	1,1602e-004
-6,8984	99,217	-229,36	1,0402e-004
-6,6858	99,212	-226,74	1,0227e-004
-4,4139	99,169	-220,94	1,0867e-004
-6,6858	99,212	-224,28	9,8801e-005
-6,7187	99,212	-222,04	9,5258e-005
-4,4139	99,169	-216,03	1,0026e-004
-6,7187	99,212	-219,58	9,1267e-005
-7,1087	99,222	-217,72	8,5282e-005
-4,4139	99,169	-211,12	9,0704e-005
-7,1087	99,222	-215,27	8,0898e-005
-7,0191	99,219	-212,44	7,6068e-005
-4,4139	99,169	-206,21	7,9907e-005
-7,0191	99,219	-209,98	7,1072e-005
-6,9621	99,218	-207,41	6,5849e-005
-4,4139	99,169	-201,3	6,8074e-005
-6,9621	99,218	-204,95	6,0203e-005
-6,9281	99,217	-202,49	5,4533e-005
-4,4139	99,169	-196,39	5,5026e-005
-6,9281	99,217	-200,03	4,834e-005
-6,9395	99,218	-197,79	4,2331e-005
-4,4139	99,169	-191,48	4,0756e-005
-6,9395	99,218	-195,33	3,5632e-005
-6,8747	99,216	-192,74	2,8635e-005
-4,4139	99,169	-186,57	2,5565e-005
-6,8747	99,216	-190,28	2,1276e-005
-6,8202	99,215	-187,9	1,4352e-005
-4,4139	99,169	-181,66	9,2393e-006
-6,8202	99,215	-185,44	6,4667e-006
-6,8115	99,215	-182,92	-1,7466e-006
-4,4139	99,169	-176,75	-8,0703e-006
-6,8115	99,215	-180,46	-1,0096e-005
-6,7951	99,214	-178,07	-1,8441e-005
-4,4139	99,169	-171,84	-2,6405e-005
-6,7951	99,214	-175,61	-2,7281e-005
-6,7596	99,213	-173,14	-3,622e-005
-4,4139	99,169	-166,93	-4,5763e-005
-6,7596	99,213	-170,69	-4,5548e-005
-6,7256	99,213	-168,21	-5,5014e-005
-4,4139	99,169	-162,02	-6,6044e-005
-6,7256	99,213	-165,75	-6,4909e-005
-6,7292	99,213	-163,44	-7,4387e-005
-4,4139	99,169	-157,11	-8,7289e-005
-6,7292	99,213	-160,99	-8,4731e-005
-6,6786	99,211	-158,36	-9,5674e-005
-4,4139	99,169	-152,2	-1,0951e-004
-6,6786	99,211	-155,91	-1,0649e-004
-6,6767	99,211	-153,33	-1,1809e-004
-4,4139	99,169	-147,29	-1,327e-004
-6,6767	99,211	-150,88	-1,294e-004
-6,6409	99,211	-148,39	-1,4088e-004
-4,4139	99,169	-142,38	-1,569e-004
-6,6409	99,211	-145,94	-1,5265e-004
-6,6896	99,212	-143,37	-1,6556e-004
-4,4139	99,169	-137,47	-1,8198e-004
-6,6896	99,212	-140,91	-1,7783e-004
-6,7064	99,212	-138,71	-1,8914e-004
-4,4139	99,169	-132,56	-2,0793e-004
-6,7064	99,212	-136,25	-2,0185e-004
-6,1358	99,2	-133,87	-2,1077e-004
-4,4139	99,169	-127,65	-2,3476e-004
-6,1358	99,2	-131,42	-2,24e-004
-6,4539	99,206	-129,16	-2,3818e-004
-4,4139	99,169	-122,74	-2,6245e-004
-6,4539	99,206	-126,71	-2,5173e-004
-6,5007	99,207	-124,31	-2,655e-004
-4,4139	99,169	-117,83	-2,9088e-004
-6,5007	99,207	-121,85	-2,7945e-004
-6,8765	99,216	-118,88	-2,9885e-004
-4,4139	99,169	-112,92	-3,201e-004
-6,8765	99,216	-116,43	-3,1322e-004
-6,282	99,203	-114,02	-3,2384e-004
-4,4139	99,169	-108,01	-3,5003e-004
-6,282	99,203	-111,57	-3,3863e-004
-6,6233	99,21	-109,38	-3,5393e-004
-4,4139	99,169	-103,1	-3,8071e-004
-6,6233	99,21	-106,93	-3,6901e-004
-6,6781	99,211	-104,4	-3,8509e-004
-4,4139	99,169	-98,195	-4,1208e-004
-6,6781	99,211	-101,94	-4,0051e-004
-6,7096	99,212	-99,678	-4,1513e-004
-4,4139	99,169	-93,285	-4,4417e-004
-6,7096	99,212	-97,223	-4,3087e-004
-6,725	99,213	-94,864	-4,4632e-004
-4,4139	99,169	-88,376	-4,7693e-004
-6,725	99,213	-92,409	-4,6244e-004
-6,7714	99,214	-89,932	-4,7914e-004
-4,4139	99,169	-83,466	-5,1037e-004
-6,7714	99,214	-87,477	-4,9559e-004
-6,8951	99,216	-84,586	-5,1586e-004
-4,4139	99,169	-78,556	-5,445e-004
-6,8951	99,216	-82,131	-5,3269e-004
-6,7551	99,213	-79,557	-5,4973e-004
-4,4139	99,169	-73,646	-5,7925e-004
-6,7551	99,213	-77,102	-5,669e-004
-6,8299	99,215	-74,52	-5,855e-004
-4,4139	99,169	-68,737	-6,1463e-004
-6,8299	99,215	-72,065	-6,0301e-004
-6,8836	99,216	-69,489	-6,218e-004
-4,4139	99,169	-63,827	-6,5061e-004
-6,8836	99,216	-67,034	-6,3955e-004
-6,4944	99,207	-64,77	-6,54e-004
-4,5968	99,171	-59,1	-6,8648e-004
-6,4944	99,207	-62,316	-6,7205e-004
-6,5177	99,208	-60,08	-6,887e-004
-4,5968	99,171	-54,19	-7,2343e-004
-6,7006	99,212	-57,808	-7,0662e-004
-7,2078	99,224	-55,245	-7,2851e-004
-4,5964	99,171	-48,922	-7,6367e-004
-7,0249	99,22	-52,608	-7,4747e-004
-6,8342	99,215	-49,979	-7,6646e-004
-4,8097	99,175	-43,8	-8,0431e-004
-7,0167	99,219	-47,348	-7,8758e-004
-7,3406	99,227	-44,69	-8,0978e-004
-4,8457	99,175	-38,847	-8,4337e-004
-7,3714	99,228	-42,199	-8,2932e-004
-7,1411	99,222	-39,531	-8,4901e-004
-4,8517	99,176	-33,931	-8,8261e-004
-7,1462	99,223	-37,071	-8,685e-004
-7,1238	99,222	-34,735	-8,8694e-004
-4,8527	99,176	-29,02	-9,2245e-004
-7,1246	99,222	-32,279	-9,0665e-004
-7,1799	99,223	-30,057	-9,2487e-004
-4,9477	99,177	-24,067	-9,6389e-004
-7,18	99,223	-27,602	-9,4492e-004
-7,1569	99,223	-25,217	-9,6448e-004
-5,0521	99,179	-19,161	-1,0059e-003
-7,2518	99,225	-22,72	-9,8578e-004
-7,2117	99,224	-20,336	-1,0057e-003
-5,2864	99,183	-13,965	-1,0523e-003
-7,2212	99,224	-17,928	-1,0263e-003
-6,9558	99,218	-15,821	-1,0434e-003
-8,3677	99,255	-11,098	-1,0919e-003
-7,1806	99,223	-13,033	-1,069e-003
-17,717	99,671	-11,142	-1,1404e-003
-14,816	99,51	-9,8539	-1,136e-003
-17,354	99,649	-15,905	-1,0977e-003
-14,127	99,476	-12,308	-1,1108e-003
-15,049	99,522	-14,994	-1,0926e-003
-17,847	99,679	-20,619	-1,0614e-003
-15,375	99,539	-17,302	-1,0749e-003
-15,598	99,551	-19,805	-1,0552e-003
-18,068	99,693	-25,263	-1,025e-003
-15,765	99,56	-22,212	-1,0363e-003
-15,885	99,566	-24,536	-1,018e-003
-18,123	99,696	-30,	-9,8773e-004
-15,94	99,569	-26,773	-1,0003e-003
-15,997	99,572	-28,934	-9,8338e-004
-17,765	99,674	-34,689	-9,4893e-004
-15,997	99,572	-31,434	-9,6358e-004
-15,898	99,567	-33,53	-9,4651e-004
-16,509	99,601	-39,71	-9,024e-004
-15,54	99,548	-35,719	-9,2725e-004
-15,326	99,536	-37,854	-9,0936e-004
-15,784	99,561	-236,76	3,4206e-005
-13,947	99,467	-240,67	5,4548e-005
-14,599	99,499	-238,4	4,677e-005
-15,073	99,523	-231,91	3,6287e-005
-14,048	99,472	-235,77	4,9695e-005
-13,446	99,444	-234,07	5,3714e-005
-16,479	99,599	-233,02	2,4128e-005
-15,806	99,562	-45,061	-8,5722e-004
-12,756	99,413	-42,816	-8,5533e-004
-14,426	99,491	-40,685	-8,8197e-004
-14,093	99,474	-44,417	-8,5134e-004
-15,655	99,554	-50,263	-8,1718e-004
-14,291	99,484	-46,936	-8,3345e-004
-14,295	99,484	-48,744	-8,1985e-004
-15,179	99,529	-226,84	2,9316e-005
-12,148	99,387	-230,05	6,1267e-005
-13,286	99,437	-231,85	5,2899e-005
-13,509	99,447	-228,	4,6376e-005
-16,319	99,59	-230,8	2,3299e-005
-15,302	99,535	-221,48	2,0626e-005
-13,775	99,459	-225,15	4,0194e-005
-13,494	99,446	-222,79	3,9408e-005
-15,565	99,549	-55,339	-7,7901e-004
-12,472	99,401	-53,304	-7,7415e-004
-13,947	99,467	-51,426	-7,9753e-004
-13,734	99,457	-54,913	-7,7023e-004
-14,94	99,516	-216,4	1,5666e-005
-12,482	99,401	-217,97	4,1002e-005
-13,352	99,44	-220,28	3,6904e-005
-15,672	99,555	-60,059	-7,4527e-004
-13,992	99,469	-57,308	-7,5425e-004
-13,993	99,469	-59,231	-7,4018e-004
-14,595	99,499	-211,29	9,2645e-006
-12,262	99,392	-215,39	3,8464e-005
-12,173	99,388	-212,56	3,392e-005
-15,098	99,524	-64,783	-7,074e-004
-13,841	99,462	-61,556	-7,2225e-004
-13,841	99,462	-63,326	-7,0943e-004
-14,581	99,498	-69,819	-6,6809e-004
-12,015	99,382	-67,484	-6,6751e-004
-13,419	99,443	-65,726	-6,8938e-004
-14,402	99,489	-206,31	5,3311e-007
-12,047	99,383	-210,02	2,9888e-005
-11,99	99,381	-207,45	2,4915e-005
-14,235	99,481	-201,66	-8,8098e-006
-11,923	99,378	-205,01	2,0039e-005
-11,889	99,377	-202,55	1,4451e-005
-14,354	99,487	-75,075	-6,2979e-004
-11,866	99,376	-72,697	-6,2949e-004
-11,92	99,378	-70,121	-6,4806e-004
-14,232	99,481	-196,64	-2,1591e-005
-11,789	99,372	-200,33	9,8498e-006
-11,8	99,373	-198,08	3,9556e-006
-14,123	99,476	-80,156	-5,9331e-004
-11,659	99,367	-77,898	-5,9181e-004
-11,734	99,37	-75,316	-6,1025e-004
-14,258	99,482	-191,38	-3,6441e-005
-11,897	99,377	-195,29	-4,3896e-006
-11,832	99,374	-192,69	-1,1093e-005
-13,933	99,467	-85,118	-5,5858e-004
-11,7	99,369	-82,935	-5,5766e-004
-11,561	99,363	-80,36	-5,7422e-004
-14,117	99,475	-186,56	-4,9665e-005
-11,762	99,371	-190,23	-1,7696e-005
-11,707	99,369	-187,84	-2,4496e-005
-13,764	99,459	-90,106	-5,2443e-004
-11,485	99,36	-88,325	-5,2003e-004
-11,609	99,365	-85,434	-5,402e-004
-14,009	99,47	-181,66	-6,449e-005
-11,636	99,366	-185,48	-3,1284e-005
-11,628	99,366	-182,96	-3,9427e-005
-13,604	99,451	-95,055	-4,9126e-004
-11,361	99,356	-93,291	-4,8659e-004
-11,408	99,357	-90,815	-5,031e-004
-13,909	99,466	-176,6	-8,0926e-005
-11,59	99,365	-180,42	-4,7608e-005
-11,574	99,364	-178,02	-5,5764e-005
-13,586	99,45	-99,617	-4,622e-004
-11,264	99,352	-98,11	-4,5492e-004
-11,279	99,352	-95,751	-4,7012e-004
-13,786	99,46	-171,6	-9,8012e-005
-11,512	99,361	-175,51	-6,4172e-005
-11,476	99,36	-173,04	-7,2936e-005
-13,593	99,451	-104,19	-4,3385e-004
-11,297	99,353	-102,48	-4,2766e-004
-11,328	99,354	-100,21	-4,4206e-004
-13,672	99,454	-166,67	-1,1595e-004
-11,416	99,358	-170,56	-8,1744e-005
-11,382	99,356	-168,08	-9,1055e-005
-13,268	99,436	-109,52	-3,9909e-004
-11,184	99,349	-107,48	-3,9603e-004
-11,239	99,351	-104,95	-4,1192e-004
-13,561	99,449	-161,79	-1,3467e-004
-11,328	99,354	-165,63	-1,0033e-004
-11,332	99,354	-163,31	-1,0972e-004
-13,671	99,454	-114,78	-3,7111e-004
-11,17	99,348	-114,93	-3,514e-004
-10,576	99,326	-112,53	-3,6125e-004
-10,917	99,339	-110,34	-3,7679e-004
-13,443	99,444	-156,9	-1,5434e-004
-11,274	99,352	-160,89	-1,193e-004
-11,223	99,35	-158,26	-1,3006e-004
-13,77	99,459	-119,43	-3,4519e-004
-11,84	99,375	-117,33	-3,4241e-004
-13,496	99,446	-151,73	-1,7769e-004
-11,163	99,348	-155,8	-1,4031e-004
-11,161	99,348	-153,22	-1,5177e-004
-13,136	99,43	-124,18	-3,1362e-004
-10,894	99,338	-122,54	-3,0561e-004
-11,269	99,352	-119,57	-3,2526e-004
-13,596	99,451	-146,37	-2,0333e-004
-11,274	99,352	-150,52	-1,65e-004
-11,238	99,351	-148,03	-1,7628e-004
-12,869	99,418	-129,63	-2,8186e-004
-10,783	99,334	-127,45	-2,7758e-004
-10,83	99,335	-125,05	-2,9113e-004
-13,546	99,448	-141,05	-2,286e-004
-11,226	99,35	-145,38	-1,8881e-004
-11,275	99,352	-142,81	-2,0165e-004
-13,086	99,428	-135,47	-2,5292e-004
-10,832	99,336	-135,03	-2,375e-004
-10,261	99,315	-132,65	-2,4567e-004
-10,579	99,326	-130,39	-2,601e-004
-11,236	99,351	-140,14	-2,1457e-004
-11,253	99,351	-137,93	-2,2581e-004
-10,94	99,34	-250,89	8,6456e-005
-10,489	99,323	-248,63	8,9834e-005
-8,344	99,254	-247,97	1,0756e-004
-13,086	99,428	-249,13	6,6588e-005
-10,037	99,307	-12,954	-1,0836e-003
-12,146	99,387	-13,705	-1,088e-003
-12,096	99,385	-244,41	7,382e-005
-10,491	99,323	-246,21	8,8933e-005
-9,9514	99,304	-243,75	9,2383e-005
-10,46	99,322	-239,89	8,5565e-005
-12,21	99,39	-239,68	6,9766e-005
-8,7773	99,267	-236,2	9,669e-005
-11,113	99,346	-237,63	7,8022e-005
-10,51	99,324	-235,92	8,1855e-005
-8,7872	99,267	-232,49	9,2997e-005
-9,9253	99,303	-234,29	8,5322e-005
-9,1698	99,279	-227,79	8,4318e-005
-10,52	99,324	-232,21	7,8102e-005
-10,744	99,332	-228,36	7,1678e-005
-8,9902	99,273	-222,92	7,9045e-005
-10,531	99,325	-225,74	7,013e-005
-10,25	99,315	-223,38	6,9182e-005
-9,4129	99,287	-218,82	6,9085e-005
-10,283	99,316	-221,13	6,5502e-005
-9,7132	99,296	-214,13	5,822e-005
-10,673	99,33	-219,27	5,9156e-005
-9,5667	99,292	-208,73	4,85e-005
-9,4757	99,289	-203,69	3,7788e-005
-9,4532	99,288	-198,97	2,6183e-005
-9,3997	99,286	-194,14	1,3454e-005
-9,2805	99,282	-189,16	-2,6263e-007
-9,2174	99,28	-184,25	-1,5332e-005
-9,1923	99,28	-179,32	-3,1745e-005
-9,1403	99,278	-174,46	-4,8757e-005
-9,0707	99,276	-169,51	-6,6974e-005
-9,0404	99,275	-164,72	-8,5809e-005
-8,9935	99,273	-159,79	-1,0605e-004
-8,9409	99,272	-154,59	-1,2842e-004
-8,9032	99,271	-149,52	-1,5132e-004
-8,9161	99,271	-144,47	-1,7556e-004
-8,9817	99,273	-139,69	-1,9975e-004
-8,4279	99,257	-135,11	-2,1945e-004
-8,1754	99,249	-130,47	-2,4233e-004
-8,5403	99,26	-125,81	-2,7038e-004
-8,9629	99,272	-120,45	-3,0361e-004
-8,7442	99,266	-115,07	-3,3333e-004
-8,491	99,258	-110,48	-3,5908e-004
-8,887	99,27	-105,76	-3,9058e-004
-8,9734	99,273	-100,97	-4,211e-004
-9,0202	99,274	-96,346	-4,5093e-004
-9,082	99,276	-91,51	-4,8286e-004
-9,2522	99,281	-86,143	-5,1973e-004
-9,2358	99,281	-80,677	-5,5685e-004
-9,1706	99,279	-75,52	-5,9228e-004
-9,2991	99,283	-70,362	-6,2962e-004
-8,9637	99,272	-65,523	-6,6248e-004
-10,757	99,333	-66,028	-6,699e-004
-8,5978	99,261	-61,024	-6,9326e-004
-10,368	99,319	-61,994	-6,9677e-004
-10,368	99,319	-63,764	-6,8386e-004
-9,1283	99,278	-56,226	-7,3196e-004
-10,391	99,32	-57,835	-7,2756e-004
-10,391	99,32	-59,759	-7,1335e-004
-9,4447	99,288	-51,034	-7,7283e-004
-11,111	99,346	-51,785	-7,7713e-004
-10,898	99,338	-55,272	-7,4971e-004
-9,5778	99,292	-45,748	-8,1393e-004
-10,916	99,339	-47,349	-8,0954e-004
-10,921	99,339	-49,157	-7,9583e-004
-9,6714	99,295	-40,422	-8,5571e-004
-11,572	99,364	-40,96	-8,6255e-004
-11,24	99,351	-44,691	-8,3179e-004
-9,4188	99,287	-35,419	-8,9364e-004
-11,557	99,363	-36,157	-8,9996e-004
-11,342	99,355	-38,292	-8,8196e-004
-9,4515	99,288	-30,861	-9,3022e-004
-11,634	99,366	-31,726	-9,355e-004
-11,534	99,362	-33,822	-9,1825e-004
-9,4837	99,289	-26,254	-9,6784e-004
-11,632	99,366	-27,342	-9,7077e-004
-11,689	99,369	-29,503	-9,5363e-004
-9,4205	99,287	-21,486	-1,0071e-003
-11,488	99,361	-22,634	-1,0086e-003
-11,609	99,365	-24,958	-9,9009e-004
-9,1151	99,277	-16,996	-1,0437e-003
-11,225	99,35	-17,747	-1,0483e-003
-11,448	99,359	-20,25	-1,0283e-003
-10,96	99,34	-15,64	-1,065e-003
-13,292	99,437	-18,894	-1,0498e-003
-13,635	99,453	-23,722	-1,0117e-003
-13,814	99,461	-28,207	-9,7633e-004
-13,772	99,459	-32,464	-9,4214e-004
-13,457	99,444	-36,694	-9,07e-004
-12,26	99,392	-235,71	6,6071e-005
-12,582	99,406	-48,099	-8,1397e-004
-11,824	99,374	-223,95	5,6229e-005
-12,16	99,388	-58,805	-7,3146e-004
-12,161	99,388	-62,499	-7,0446e-004
20,326	99,841	-287,25	8,1721e-005
18,361	99,711	-282,82	9,6372e-005
17,507	99,659	-285,15	9,7011e-005
20,545	99,856	-478,01	-9,0231e-004
19,405	99,778	-481,7	-9,3079e-004
18,229	99,703	-479,42	-9,1111e-004
20,203	99,832	-292,02	7,4777e-005
17,693	99,67	-287,54	9,2785e-005
17,795	99,676	-290,33	8,8071e-005
20,379	99,844	-473,21	-8,6406e-004
18,143	99,697	-477,08	-8,9221e-004
18,21	99,701	-474,14	-8,6883e-004
19,872	99,81	-296,81	6,7691e-005
17,486	99,657	-292,71	8,538e-005
17,744	99,673	-295,27	7,9729e-005
20,218	99,833	-468,28	-8,2529e-004
18,13	99,696	-471,69	-8,4927e-004
18,09	99,694	-469,15	-8,2924e-004
19,781	99,803	-301,68	5,8362e-005
17,721	99,671	-297,68	7,527e-005
17,306	99,647	-300,07	7,2273e-005
20,058	99,822	-463,35	-7,8695e-004
18,01	99,689	-466,68	-8,0984e-004
17,644	99,667	-463,98	-7,8834e-004
19,632	99,793	-306,68	4,7912e-005
17,238	99,643	-302,53	6,7387e-005
17,503	99,658	-304,97	6,0855e-005
19,899	99,811	-458,42	-7,491e-004
17,564	99,662	-461,52	-7,6919e-004
17,79	99,676	-459,11	-7,5106e-004
19,37	99,776	-311,77	3,6619e-005
17,421	99,653	-307,52	5,529e-005
17,	99,629	-310,02	5,0929e-005
20,039	99,821	-453,32	-7,11e-004
17,711	99,671	-456,65	-7,322e-004
17,325	99,648	-454,1	-7,1236e-004
19,238	99,767	-316,62	2,4233e-005
16,82	99,618	-312,57	4,5181e-005
16,742	99,614	-315,04	3,8926e-005
19,812	99,806	-448,42	-6,7426e-004
17,543	99,661	-451,47	-6,9289e-004
17,491	99,658	-449,36	-6,7712e-004
19,393	99,777	-321,71	8,9443e-006
16,79	99,617	-317,36	3,2286e-005
16,712	99,612	-319,83	2,5487e-005
19,507	99,785	-443,47	-6,3765e-004
17,046	99,631	-447,09	-6,5954e-004
16,918	99,624	-444,52	-6,4047e-004
19,424	99,78	-326,95	-7,4529e-006
16,82	99,618	-322,6	1,675e-005
16,743	99,614	-325,07	9,3769e-006
19,579	99,79	-438,32	-6,0088e-004
17,057	99,632	-441,85	-6,2126e-004
17,039	99,631	-439,33	-6,0308e-004
19,269	99,769	-331,9	-2,3305e-005
16,665	99,609	-327,55	1,7014e-006
16,457	99,598	-330,21	-6,3361e-006
19,408	99,778	-433,36	-5,6573e-004
16,972	99,627	-436,85	-5,852e-004
16,91	99,623	-434,37	-5,6755e-004
19,046	99,755	-336,51	-3,8736e-005
16,379	99,593	-332,68	-1,4615e-005
16,596	99,605	-335,35	-2,4983e-005
19,145	99,761	-428,07	-5,2861e-004
16,806	99,617	-431,9	-5,4999e-004
16,732	99,613	-429,42	-5,3259e-004
18,88	99,744	-341,45	-5,6597e-005
16,45	99,597	-337,48	-3,2257e-005
16,922	99,624	-339,82	-4,286e-005
18,883	99,744	-422,77	-4,9214e-004
16,575	99,604	-426,59	-5,1279e-004
16,489	99,599	-424,05	-4,9526e-004
18,774	99,737	-346,74	-7,7072e-005
16,903	99,623	-342,64	-5,3659e-005
16,1	99,578	-344,86	-5,9511e-005
18,716	99,733	-417,81	-4,5892e-004
16,384	99,594	-421,57	-4,7831e-004
16,304	99,589	-419,03	-4,6116e-004
18,634	99,728	-351,7	-9,7149e-005
16,013	99,573	-347,33	-6,9246e-005
15,936	99,569	-349,85	-7,945e-005
18,596	99,726	-412,85	-4,2646e-004
16,242	99,586	-416,55	-4,4463e-004
16,182	99,582	-414,06	-4,2825e-004
18,504	99,72	-356,65	-1,1827e-004
15,882	99,566	-352,33	-8,9887e-005
16,197	99,583	-354,91	-1,0226e-004
18,482	99,718	-407,89	-3,947e-004
16,124	99,579	-411,58	-4,1209e-004
16,068	99,576	-409,1	-3,9611e-004
18,352	99,71	-361,61	-1,4026e-004
16,121	99,579	-357,38	-1,1308e-004
15,67	99,554	-359,74	-1,2225e-004
18,371	99,712	-402,93	-3,6371e-004
16,012	99,573	-406,62	-3,8031e-004
15,956	99,57	-404,14	-3,6471e-004
18,201	99,701	-366,56	-1,6326e-004
15,594	99,55	-362,21	-1,3357e-004
15,693	99,556	-365,06	-1,4745e-004
18,418	99,714	-397,83	-3,3313e-004
15,902	99,567	-401,66	-3,4929e-004
15,846	99,564	-399,19	-3,3409e-004
18,206	99,701	-371,7	-1,8868e-004
15,617	99,552	-367,53	-1,5931e-004
15,707	99,556	-370,34	-1,7354e-004
18,467	99,718	-392,74	-3,0339e-004
15,948	99,569	-396,58	-3,1867e-004
15,891	99,566	-394,09	-3,0383e-004
18,266	99,705	-377,	-2,1612e-004
15,788	99,561	-373,	-1,8736e-004
15,784	99,561	-375,52	-2,0034e-004
18,449	99,716	-387,62	-2,7416e-004
15,838	99,563	-391,62	-2,892e-004
15,764	99,56	-388,97	-2,7376e-004
18,365	99,711	-382,31	-2,4465e-004
15,763	99,559	-378,16	-2,142e-004
15,877	99,566	-380,69	-2,2809e-004
15,799	99,561	-386,32	-2,5889e-004
15,996	99,572	-383,35	-2,4298e-004
13,082	99,427	-264,73	1,3418e-004
16,533	99,602	-266,51	1,1893e-004
14,242	99,481	-267,	1,2834e-004
8,3787	99,255	-264,93	1,5033e-004
11,97	99,38	-267,11	1,3732e-004
9,6558	99,294	-267,17	1,454e-004
4,9914	99,178	-266,95	1,5596e-004
7,2241	99,224	-267,27	1,5203e-004
9,6641	99,295	-514,36	-1,2142e-003
6,2204	99,201	-511,42	-1,1878e-003
9,0881	99,276	-511,6	-1,1876e-003
14,414	99,49	-514,84	-1,2172e-003
15,349	99,537	-513,02	-1,1997e-003
11,772	99,372	-511,74	-1,1879e-003
17,414	99,653	-513,37	-1,203e-003
17,551	99,661	-509,4	-1,1662e-003
16,888	99,622	-504,5	-1,1217e-003
13,976	99,469	-508,12	-1,1539e-003
14,147	99,477	-505,17	-1,127e-003
14,773	99,508	-510,26	-1,1738e-003
17,461	99,656	-499,47	-1,0777e-003
14,282	99,483	-502,41	-1,1022e-003
15,114	99,525	-500,06	-1,0818e-003
17,951	99,685	-494,87	-1,0385e-003
15,553	99,548	-497,8	-1,0623e-003
16,123	99,579	-495,79	-1,0453e-003
17,878	99,681	-490,08	-9,9815e-004
16,173	99,582	-493,45	-1,0253e-003
15,319	99,536	-491,	-1,004e-003
17,967	99,686	-485,34	-9,5905e-004
15,196	99,529	-488,54	-9,8333e-004
15,589	99,55	-485,79	-9,6071e-004
17,191	99,64	-274,47	1,1045e-004
16,837	99,619	-278,72	1,0778e-004
14,511	99,495	-275,28	1,2109e-004
15,272	99,533	-277,34	1,1588e-004
5,5493	99,188	-505,7	-1,134e-003
8,3295	99,254	-508,79	-1,1611e-003
8,501	99,259	-505,85	-1,1334e-003
5,0012	99,178	-500,16	-1,0837e-003
8,5887	99,261	-502,94	-1,1067e-003
7,3038	99,226	-501,11	-1,0906e-003
4,3654	99,168	-495,02	-1,0386e-003
6,668	99,211	-498,47	-1,0673e-003
6,906	99,217	-496,01	-1,0453e-003
4,3654	99,168	-490,03	-9,9509e-004
6,906	99,217	-493,51	-1,0234e-003
6,142	99,2	-491,22	-1,004e-003
4,3654	99,168	-485,03	-9,524e-004
6,142	99,2	-488,72	-9,8245e-004
6,4777	99,207	-486,48	-9,6326e-004
4,3654	99,168	-480,03	-9,1037e-004
6,4777	99,207	-483,98	-9,4215e-004
7,1068	99,222	-480,73	-9,1476e-004
4,5481	99,171	-475,22	-8,7028e-004
7,1068	99,222	-478,24	-8,9401e-004
6,2622	99,202	-476,35	-8,7866e-004
4,7612	99,174	-470,43	-8,3092e-004
6,4449	99,206	-474,04	-8,5959e-004
6,6946	99,212	-472,02	-8,4305e-004
4,7967	99,175	-465,42	-7,9039e-004
6,7251	99,213	-469,54	-8,2294e-004
6,7637	99,213	-467,11	-8,0337e-004
4,5836	99,171	-460,22	-7,4912e-004
6,7688	99,214	-464,57	-7,8307e-004
7,1871	99,224	-461,95	-7,6224e-004
4,3654	99,168	-455,05	-7,0863e-004
6,9689	99,218	-459,29	-7,4118e-004
6,5641	99,209	-456,57	-7,1986e-004
4,3654	99,168	-450,06	-6,6992e-004
6,5641	99,209	-454,07	-7,0042e-004
7,0657	99,221	-451,65	-6,8181e-004
4,3654	99,168	-445,06	-6,3177e-004
7,0657	99,221	-449,16	-6,6265e-004
7,0063	99,219	-446,51	-6,4253e-004
4,3654	99,168	-440,07	-5,943e-004
7,0063	99,219	-444,01	-6,2367e-004
6,9691	99,218	-441,3	-6,0341e-004
4,3654	99,168	-435,07	-5,5747e-004
6,9691	99,218	-438,8	-5,8492e-004
6,9264	99,217	-436,34	-5,6684e-004
4,3654	99,168	-430,08	-5,2137e-004
6,9264	99,217	-433,84	-5,4864e-004
6,8839	99,216	-431,39	-5,3101e-004
4,3654	99,168	-425,08	-4,8598e-004
6,8839	99,216	-428,89	-5,1319e-004
6,8326	99,215	-426,35	-4,9527e-004
4,3654	99,168	-420,08	-4,5126e-004
6,8326	99,215	-423,86	-4,7784e-004
6,7917	99,214	-421,38	-4,6063e-004
4,3654	99,168	-415,09	-4,1729e-004
6,7917	99,214	-418,88	-4,4356e-004
6,7577	99,213	-416,43	-4,2691e-004
4,3654	99,168	-410,09	-3,8405e-004
6,7577	99,213	-413,93	-4,1022e-004
6,7197	99,212	-411,46	-3,9378e-004
4,3654	99,168	-405,1	-3,5159e-004
6,7197	99,212	-408,96	-3,7741e-004
6,6818	99,212	-406,48	-3,6136e-004
4,3654	99,168	-400,1	-3,1991e-004
6,6818	99,212	-403,98	-3,4534e-004
6,6396	99,211	-401,51	-3,2971e-004
4,3654	99,168	-395,1	-2,8894e-004
6,6396	99,211	-399,01	-3,1407e-004
6,5962	99,21	-396,55	-2,9885e-004
4,3654	99,168	-390,11	-2,5887e-004
6,5962	99,21	-394,05	-2,8364e-004
6,5501	99,209	-391,52	-2,684e-004
4,3654	99,168	-385,11	-2,2966e-004
6,5501	99,209	-389,02	-2,5363e-004
6,6438	99,211	-386,23	-2,3747e-004
4,3654	99,168	-380,12	-2,0135e-004
6,6438	99,211	-383,73	-2,2314e-004
6,554	99,209	-381,09	-2,0818e-004
4,3654	99,168	-375,12	-1,7402e-004
6,554	99,209	-378,59	-1,9433e-004
6,3874	99,205	-376,12	-1,8069e-004
4,3654	99,168	-370,13	-1,4765e-004
6,3874	99,205	-373,62	-1,6737e-004
6,4403	99,206	-370,87	-1,5298e-004
4,3654	99,168	-365,13	-1,2228e-004
6,4403	99,206	-368,37	-1,4012e-004
6,4735	99,207	-365,93	-1,2793e-004
4,3654	99,168	-360,13	-9,7983e-005
6,4735	99,207	-363,43	-1,1553e-004
6,1424	99,2	-361,32	-1,0494e-004
4,3654	99,168	-355,14	-7,454e-005
6,1424	99,2	-358,82	-9,3025e-005
6,8687	99,216	-356,43	-8,2837e-005
4,3654	99,168	-350,14	-5,2164e-005
6,8687	99,216	-353,93	-7,1485e-005
6,5864	99,209	-351,04	-5,8137e-005
4,3654	99,168	-345,15	-3,0792e-005
6,5864	99,209	-348,54	-4,7289e-005
6,3245	99,204	-346,49	-3,8222e-005
4,3654	99,168	-340,15	-1,0404e-005
6,3245	99,204	-343,99	-2,7776e-005
6,9924	99,219	-341,5	-1,8752e-005
4,3654	99,168	-335,15	8,8337e-006
6,9924	99,219	-339,	-8,8333e-006
6,7639	99,213	-336,07	2,776e-006
4,3654	99,168	-330,16	2,7069e-005
6,7639	99,213	-333,57	1,2065e-005
6,4745	99,207	-331,24	2,0971e-005
4,3654	99,168	-325,16	4,4196e-005
6,4745	99,207	-328,74	2,9808e-005
6,6494	99,211	-326,44	3,733e-005
4,3654	99,168	-320,17	6,0146e-005
6,6494	99,211	-323,94	4,5493e-005
6,7022	99,212	-321,53	5,3066e-005
4,3654	99,168	-315,17	7,4905e-005
6,7022	99,212	-319,03	6,0756e-005
6,7222	99,212	-316,43	6,837e-005
4,3654	99,168	-310,18	8,8367e-005
6,7222	99,212	-313,93	7,5367e-005
6,766	99,213	-311,4	8,2089e-005
4,3654	99,168	-305,18	1,0068e-004
6,766	99,213	-308,9	8,8505e-005
6,3867	99,205	-306,38	9,5377e-005
4,3654	99,168	-300,18	1,1183e-004
6,3867	99,205	-303,88	1,012e-004
6,8233	99,215	-301,48	1,0573e-004
4,3654	99,168	-295,19	1,2183e-004
6,8233	99,215	-298,98	1,1102e-004
6,4944	99,207	-296,49	1,1666e-004
4,5475	99,171	-290,01	1,3086e-004
6,4944	99,207	-293,99	1,2131e-004
6,9637	99,218	-291,55	1,2477e-004
4,8001	99,175	-285,03	1,382e-004
7,1458	99,222	-288,87	1,2878e-004
7,2345	99,225	-286,07	1,3282e-004
5,1661	99,181	-280,77	1,4342e-004
7,3051	99,226	-283,78	1,3587e-004
6,761	99,213	-281,86	1,3954e-004
5,4616	99,186	-276,3	1,4802e-004
7,0564	99,22	-279,89	1,4132e-004
7,5151	99,232	-278,28	1,421e-004
4,7488	99,174	-271,34	1,5323e-004
6,9816	99,219	-271,66	1,4961e-004
8,6957	99,264	-273,87	1,434e-004
7,5151	99,232	-275,78	1,4468e-004
6,2689	99,202	-269,19	1,5268e-004
17,501	99,658	-270,34	1,1239e-004
15,21	99,53	-270,84	1,2188e-004
14,61	99,5	-273,11	1,2261e-004
15,421	99,541	-268,88	1,2232e-004
15,727	99,557	-283,12	1,0725e-004
15,016	99,52	-279,42	1,1468e-004
14,348	99,487	-281,	1,1561e-004
17,002	99,629	-480,78	-9,2089e-004
15,801	99,561	-483,51	-9,4209e-004
14,974	99,518	-288,23	1,0319e-004
12,217	99,39	-287,93	1,146e-004
12,306	99,394	-285,13	1,1838e-004
13,493	99,446	-283,33	1,1614e-004
15,893	99,566	-475,56	-8,7759e-004
14,624	99,5	-481,23	-9,2236e-004
12,837	99,417	-478,72	-9,003e-004
14,048	99,472	-476,69	-8,8484e-004
15,921	99,568	-470,09	-8,3396e-004
14,116	99,475	-473,75	-8,6124e-004
14,127	99,476	-471,03	-8,3948e-004
15,334	99,537	-293,58	9,2896e-005
12,319	99,394	-290,71	1,0981e-004
13,567	99,449	-292,48	1,0197e-004
15,177	99,528	-298,53	8,4207e-005
13,825	99,462	-295,04	9,6386e-005
13,803	99,46	-296,74	9,326e-005
15,515	99,546	-464,85	-7,9227e-004
14,088	99,474	-468,49	-8,1924e-004
14,087	99,474	-466,36	-8,0237e-004
15,026	99,521	-303,36	7,4655e-005
12,022	99,382	-300,6	9,233e-005
13,388	99,441	-299,13	9,0153e-005
13,251	99,435	-302,14	8,4407e-005
15,375	99,539	-459,74	-7,5245e-004
12,361	99,396	-461,59	-7,6297e-004
13,72	99,457	-463,66	-7,8076e-004
13,673	99,454	-460,11	-7,5301e-004
14,87	99,513	-308,32	6,3808e-005
13,515	99,447	-304,58	7,7935e-005
13,506	99,447	-306,38	7,3808e-005
15,214	99,53	-454,79	-7,1431e-004
13,899	99,465	-457,7	-7,3472e-004
13,901	99,465	-456,04	-7,2197e-004
14,775	99,508	-450,14	-6,7852e-004
12,297	99,393	-451,5	-6,8519e-004
13,514	99,447	-453,5	-7,0204e-004
14,371	99,488	-313,3	5,3068e-005
11,764	99,372	-313,01	6,369e-005
11,808	99,373	-310,47	7,0165e-005
13,085	99,428	-308,89	6,938e-005
14,216	99,48	-318,25	3,9943e-005
11,666	99,368	-318,09	4,9834e-005
11,686	99,368	-315,48	5,7209e-005
14,595	99,499	-445,46	-6,434e-004
12,245	99,391	-449,39	-6,6914e-004
12,185	99,389	-446,74	-6,4915e-004
14,06	99,473	-323,2	2,567e-005
11,536	99,362	-322,98	3,5543e-005
11,589	99,365	-320,56	4,2787e-005
14,449	99,492	-440,38	-6,0589e-004
12,057	99,383	-444,18	-6,2988e-004
12,02	99,382	-441,46	-6,0983e-004
13,774	99,459	-328,33	1,0122e-005
11,284	99,353	-327,75	2,0873e-005
11,458	99,359	-325,45	2,7889e-005
14,369	99,488	-435,38	-5,6977e-004
12,002	99,381	-438,95	-5,9137e-004
11,959	99,379	-436,48	-5,7346e-004
13,782	99,459	-333,66	-8,4049e-006
11,364	99,356	-332,73	3,2751e-006
11,074	99,345	-330,4	1,2437e-005
14,234	99,481	-430,42	-5,3448e-004
11,897	99,377	-434,	-5,5556e-004
11,855	99,375	-431,55	-5,3806e-004
14,471	99,493	-338,67	-2,9396e-005
11,809	99,373	-338,34	-1,8906e-005
11,581	99,364	-335,4	-7,1205e-006
14,141	99,477	-343,23	-4,5963e-005
12,282	99,393	-340,68	-2,951e-005
14,075	99,473	-425,39	-4,993e-004
11,782	99,372	-429,07	-5,2046e-004
11,73	99,37	-426,53	-5,0267e-004
13,909	99,465	-420,31	-4,6439e-004
11,645	99,367	-423,99	-4,8493e-004
11,604	99,365	-421,51	-4,679e-004
13,259	99,435	-347,97	-6,2281e-005
11,073	99,345	-347,44	-5,3081e-005
10,811	99,335	-345,39	-4,3732e-005
11,478	99,36	-342,9	-3,5695e-005
13,769	99,459	-415,28	-4,3065e-004
11,523	99,362	-418,97	-4,5054e-004
11,489	99,361	-416,52	-4,3408e-004
13,497	99,446	-353,06	-8,4909e-005
11,277	99,352	-352,85	-7,699e-005
10,995	99,342	-349,96	-6,3548e-005
13,653	99,453	-410,32	-3,9808e-004
11,43	99,358	-414,03	-4,1752e-004
11,392	99,357	-411,56	-4,0122e-004
13,361	99,44	-357,99	-1,0658e-004
11,593	99,365	-355,43	-8,942e-005
13,541	99,448	-405,36	-3,6628e-004
11,336	99,355	-409,08	-3,8506e-004
11,298	99,353	-406,6	-3,6909e-004
13,009	99,424	-363,19	-1,2985e-004
10,746	99,332	-362,29	-1,1889e-004
10,415	99,32	-360,18	-1,0794e-004
11,141	99,347	-357,78	-9,8792e-005
13,43	99,443	-400,41	-3,3524e-004
11,242	99,351	-404,12	-3,5331e-004
11,2	99,349	-401,65	-3,3774e-004
13,198	99,433	-368,84	-1,5813e-004
10,812	99,335	-367,57	-1,4495e-004
10,845	99,336	-365,14	-1,3297e-004
13,317	99,438	-395,45	-3,0497e-004
11,144	99,347	-399,18	-3,2233e-004
11,101	99,346	-396,71	-3,0724e-004
13,284	99,436	-374,15	-1,8557e-004
10,849	99,336	-373,13	-1,7342e-004
10,902	99,338	-370,37	-1,5932e-004
13,187	99,432	-390,32	-2,7441e-004
11,044	99,343	-394,23	-2,9218e-004
10,998	99,342	-391,7	-2,7706e-004
13,393	99,441	-379,2	-2,1268e-004
11,011	99,342	-378,12	-2,003e-004
10,844	99,336	-375,64	-1,8664e-004
13,31	99,438	-384,7	-2,4269e-004
10,924	99,339	-389,05	-2,6141e-004
11,018	99,342	-386,26	-2,4553e-004
11,215	99,35	-383,29	-2,2923e-004
11,125	99,347	-380,65	-2,1439e-004
10,816	99,335	-269,44	1,4008e-004
12,529	99,403	-271,65	1,3211e-004
10,215	99,313	-271,72	1,4046e-004
11,368	99,356	-506,03	-1,1346e-003
12,372	99,397	-500,74	-1,0869e-003
10,255	99,315	-501,25	-1,0913e-003
13,775	99,459	-496,38	-1,0492e-003
11,088	99,345	-498,9	-1,0704e-003
11,326	99,354	-496,44	-1,0488e-003
13,49	99,446	-491,92	-1,0108e-003
11,896	99,377	-494,43	-1,0316e-003
13,029	99,425	-486,72	-9,6655e-004
11,041	99,343	-491,98	-1,0102e-003
10,277	99,316	-489,69	-9,9038e-004
10,613	99,328	-487,45	-9,7151e-004
11,006	99,342	-484,7	-9,4859e-004
11,635	99,366	-481,45	-9,2192e-004
12,69	99,41	-275,99	1,2767e-004
10,749	99,332	-275,84	1,3501e-004
11,51	99,361	-277,9	1,3018e-004
12,783	99,414	-279,63	1,2341e-004
9,2082	99,28	-496,96	-1,0531e-003
8,6824	99,264	-492,2	-1,0117e-003
8,2542	99,252	-487,67	-9,7293e-004
9,2188	99,28	-482,19	-9,2693e-004
9,0033	99,274	-477,05	-8,8446e-004
11,059	99,344	-476,91	-8,8427e-004
8,4085	99,256	-473,15	-8,5241e-004
10,215	99,313	-475,03	-8,6841e-004
8,6968	99,264	-468,7	-8,1651e-004
10,465	99,322	-473,01	-8,5215e-004
10,476	99,323	-470,29	-8,3023e-004
9,1537	99,278	-463,64	-7,7637e-004
10,515	99,324	-467,85	-8,1076e-004
10,514	99,324	-465,72	-7,9377e-004
9,1673	99,279	-458,31	-7,3442e-004
10,932	99,339	-463,1	-7,7338e-004
10,884	99,338	-459,54	-7,4551e-004
9,264	99,282	-453,17	-6,9468e-004
10,48	99,323	-456,83	-7,2401e-004
10,481	99,323	-455,17	-7,1117e-004
9,7061	99,296	-448,1	-6,5642e-004
10,983	99,341	-452,75	-6,9312e-004
9,6095	99,293	-442,74	-6,1614e-004
9,5296	99,29	-437,57	-5,7796e-004
9,4444	99,288	-432,65	-5,4237e-004
9,3507	99,285	-427,67	-5,069e-004
9,2585	99,282	-422,65	-4,7193e-004
9,1836	99,279	-417,72	-4,3827e-004
9,1116	99,277	-412,8	-4,0533e-004
9,0358	99,275	-407,84	-3,7293e-004
8,9557	99,272	-402,89	-3,4127e-004
8,87	99,27	-397,96	-3,1045e-004
8,7805	99,267	-392,96	-2,8007e-004
8,8282	99,268	-387,64	-2,488e-004
8,8321	99,268	-382,2	-2,1789e-004
8,5758	99,261	-377,09	-1,893e-004
8,4621	99,258	-371,86	-1,6134e-004
8,5481	99,26	-366,67	-1,3507e-004
8,2503	99,252	-362,12	-1,1213e-004
8,6453	99,263	-357,62	-9,1637e-005
9,0893	99,276	-352,33	-6,8754e-005
8,5453	99,26	-347,38	-4,6075e-005
8,9512	99,272	-342,84	-2,8263e-005
9,3905	99,286	-337,42	-8,1452e-006
8,8726	99,27	-332,15	1,2709e-005
8,7582	99,266	-327,52	2,9099e-005
8,9859	99,273	-322,81	4,3892e-005
9,0586	99,275	-317,8	5,8916e-005
9,1223	99,277	-312,66	7,317e-005
8,7869	99,267	-307,6	8,7009e-005
10,444	99,321	-308,54	7,9641e-005
8,8443	99,269	-302,68	9,8294e-005
10,074	99,309	-304,22	9,1086e-005
10,065	99,308	-306,02	8,6921e-005
8,9519	99,272	-297,79	1,0825e-004
10,647	99,329	-298,81	1,0086e-004
10,51	99,324	-301,81	9,4989e-005
9,0923	99,276	-292,85	1,1709e-004
10,34	99,318	-294,62	1,0997e-004
10,318	99,317	-296,32	1,0685e-004
9,6503	99,294	-287,61	1,2401e-004
10,809	99,335	-292,18	1,1272e-004
9,1951	99,28	-282,9	1,3203e-004
10,927	99,339	-283,01	1,262e-004
9,1097	99,277	-279,37	1,3658e-004
10,383	99,319	-281,1	1,3048e-004
10,841	99,336	-279,48	1,3083e-004
12,282	99,393	-472,16	-8,4671e-004
12,293	99,393	-467,31	-8,0795e-004
12,035	99,383	-295,64	1,0207e-004
11,73	99,37	-305,16	8,3289e-005
12,198	99,389	-456,41	-7,2262e-004
-20,351	99,843	-287,55	-2,6079e-005
-17,778	99,675	-284,07	3,6816e-006
-17,679	99,669	-286,71	9,4839e-007
-20,637	99,863	-478,03	-1,0115e-003
-18,75	99,736	-482,19	-1,033e-003
-17,993	99,688	-479,82	-1,009e-003
-20,162	99,829	-292,32	-3,1809e-005
-17,837	99,678	-289,11	-4,1848e-006
-17,759	99,674	-291,58	-7,4293e-006
-20,496	99,853	-473,25	-9,7269e-004
-18,184	99,7	-477,43	-9,9098e-004
-18,095	99,694	-474,95	-9,706e-004
-19,746	99,801	-297,08	-3,6332e-005
-17,332	99,648	-296,43	-1,1963e-005
-17,411	99,653	-293,95	-8,1752e-006
-20,135	99,828	-468,46	-9,3283e-004
-17,763	99,674	-472,57	-9,495e-004
-17,674	99,669	-470,09	-9,2935e-004
-19,6	99,791	-301,92	-4,466e-005
-17,264	99,644	-298,81	-1,5916e-005
-17,185	99,639	-301,29	-2,0244e-005
-20,004	99,819	-463,53	-8,9376e-004
-17,645	99,667	-467,69	-9,1031e-004
-17,891	99,682	-465,11	-8,9185e-004
-19,516	99,786	-307,09	-5,5402e-005
-17,108	99,635	-303,75	-2,4804e-005
-17,03	99,63	-306,23	-2,9704e-005
-19,728	99,8	-458,45	-8,5313e-004
-17,789	99,676	-462,58	-8,7156e-004
-17,365	99,65	-460,2	-8,5042e-004
-19,66	99,795	-312,19	-6,9325e-005
-17,023	99,63	-308,93	-3,6106e-005
-16,945	99,625	-311,41	-4,1609e-005
-19,588	99,79	-453,59	-8,1555e-004
-17,192	99,64	-457,66	-8,298e-004
-17,385	99,651	-455,22	-8,1261e-004
-19,733	99,8	-317,04	-8,3035e-005
-17,019	99,63	-316,27	-5,5265e-005
-17,096	99,634	-313,79	-4,9233e-005
-19,556	99,788	-448,82	-7,799e-004
-17,418	99,653	-452,91	-7,9536e-004
-17,048	99,631	-450,39	-7,7397e-004
-19,578	99,79	-322,	-9,5917e-005
-16,941	99,625	-318,74	-6,1549e-005
-17,025	99,63	-321,02	-6,904e-005
-19,568	99,789	-443,58	-7,4177e-004
-16,983	99,628	-447,94	-7,5527e-004
-16,895	99,623	-445,46	-7,364e-004
-19,424	99,78	-326,95	-1,0989e-004
-16,947	99,626	-323,5	-7,5862e-005
-16,91	99,623	-325,93	-8,3189e-005
-19,579	99,79	-438,32	-7,0414e-004
-16,973	99,627	-442,68	-7,1662e-004
-16,891	99,622	-440,18	-6,9792e-004
-19,147	99,761	-331,66	-1,23e-004
-16,833	99,619	-328,41	-9,0568e-005
-16,779	99,616	-330,89	-9,8437e-005
-19,408	99,778	-433,36	-6,6807e-004
-16,824	99,618	-437,7	-6,7965e-004
-16,604	99,606	-435,04	-6,5912e-004
-18,89	99,745	-336,35	-1,3718e-004
-16,579	99,605	-333,13	-1,0441e-004
-16,52	99,601	-335,62	-1,1281e-004
-19,089	99,757	-428,31	-6,3083e-004
-16,499	99,6	-432,57	-6,4099e-004
-16,783	99,616	-429,66	-6,2286e-004
-18,847	99,742	-341,53	-1,5617e-004
-16,463	99,598	-338,07	-1,2128e-004
-16,398	99,594	-340,54	-1,3008e-004
-18,912	99,746	-423,36	-5,9594e-004
-16,569	99,604	-427,08	-6,035e-004
-16,919	99,624	-424,91	-5,9129e-004
-18,715	99,733	-347,1	-1,7702e-004
-16,412	99,595	-343,28	-1,4088e-004
-16,337	99,591	-345,84	-1,5044e-004
-18,862	99,743	-418,52	-5,6337e-004
-16,956	99,626	-422,54	-5,7556e-004
-16,188	99,583	-420,4	-5,5538e-004
-18,526	99,721	-352,42	-1,9753e-004
-16,192	99,583	-348,67	-1,6082e-004
-16,124	99,579	-351,22	-1,7098e-004
-18,689	99,732	-413,57	-5,2983e-004
-16,101	99,578	-417,93	-5,3826e-004
-16,014	99,573	-415,45	-5,2129e-004
-18,437	99,716	-357,38	-2,1847e-004
-16,08	99,577	-353,7	-1,8134e-004
-16,034	99,574	-356,18	-1,9185e-004
-18,516	99,721	-408,62	-4,9699e-004
-15,928	99,568	-412,98	-5,0454e-004
-16,031	99,574	-410,66	-4,904e-004
-18,346	99,71	-362,34	-2,4036e-004
-15,988	99,572	-358,66	-2,0267e-004
-15,941	99,569	-361,14	-2,1374e-004
-18,343	99,71	-403,67	-4,6486e-004
-15,944	99,569	-408,18	-4,7402e-004
-15,907	99,567	-405,68	-4,5793e-004
-18,402	99,713	-367,44	-2,6529e-004
-15,896	99,567	-363,62	-2,2503e-004
-15,847	99,564	-366,1	-2,3658e-004
-18,305	99,707	-398,55	-4,3354e-004
-15,821	99,563	-403,2	-4,4189e-004
-15,496	99,545	-400,6	-4,2333e-004
-18,46	99,717	-372,54	-2,9113e-004
-15,949	99,57	-368,72	-2,5032e-004
-15,9	99,567	-371,21	-2,6235e-004
-18,319	99,708	-393,42	-4,0342e-004
-15,544	99,548	-397,95	-4,0772e-004
-15,804	99,562	-394,78	-3,9085e-004
-18,461	99,717	-377,68	-3,1757e-004
-15,857	99,564	-373,69	-2,7465e-004
-15,8	99,561	-376,32	-2,8785e-004
-18,279	99,706	-388,32	-3,7398e-004
-15,771	99,56	-392,29	-3,7603e-004
-15,775	99,56	-389,79	-3,6161e-004
-18,389	99,713	-383,03	-3,4557e-004
-15,845	99,564	-378,97	-3,0227e-004
-15,997	99,572	-381,89	-3,193e-004
-15,768	99,56	-387,19	-3,4678e-004
-15,88	99,566	-384,59	-3,3313e-004
-9,0096	99,274	-265,53	1,0093e-004
-5,9341	99,195	-268,76	1,2249e-004
-8,6407	99,263	-268,27	1,0243e-004
-13,789	99,46	-264,94	5,8761e-005
-11,287	99,353	-267,89	8,0102e-005
-16,946	99,626	-266,59	2,7941e-005
-13,421	99,443	-267,69	6,0802e-005
-12,847	99,417	-514,36	-1,2807e-003
-16,252	99,586	-511,43	-1,2706e-003
-13,42	99,443	-511,6	-1,2573e-003
-8,1117	99,248	-514,82	-1,2625e-003
-7,1472	99,223	-512,9	-1,2392e-003
-10,742	99,332	-511,74	-1,2448e-003
-5,0902	99,18	-513,24	-1,2337e-003
-17,628	99,666	-490,84	-1,0974e-003
-17,35	99,649	-486,32	-1,0581e-003
-15,385	99,539	-490,11	-1,0778e-003
-15,452	99,543	-487,9	-1,0596e-003
-17,511	99,659	-495,55	-1,1364e-003
-15,367	99,538	-492,29	-1,096e-003
-15,32	99,536	-494,49	-1,1145e-003
-17,407	99,653	-500,51	-1,1786e-003
-15,22	99,531	-497,02	-1,1356e-003
-15,266	99,533	-499,33	-1,156e-003
-17,192	99,64	-505,79	-1,2241e-003
-15,262	99,533	-501,77	-1,1774e-003
-15,48	99,544	-503,92	-1,1978e-003
-14,149	99,477	-508,8	-1,2349e-003
-15,269	99,533	-506,76	-1,2222e-003
-16,614	99,607	-275,36	2,4725e-005
-16,072	99,576	-280,36	2,4618e-005
-14,069	99,473	-278,7	4,5464e-005
-14,503	99,494	-276,84	4,3396e-005
-4,8157	99,175	-508,87	-1,19e-003
-7,721	99,237	-510,15	-1,215e-003
-5,155	99,181	-504,06	-1,1463e-003
-8,411	99,256	-507,7	-1,195e-003
-7,4501	99,23	-504,82	-1,1637e-003
-4,6406	99,172	-499,32	-1,101e-003
-7,0993	99,221	-502,46	-1,1405e-003
-6,8608	99,216	-500,23	-1,1191e-003
-4,4434	99,169	-494,73	-1,0594e-003
-6,6974	99,212	-497,85	-1,0971e-003
-6,5762	99,209	-495,56	-1,0763e-003
-4,4096	99,169	-490,03	-1,0183e-003
-6,5424	99,208	-493,35	-1,0567e-003
-6,6995	99,212	-491,06	-1,0376e-003
-4,5923	99,171	-484,85	-9,7484e-004
-6,6995	99,212	-488,56	-1,0162e-003
-6,6835	99,212	-486,14	-9,9553e-004
-4,6241	99,172	-479,82	-9,3269e-004
-6,8661	99,216	-483,46	-9,7383e-004
-6,8057	99,214	-481,02	-9,5309e-004
-4,4414	99,169	-475,	-8,9199e-004
-6,6548	99,211	-478,67	-9,3277e-004
-6,6225	99,21	-476,3	-9,1308e-004
-4,4096	99,169	-470,04	-8,5124e-004
-6,5908	99,209	-473,84	-8,9268e-004
-6,9394	99,218	-471,18	-8,7274e-004
-4,4096	99,169	-465,05	-8,1092e-004
-6,9394	99,218	-468,68	-8,5256e-004
-6,5303	99,208	-466,16	-8,3018e-004
-4,4096	99,169	-460,05	-7,7111e-004
-6,5303	99,208	-463,67	-8,1025e-004
-6,8407	99,215	-461,25	-7,9267e-004
-4,4096	99,169	-455,05	-7,3188e-004
-6,8407	99,215	-458,75	-7,7293e-004
-6,4335	99,206	-456,34	-7,5193e-004
-4,4096	99,169	-450,06	-6,9311e-004
-6,4335	99,206	-453,84	-7,3248e-004
-6,7715	99,214	-451,29	-7,1456e-004
-4,4096	99,169	-445,06	-6,5496e-004
-6,7715	99,214	-448,79	-6,9545e-004
-6,7776	99,214	-446,12	-6,7516e-004
-4,4096	99,169	-440,07	-6,1746e-004
-6,7776	99,214	-443,62	-6,5636e-004
-6,7159	99,212	-441,26	-6,3839e-004
-4,4096	99,169	-435,07	-5,8063e-004
-6,7159	99,212	-438,77	-6,1992e-004
-6,4975	99,207	-436,48	-6,0184e-004
-4,4096	99,169	-430,08	-5,4454e-004
-6,4975	99,207	-433,98	-5,8371e-004
-6,6961	99,212	-431,67	-5,6814e-004
-4,4096	99,169	-425,08	-5,0913e-004
-6,6961	99,212	-429,17	-5,5034e-004
-7,0799	99,221	-426,23	-5,3181e-004
-4,4096	99,169	-420,08	-4,7443e-004
-7,0799	99,221	-423,73	-5,1438e-004
-6,6557	99,211	-420,91	-4,9236e-004
-4,4096	99,169	-415,09	-4,4048e-004
-6,6557	99,211	-418,41	-4,7528e-004
-6,6059	99,21	-415,79	-4,5728e-004
-4,4096	99,169	-410,09	-4,0724e-004
-6,6059	99,21	-413,29	-4,406e-004
-6,6312	99,21	-410,78	-4,2412e-004
-4,4096	99,169	-405,1	-3,7478e-004
-6,6312	99,21	-408,28	-4,0781e-004
-6,5288	99,208	-405,88	-3,917e-004
-4,4096	99,169	-400,1	-3,4307e-004
-6,5288	99,208	-403,38	-3,7573e-004
-6,2372	99,202	-401,44	-3,6173e-004
-4,4096	99,169	-395,1	-3,1216e-004
-6,2372	99,202	-398,94	-3,4611e-004
-6,4474	99,206	-396,63	-3,3312e-004
-4,4096	99,169	-390,11	-2,8206e-004
-6,4474	99,206	-394,13	-3,1783e-004
-6,4054	99,205	-391,68	-3,029e-004
-4,4096	99,169	-385,11	-2,5286e-004
-6,4054	99,205	-389,18	-2,8806e-004
-6,6	99,21	-386,71	-2,7489e-004
-4,4096	99,169	-380,12	-2,2455e-004
-6,6	99,21	-384,22	-2,6059e-004
-6,6369	99,211	-381,5	-2,4547e-004
-4,4096	99,169	-375,12	-1,9721e-004
-6,6369	99,211	-379,	-2,3156e-004
-6,5996	99,21	-376,26	-2,1645e-004
-4,4096	99,169	-370,13	-1,7086e-004
-6,5996	99,21	-373,76	-2,0303e-004
-6,6331	99,21	-371,29	-1,9031e-004
-4,4096	99,169	-365,13	-1,4549e-004
-6,6331	99,21	-368,79	-1,7738e-004
-6,6799	99,212	-366,27	-1,65e-004
-4,4096	99,169	-360,13	-1,2114e-004
-6,6799	99,212	-363,77	-1,526e-004
-6,7166	99,212	-361,29	-1,4085e-004
-4,4096	99,169	-355,14	-9,7754e-005
-6,7166	99,212	-358,79	-1,2897e-004
-6,7472	99,213	-356,32	-1,1765e-004
-4,4096	99,169	-350,14	-7,5344e-005
-6,7472	99,213	-353,83	-1,0631e-004
-6,7607	99,213	-351,44	-9,5701e-005
-4,4096	99,169	-345,15	-5,3971e-005
-6,7607	99,213	-348,94	-8,4831e-005
-6,8199	99,215	-346,33	-7,4202e-005
-4,4096	99,169	-340,15	-3,3608e-005
-6,8199	99,215	-343,84	-6,382e-005
-6,8483	99,215	-341,39	-5,4099e-005
-4,4096	99,169	-335,15	-1,4394e-005
-6,8483	99,215	-338,89	-4,4171e-005
-6,8956	99,217	-336,41	-3,5018e-005
-4,4096	99,169	-330,16	3,8571e-006
-6,8956	99,217	-333,91	-2,5721e-005
-6,9072	99,217	-331,34	-1,6481e-005
-4,4096	99,169	-325,16	2,0988e-005
-6,9072	99,217	-328,84	-7,6925e-006
-6,9522	99,218	-326,4	3,0212e-007
-4,4096	99,169	-320,17	3,6942e-005
-6,9522	99,218	-323,9	8,5436e-006
-6,984	99,219	-321,41	1,6199e-005
-4,4096	99,169	-315,17	5,1689e-005
-6,984	99,219	-318,91	2,3844e-005
-7,0243	99,22	-316,45	3,0775e-005
-4,4096	99,169	-310,18	6,5206e-005
-7,0243	99,22	-313,95	3,7793e-005
-7,074	99,221	-311,53	4,3946e-005
-4,4096	99,169	-305,18	7,7553e-005
-7,074	99,221	-309,03	5,0451e-005
-7,0111	99,219	-306,54	5,7011e-005
-4,4096	99,169	-300,18	8,8688e-005
-7,0111	99,219	-304,04	6,2888e-005
-7,1678	99,223	-301,3	6,7808e-005
-4,4096	99,169	-295,19	9,8643e-005
-7,1678	99,223	-298,81	7,3041e-005
-6,4978	99,207	-296,1	8,3204e-005
-4,4096	99,169	-290,19	1,0746e-004
-6,4978	99,207	-293,61	8,7875e-005
-6,484	99,207	-291,15	9,2347e-005
-4,4096	99,169	-285,2	1,1514e-004
-6,484	99,207	-288,65	9,6361e-005
-6,88	99,216	-285,99	9,7612e-005
-5,2523	99,182	-279,97	1,167e-004
-6,88	99,216	-283,49	1,0105e-004
-5,8004	99,193	-274,42	1,1898e-004
-8,7257	99,265	-278,46	9,2973e-005
-9,16	99,279	-276,59	9,1426e-005
-7,7225	99,237	-280,76	9,8309e-005
-8,2126	99,25	-271,12	1,0384e-004
-8,8656	99,269	-273,78	9,6484e-005
-17,209	99,641	-270,72	2,2869e-005
-14,445	99,491	-269,54	5,0131e-005
-13,684	99,455	-271,82	5,5592e-005
-14,337	99,486	-274,48	4,7197e-005
-16,297	99,589	-481,59	-1,0128e-003
-15,157	99,527	-485,54	-1,0383e-003
-14,848	99,512	-483,04	-1,0158e-003
-15,264	99,533	-285,63	2,5457e-005
-13,36	99,44	-281,34	4,8999e-005
-12,357	99,396	-283,63	5,5233e-005
-13,747	99,458	-285,11	4,0405e-005
-15,085	99,524	-290,74	1,9307e-005
-13,647	99,453	-287,75	3,7484e-005
-13,628	99,452	-289,94	3,4209e-005
-15,449	99,543	-476,74	-9,6818e-004
-14,09	99,474	-480,67	-9,9166e-004
-13,895	99,465	-478,27	-9,7086e-004
-14,928	99,516	-295,69	1,2101e-005
-14,771	99,508	-300,64	3,8112e-006
-12,388	99,397	-299,04	2,9018e-005
-13,483	99,446	-296,88	2,3284e-005
-13,549	99,449	-292,42	3,0813e-005
-13,562	99,449	-294,41	2,7152e-005
-15,271	99,533	-471,79	-9,2733e-004
-13,806	99,461	-475,79	-9,5023e-004
-13,86	99,463	-473,78	-9,3434e-004
-15,429	99,542	-466,74	-8,8838e-004
-12,326	99,395	-469,57	-8,9093e-004
-13,771	99,459	-471,31	-9,1392e-004
-13,651	99,453	-467,81	-8,8535e-004
-14,614	99,5	-305,59	-5,6127e-006
-12,153	99,387	-304,26	1,9967e-005
-12,309	99,394	-301,52	2,4597e-005
-15,251	99,532	-461,79	-8,4857e-004
-13,897	99,465	-465,24	-8,6661e-004
-13,877	99,464	-463,51	-8,5297e-004
-14,458	99,492	-310,54	-1,6202e-005
-12,137	99,387	-309,23	8,2583e-006
-12,074	99,384	-306,73	1,4919e-005
-15,021	99,52	-456,98	-8,0995e-004
-12,05	99,383	-459,68	-8,1129e-004
-13,453	99,444	-461,14	-8,3168e-004
-13,326	99,438	-458,11	-8,0737e-004
-14,844	99,511	-452,03	-7,7111e-004
-13,519	99,447	-455,67	-7,8993e-004
-13,541	99,448	-453,92	-7,767e-004
-14,302	99,484	-315,49	-2,7938e-005
-14,309	99,485	-320,24	-4,1667e-005
-11,891	99,377	-319,06	-1,6425e-005
-11,932	99,378	-316,6	-9,6441e-006
-12,01	99,381	-314,13	-3,4254e-006
-12,059	99,384	-311,7	2,6148e-006
-14,387	99,489	-447,04	-7,3056e-004
-11,804	99,373	-449,77	-7,336e-004
-11,81	99,373	-447,09	-7,1352e-004
-13,172	99,431	-451,41	-7,5513e-004
-14,355	99,487	-324,96	-5,6665e-005
-11,944	99,379	-323,83	-3,148e-005
-11,976	99,38	-321,34	-2,399e-005
-14,216	99,48	-442,06	-6,9265e-004
-11,722	99,37	-444,62	-6,9444e-004
-11,661	99,367	-442,26	-6,7658e-004
-14,264	99,483	-329,88	-7,2102e-005
-11,862	99,375	-328,71	-4,6799e-005
-11,906	99,377	-326,26	-3,9043e-005
-13,914	99,466	-436,9	-6,531e-004
-11,578	99,364	-439,76	-6,5765e-004
-11,36	99,356	-437,47	-6,3951e-004
-14,151	99,477	-334,85	-8,8642e-005
-11,796	99,373	-333,76	-6,3976e-005
-11,807	99,373	-331,19	-5,4871e-005
-13,978	99,469	-431,34	-6,1404e-004
-11,14	99,347	-434,81	-6,1884e-004
-11,338	99,355	-432,5	-6,0367e-004
-14,027	99,471	-339,82	-1,0609e-004
-11,69	99,369	-338,74	-8,1588e-005
-11,737	99,37	-336,26	-7,2626e-005
-13,888	99,464	-344,85	-1,247e-004
-11,597	99,365	-343,66	-1,0015e-004
-11,625	99,366	-341,21	-9,0653e-005
-14,612	99,5	-426,26	-5,8339e-004
-11,623	99,366	-429,6	-5,8514e-004
-12,006	99,381	-426,66	-5,6726e-004
-14,194	99,479	-421,95	-5,5088e-004
-12,356	99,396	-424,49	-5,5474e-004
-13,745	99,458	-349,96	-1,4474e-004
-11,462	99,36	-348,82	-1,2041e-004
-11,522	99,362	-346,21	-1,0998e-004
-13,339	99,439	-417,33	-5,1355e-004
-11,588	99,364	-422,34	-5,3464e-004
-11,164	99,348	-419,52	-5,1242e-004
-13,631	99,452	-354,98	-1,6567e-004
-11,381	99,356	-353,76	-1,4128e-004
-11,395	99,357	-351,37	-1,3084e-004
-13,355	99,44	-412,54	-4,8215e-004
-11,077	99,345	-417,04	-4,9517e-004
-11,027	99,343	-414,42	-4,7739e-004
-13,538	99,448	-359,94	-1,8748e-004
-11,304	99,353	-358,7	-1,6305e-004
-11,335	99,355	-356,24	-1,52e-004
-13,421	99,443	-407,72	-4,5159e-004
-11,13	99,347	-412,11	-4,6292e-004
-11,156	99,348	-409,59	-4,4674e-004
-13,442	99,444	-364,9	-2,1028e-004
-11,221	99,35	-363,66	-1,8591e-004
-11,258	99,352	-361,18	-1,7431e-004
-13,058	99,426	-402,61	-4,167e-004
-11,118	99,346	-407,09	-4,3039e-004
-11,016	99,342	-404,69	-4,1437e-004
-13,344	99,439	-369,87	-2,341e-004
-11,125	99,347	-368,66	-2,0986e-004
-11,172	99,348	-366,14	-1,9763e-004
-12,994	99,423	-396,83	-3,8082e-004
-10,691	99,33	-402,08	-3,9566e-004
-10,399	99,32	-400,15	-3,8147e-004
-10,61	99,327	-397,83	-3,6878e-004
-13,239	99,434	-374,99	-2,5954e-004
-11,043	99,343	-373,62	-2,3468e-004
-11,076	99,345	-371,15	-2,221e-004
-13,259	99,435	-391,15	-3,4926e-004
-10,87	99,337	-394,65	-3,5151e-004
-10,828	99,335	-392,2	-3,3659e-004
-13,335	99,439	-380,53	-2,8999e-004
-11,023	99,343	-379,	-2,6317e-004
-10,986	99,341	-376,26	-2,4812e-004
-13,376	99,441	-386,05	-3,2094e-004
-10,832	99,336	-389,7	-3,2197e-004
-11,027	99,343	-387,24	-3,092e-004
-11,139	99,347	-384,63	-2,9526e-004
-11,176	99,348	-381,91	-2,8033e-004
-11,571	99,364	-273,3	7,3711e-005
-12,436	99,399	-506,94	-1,2086e-003
-10,355	99,318	-506,1	-1,1899e-003
-13,191	99,432	-489,34	-1,0583e-003
-13,076	99,427	-493,75	-1,0952e-003
-10,9	99,338	-492,87	-1,0753e-003
-11,057	99,344	-490,57	-1,0564e-003
-11,124	99,346	-488,36	-1,0381e-003
-11,108	99,346	-485,94	-1,0176e-003
-12,949	99,422	-484,62	-1,0174e-003
-13,075	99,427	-498,27	-1,1343e-003
-10,973	99,341	-497,36	-1,1147e-003
-10,852	99,336	-495,07	-1,094e-003
-13,339	99,439	-502,74	-1,1754e-003
-11,258	99,352	-501,91	-1,1566e-003
-11,019	99,343	-499,68	-1,1354e-003
-11,476	99,36	-504,06	-1,1771e-003
-11,79	99,373	-277,82	6,7315e-005
-10,353	99,318	-281,98	7,5143e-005
-9,1556	99,278	-501,	-1,1373e-003
-8,796	99,267	-496,48	-1,0953e-003
-8,8319	99,268	-491,89	-1,0556e-003
-8,9729	99,273	-487,17	-1,0161e-003
-8,8965	99,27	-482,31	-9,7489e-004
-10,799	99,334	-483,44	-9,9491e-004
-8,8039	99,268	-477,51	-9,3457e-004
-10,739	99,332	-481,	-9,7433e-004
-10,544	99,325	-478,6	-9,5343e-004
-9,1201	99,277	-472,48	-8,9523e-004
-10,512	99,324	-476,23	-9,3383e-004
-10,566	99,326	-474,22	-9,1776e-004
-9,0596	99,275	-467,3	-8,5319e-004
-10,914	99,339	-471,56	-8,983e-004
-10,794	99,334	-468,06	-8,6952e-004
-8,9609	99,272	-462,36	-8,1333e-004
-10,385	99,319	-465,55	-8,4703e-004
-10,365	99,319	-463,82	-8,3326e-004
-8,8642	99,269	-457,53	-7,7491e-004
-10,675	99,33	-461,4	-8,161e-004
-10,548	99,325	-458,37	-7,9166e-004
-8,795	99,267	-452,57	-7,3608e-004
-10,141	99,311	-455,96	-7,7041e-004
-10,163	99,312	-454,21	-7,5706e-004
-9,139	99,278	-447,35	-6,9832e-004
-10,501	99,324	-451,66	-7,3962e-004
-9,0834	99,276	-442,32	-6,6028e-004
-8,8034	99,268	-437,68	-6,2431e-004
-8,7837	99,267	-433,08	-5,9087e-004
-9,3659	99,285	-427,82	-5,5731e-004
-9,3255	99,284	-422,05	-5,1704e-004
-8,8516	99,269	-416,61	-4,7692e-004
-8,8271	99,268	-411,48	-4,427e-004
-8,75	99,266	-406,56	-4,1031e-004
-8,3561	99,255	-402,23	-3,801e-004
-8,2747	99,252	-397,97	-3,5311e-004
-8,4429	99,257	-393,2	-3,253e-004
-8,5955	99,261	-388,28	-2,974e-004
-8,827	99,268	-383,1	-2,6932e-004
-8,8265	99,268	-377,64	-2,3919e-004
-8,8227	99,268	-372,42	-2,1144e-004
-8,903	99,271	-367,42	-1,8645e-004
-8,9865	99,273	-362,42	-1,6246e-004
-9,0538	99,275	-357,48	-1,3968e-004
-9,0978	99,277	-352,62	-1,1798e-004
-9,1706	99,279	-347,63	-9,6902e-005
-9,2581	99,282	-342,58	-7,6689e-005
-9,3337	99,284	-337,65	-5,8027e-005
-9,3927	99,286	-332,59	-3,9719e-005
-9,4493	99,288	-327,57	-2,2697e-005
-9,526	99,29	-322,64	-7,2367e-006
-9,5981	99,293	-317,69	7,1338e-006
-9,6881	99,296	-312,81	2,0104e-005
-9,675	99,295	-307,9	3,2823e-005
-9,7687	99,298	-302,66	4,4203e-005
-9,2555	99,282	-297,22	5,9857e-005
-11,021	99,343	-297,77	4,369e-005
-8,5719	99,261	-292,07	7,484e-005
-10,339	99,318	-293,07	5,8377e-005
-10,352	99,318	-295,07	5,4691e-005
-8,954	99,272	-286,95	8,0062e-005
-10,344	99,318	-288,42	6,6077e-005
-10,325	99,317	-290,62	6,272e-005
-10,74	99,332	-285,76	6,666e-005
-12,446	99,4	-479,72	-9,7392e-004
-12,111	99,386	-289,43	4,8889e-005
-12,104	99,385	-293,61	4,1909e-005
-12,306	99,394	-475,31	-9,3707e-004
-12,098	99,385	-464,58	-8,5e-004
-11,846	99,375	-455,05	-7,742e-004
